split,filename,path,exists,duration_seconds,sample_rate,channels,frames,format,subtype,read_error
train,audio_192.wav,C:\Users\USER\Documents\Python Rep\SHL_Audio\Dataset_Final\train\audio_192.wav,True,60.508375,16000,1,968134,WAV,PCM_16,
train,audio_436.wav,C:\Users\USER\Documents\Python Rep\SHL_Audio\Dataset_Final\train\audio_436.wav,True,60.0746875,16000,1,961195,WAV,PCM_16,
train,audio_447.wav,C:\Users\USER\Documents\Python Rep\SHL_Audio\Dataset_Final\train\audio_447.wav,True,60.0746875,16000,1,961195,WAV,PCM_16,
train,audio_126.wav,C:\Users\USER\Documents\Python Rep\SHL_Audio\Dataset_Final\train\audio_126.wav,True,45.06,16000,1,720960,WAV,PCM_16,
train,audio_61.wav,C:\Users\USER\Documents\Python Rep\SHL_Audio\Dataset_Final\train\audio_61.wav,True,45.3,16000,1,724800,WAV,PCM_16,
train,audio_639.wav,C:\Users\USER\Documents\Python Rep\SHL_Audio\Dataset_Final\train\audio_639.wav,True,60.0746875,16000,1,961195,WAV,PCM_16,
train,audio_703.wav,C:\Users\USER\Documents\Python Rep\SHL_Audio\Dataset_Final\train\audio_703.wav,True,52.16,16000,1,834560,WAV,PCM_16,
train,audio_509.wav,C:\Users\USER\Documents\Python Rep\SHL_Audio\Dataset_Final\train\audio_509.wav,True,60.0746875,16000,1,961195,WAV,PCM_16,
train,audio_672.wav,C:\Users\USER\Documents\Python Rep\SHL_Audio\Dataset_Final\train\audio_672.wav,True,60.0746875,16000,1,961195,WAV,PCM_16,
train,audio_344.wav,C:\Users\USER\Documents\Python Rep\SHL_Audio\Dataset_Final\train\audio_344.wav,True,60.0746875,16000,1,961195,WAV,PCM_16,
train,audio_592.wav,C:\Users\USER\Documents\Python Rep\SHL_Audio\Dataset_Final\train\audio_592.wav,True,60.0746875,16000,1,961195,WAV,PCM_16,
train,audio_705.wav,C:\Users\USER\Documents\Python Rep\SHL_Audio\Dataset_Final\train\audio_705.wav,True,60.0746875,16000,1,961195,WAV,PCM_16,
train,audio_497.wav,C:\Users\USER\Documents\Python Rep\SHL_Audio\Dataset_Final\train\audio_497.wav,True,60.0746875,16000,1,961195,WAV,PCM_16,
train,audio_702.wav,C:\Users\USER\Documents\Python Rep\SHL_Audio\Dataset_Final\train\audio_702.wav,True,60.0746875,16000,1,961195,WAV,PCM_16,
train,audio_598.wav,C:\Users\USER\Documents\Python Rep\SHL_Audio\Dataset_Final\train\audio_598.wav,True,60.0746875,16000,1,961195,WAV,PCM_16,
train,audio_99.wav,C:\Users\USER\Documents\Python Rep\SHL_Audio\Dataset_Final\train\audio_99.wav,True,45.06,16000,1,720960,WAV,PCM_16,
train,audio_194.wav,C:\Users\USER\Documents\Python Rep\SHL_Audio\Dataset_Final\train\audio_194.wav,True,26.53875,16000,1,424620,WAV,PCM_16,
train,audio_5055.wav,C:\Users\USER\Documents\Python Rep\SHL_Audio\Dataset_Final\train\audio_5055.wav,True,60.08,16000,1,961280,WAV,PCM_16,
train,audio_178.wav,C:\Users\USER\Documents\Python Rep\SHL_Audio\Dataset_Final\train\audio_178.wav,True,60.0746875,16000,1,961195,WAV,PCM_16,
train,audio_609.wav,C:\Users\USER\Documents\Python Rep\SHL_Audio\Dataset_Final\train\audio_609.wav,True,45.9733125,16000,1,735573,WAV,PCM_16,
train,audio_77.wav,C:\Users\USER\Documents\Python Rep\SHL_Audio\Dataset_Final\train\audio_77.wav,True,39.96,16000,1,639360,WAV,PCM_16,
train,audio_18.wav,C:\Users\USER\Documents\Python Rep\SHL_Audio\Dataset_Final\train\audio_18.wav,True,45.012,16000,1,720192,WAV,PCM_16,
train,audio_9.wav,C:\Users\USER\Documents\Python Rep\SHL_Audio\Dataset_Final\train\audio_9.wav,True,45.06,16000,1,720960,WAV,PCM_16,
train,audio_138.wav,C:\Users\USER\Documents\Python Rep\SHL_Audio\Dataset_Final\train\audio_138.wav,True,42.96,16000,1,687360,WAV,PCM_16,
train,audio_269.wav,C:\Users\USER\Documents\Python Rep\SHL_Audio\Dataset_Final\train\audio_269.wav,True,60.08,16000,1,961280,WAV,PCM_16,
train,audio_717.wav,C:\Users\USER\Documents\Python Rep\SHL_Audio\Dataset_Final\train\audio_717.wav,True,60.0746875,16000,1,961195,WAV,PCM_16,
train,audio_529.wav,C:\Users\USER\Documents\Python Rep\SHL_Audio\Dataset_Final\train\audio_529.wav,True,60.0746875,16000,1,961195,WAV,PCM_16,
train,audio_578.wav,C:\Users\USER\Documents\Python Rep\SHL_Audio\Dataset_Final\train\audio_578.wav,True,60.0746875,16000,1,961195,WAV,PCM_16,
train,audio_171.wav,C:\Users\USER\Documents\Python Rep\SHL_Audio\Dataset_Final\train\audio_171.wav,True,60.08,16000,1,961280,WAV,PCM_16,
train,audio_596.wav,C:\Users\USER\Documents\Python Rep\SHL_Audio\Dataset_Final\train\audio_596.wav,True,60.0746875,16000,1,961195,WAV,PCM_16,
train,audio_5066.wav,C:\Users\USER\Documents\Python Rep\SHL_Audio\Dataset_Final\train\audio_5066.wav,True,60.0746875,16000,1,961195,WAV,PCM_16,
train,audio_501.wav,C:\Users\USER\Documents\Python Rep\SHL_Audio\Dataset_Final\train\audio_501.wav,True,60.0746875,16000,1,961195,WAV,PCM_16,
train,audio_8.wav,C:\Users\USER\Documents\Python Rep\SHL_Audio\Dataset_Final\train\audio_8.wav,True,45.06,16000,1,720960,WAV,PCM_16,
train,audio_84.wav,C:\Users\USER\Documents\Python Rep\SHL_Audio\Dataset_Final\train\audio_84.wav,True,45.06,16000,1,720960,WAV,PCM_16,
train,audio_11.wav,C:\Users\USER\Documents\Python Rep\SHL_Audio\Dataset_Final\train\audio_11.wav,True,42.66,16000,1,682560,WAV,PCM_16,
train,audio_142.wav,C:\Users\USER\Documents\Python Rep\SHL_Audio\Dataset_Final\train\audio_142.wav,True,60.08,16000,1,961280,WAV,PCM_16,
train,audio_610.wav,C:\Users\USER\Documents\Python Rep\SHL_Audio\Dataset_Final\train\audio_610.wav,True,46.08,16000,1,737280,WAV,PCM_16,
train,audio_654.wav,C:\Users\USER\Documents\Python Rep\SHL_Audio\Dataset_Final\train\audio_654.wav,True,60.0746875,16000,1,961195,WAV,PCM_16,
train,audio_170.wav,C:\Users\USER\Documents\Python Rep\SHL_Audio\Dataset_Final\train\audio_170.wav,True,60.08,16000,1,961280,WAV,PCM_16,
train,audio_255.wav,C:\Users\USER\Documents\Python Rep\SHL_Audio\Dataset_Final\train\audio_255.wav,True,60.08,16000,1,961280,WAV,PCM_16,
train,audio_162.wav,C:\Users\USER\Documents\Python Rep\SHL_Audio\Dataset_Final\train\audio_162.wav,True,60.08,16000,1,961280,WAV,PCM_16,
train,audio_5069.wav,C:\Users\USER\Documents\Python Rep\SHL_Audio\Dataset_Final\train\audio_5069.wav,True,60.0746875,16000,1,961195,WAV,PCM_16,
train,audio_769.wav,C:\Users\USER\Documents\Python Rep\SHL_Audio\Dataset_Final\train\audio_769.wav,True,60.0746875,16000,1,961195,WAV,PCM_16,
train,audio_720.wav,C:\Users\USER\Documents\Python Rep\SHL_Audio\Dataset_Final\train\audio_720.wav,True,60.0106875,16000,1,960171,WAV,PCM_16,
train,audio_623.wav,C:\Users\USER\Documents\Python Rep\SHL_Audio\Dataset_Final\train\audio_623.wav,True,60.0746875,16000,1,961195,WAV,PCM_16,
train,audio_718.wav,C:\Users\USER\Documents\Python Rep\SHL_Audio\Dataset_Final\train\audio_718.wav,True,60.0746875,16000,1,961195,WAV,PCM_16,
train,audio_136.wav,C:\Users\USER\Documents\Python Rep\SHL_Audio\Dataset_Final\train\audio_136.wav,True,45.06,16000,1,720960,WAV,PCM_16,
train,audio_119.wav,C:\Users\USER\Documents\Python Rep\SHL_Audio\Dataset_Final\train\audio_119.wav,True,45.06,16000,1,720960,WAV,PCM_16,
train,audio_542.wav,C:\Users\USER\Documents\Python Rep\SHL_Audio\Dataset_Final\train\audio_542.wav,True,60.0746875,16000,1,961195,WAV,PCM_16,
train,audio_5073.wav,C:\Users\USER\Documents\Python Rep\SHL_Audio\Dataset_Final\train\audio_5073.wav,True,60.0746875,16000,1,961195,WAV,PCM_16,
train,audio_322.wav,C:\Users\USER\Documents\Python Rep\SHL_Audio\Dataset_Final\train\audio_322.wav,True,60.0746875,16000,1,961195,WAV,PCM_16,
train,audio_5039.wav,C:\Users\USER\Documents\Python Rep\SHL_Audio\Dataset_Final\train\audio_5039.wav,True,60.0746875,16000,1,961195,WAV,PCM_16,
train,audio_707.wav,C:\Users\USER\Documents\Python Rep\SHL_Audio\Dataset_Final\train\audio_707.wav,True,60.0746875,16000,1,961195,WAV,PCM_16,
train,audio_148.wav,C:\Users\USER\Documents\Python Rep\SHL_Audio\Dataset_Final\train\audio_148.wav,True,60.08,16000,1,961280,WAV,PCM_16,
train,audio_316.wav,C:\Users\USER\Documents\Python Rep\SHL_Audio\Dataset_Final\train\audio_316.wav,True,60.0746875,16000,1,961195,WAV,PCM_16,
train,audio_647.wav,C:\Users\USER\Documents\Python Rep\SHL_Audio\Dataset_Final\train\audio_647.wav,True,60.0746875,16000,1,961195,WAV,PCM_16,
train,audio_286.wav,C:\Users\USER\Documents\Python Rep\SHL_Audio\Dataset_Final\train\audio_286.wav,True,60.0746875,16000,1,961195,WAV,PCM_16,
train,audio_92.wav,C:\Users\USER\Documents\Python Rep\SHL_Audio\Dataset_Final\train\audio_92.wav,True,41.4,16000,1,662400,WAV,PCM_16,
train,audio_462.wav,C:\Users\USER\Documents\Python Rep\SHL_Audio\Dataset_Final\train\audio_462.wav,True,60.0746875,16000,1,961195,WAV,PCM_16,
train,audio_376.wav,C:\Users\USER\Documents\Python Rep\SHL_Audio\Dataset_Final\train\audio_376.wav,True,45.8453125,16000,1,733525,WAV,PCM_16,
train,audio_76.wav,C:\Users\USER\Documents\Python Rep\SHL_Audio\Dataset_Final\train\audio_76.wav,True,45.06,16000,1,720960,WAV,PCM_16,
train,audio_105.wav,C:\Users\USER\Documents\Python Rep\SHL_Audio\Dataset_Final\train\audio_105.wav,True,45.06,16000,1,720960,WAV,PCM_16,
train,audio_355.wav,C:\Users\USER\Documents\Python Rep\SHL_Audio\Dataset_Final\train\audio_355.wav,True,60.2026875,16000,1,963243,WAV,PCM_16,
train,audio_663.wav,C:\Users\USER\Documents\Python Rep\SHL_Audio\Dataset_Final\train\audio_663.wav,True,60.0746875,16000,1,961195,WAV,PCM_16,
train,audio_767.wav,C:\Users\USER\Documents\Python Rep\SHL_Audio\Dataset_Final\train\audio_767.wav,True,60.0746875,16000,1,961195,WAV,PCM_16,
train,audio_655.wav,C:\Users\USER\Documents\Python Rep\SHL_Audio\Dataset_Final\train\audio_655.wav,True,60.0746875,16000,1,961195,WAV,PCM_16,
train,audio_372.wav,C:\Users\USER\Documents\Python Rep\SHL_Audio\Dataset_Final\train\audio_372.wav,True,60.0106875,16000,1,960171,WAV,PCM_16,
train,audio_667.wav,C:\Users\USER\Documents\Python Rep\SHL_Audio\Dataset_Final\train\audio_667.wav,True,60.0746875,16000,1,961195,WAV,PCM_16,
train,audio_517.wav,C:\Users\USER\Documents\Python Rep\SHL_Audio\Dataset_Final\train\audio_517.wav,True,60.0746875,16000,1,961195,WAV,PCM_16,
train,audio_765.wav,C:\Users\USER\Documents\Python Rep\SHL_Audio\Dataset_Final\train\audio_765.wav,True,60.167,16000,1,962672,WAV,PCM_16,
train,audio_38.wav,C:\Users\USER\Documents\Python Rep\SHL_Audio\Dataset_Final\train\audio_38.wav,True,45.06,16000,1,720960,WAV,PCM_16,
train,audio_371.wav,C:\Users\USER\Documents\Python Rep\SHL_Audio\Dataset_Final\train\audio_371.wav,True,60.0746875,16000,1,961195,WAV,PCM_16,
train,audio_507.wav,C:\Users\USER\Documents\Python Rep\SHL_Audio\Dataset_Final\train\audio_507.wav,True,60.0746875,16000,1,961195,WAV,PCM_16,
train,audio_5056.wav,C:\Users\USER\Documents\Python Rep\SHL_Audio\Dataset_Final\train\audio_5056.wav,True,60.08,16000,1,961280,WAV,PCM_16,
train,audio_282.wav,C:\Users\USER\Documents\Python Rep\SHL_Audio\Dataset_Final\train\audio_282.wav,True,60.0746875,16000,1,961195,WAV,PCM_16,
train,audio_459.wav,C:\Users\USER\Documents\Python Rep\SHL_Audio\Dataset_Final\train\audio_459.wav,True,60.0746875,16000,1,961195,WAV,PCM_16,
train,audio_303.wav,C:\Users\USER\Documents\Python Rep\SHL_Audio\Dataset_Final\train\audio_303.wav,True,60.0746875,16000,1,961195,WAV,PCM_16,
train,audio_297.wav,C:\Users\USER\Documents\Python Rep\SHL_Audio\Dataset_Final\train\audio_297.wav,True,43.7546875,16000,1,700075,WAV,PCM_16,
train,audio_432.wav,C:\Users\USER\Documents\Python Rep\SHL_Audio\Dataset_Final\train\audio_432.wav,True,60.0746875,16000,1,961195,WAV,PCM_16,
train,audio_454.wav,C:\Users\USER\Documents\Python Rep\SHL_Audio\Dataset_Final\train\audio_454.wav,True,60.0746875,16000,1,961195,WAV,PCM_16,
train,audio_482.wav,C:\Users\USER\Documents\Python Rep\SHL_Audio\Dataset_Final\train\audio_482.wav,True,60.0746875,16000,1,961195,WAV,PCM_16,
train,audio_484.wav,C:\Users\USER\Documents\Python Rep\SHL_Audio\Dataset_Final\train\audio_484.wav,True,54.2506875,16000,1,868011,WAV,PCM_16,
train,audio_757.wav,C:\Users\USER\Documents\Python Rep\SHL_Audio\Dataset_Final\train\audio_757.wav,True,60.0746875,16000,1,961195,WAV,PCM_16,
train,audio_773.wav,C:\Users\USER\Documents\Python Rep\SHL_Audio\Dataset_Final\train\audio_773.wav,True,60.0746875,16000,1,961195,WAV,PCM_16,
train,audio_668.wav,C:\Users\USER\Documents\Python Rep\SHL_Audio\Dataset_Final\train\audio_668.wav,True,60.0746875,16000,1,961195,WAV,PCM_16,
train,audio_240.wav,C:\Users\USER\Documents\Python Rep\SHL_Audio\Dataset_Final\train\audio_240.wav,True,60.08,16000,1,961280,WAV,PCM_16,
train,audio_163.wav,C:\Users\USER\Documents\Python Rep\SHL_Audio\Dataset_Final\train\audio_163.wav,True,60.0746875,16000,1,961195,WAV,PCM_16,
train,audio_659.wav,C:\Users\USER\Documents\Python Rep\SHL_Audio\Dataset_Final\train\audio_659.wav,True,60.0746875,16000,1,961195,WAV,PCM_16,
train,audio_532.wav,C:\Users\USER\Documents\Python Rep\SHL_Audio\Dataset_Final\train\audio_532.wav,True,60.0746875,16000,1,961195,WAV,PCM_16,
train,audio_464.wav,C:\Users\USER\Documents\Python Rep\SHL_Audio\Dataset_Final\train\audio_464.wav,True,60.0746875,16000,1,961195,WAV,PCM_16,
train,audio_5.wav,C:\Users\USER\Documents\Python Rep\SHL_Audio\Dataset_Final\train\audio_5.wav,True,45.06,16000,1,720960,WAV,PCM_16,
train,audio_231.wav,C:\Users\USER\Documents\Python Rep\SHL_Audio\Dataset_Final\train\audio_231.wav,True,60.02,16000,1,960320,WAV,PCM_16,
train,audio_384.wav,C:\Users\USER\Documents\Python Rep\SHL_Audio\Dataset_Final\train\audio_384.wav,True,60.0106875,16000,1,960171,WAV,PCM_16,
train,audio_54.wav,C:\Users\USER\Documents\Python Rep\SHL_Audio\Dataset_Final\train\audio_54.wav,True,36.42,16000,1,582720,WAV,PCM_16,
train,audio_656.wav,C:\Users\USER\Documents\Python Rep\SHL_Audio\Dataset_Final\train\audio_656.wav,True,60.0746875,16000,1,961195,WAV,PCM_16,
train,audio_444.wav,C:\Users\USER\Documents\Python Rep\SHL_Audio\Dataset_Final\train\audio_444.wav,True,60.0746875,16000,1,961195,WAV,PCM_16,
train,audio_5062.wav,C:\Users\USER\Documents\Python Rep\SHL_Audio\Dataset_Final\train\audio_5062.wav,True,61.0346875,16000,1,976555,WAV,PCM_16,
train,audio_312.wav,C:\Users\USER\Documents\Python Rep\SHL_Audio\Dataset_Final\train\audio_312.wav,True,60.0746875,16000,1,961195,WAV,PCM_16,
train,audio_120.wav,C:\Users\USER\Documents\Python Rep\SHL_Audio\Dataset_Final\train\audio_120.wav,True,45.0,16000,1,720000,WAV,PCM_16,
train,audio_446.wav,C:\Users\USER\Documents\Python Rep\SHL_Audio\Dataset_Final\train\audio_446.wav,True,50.7093125,16000,1,811349,WAV,PCM_16,
train,audio_546.wav,C:\Users\USER\Documents\Python Rep\SHL_Audio\Dataset_Final\train\audio_546.wav,True,60.0746875,16000,1,961195,WAV,PCM_16,
train,audio_430.wav,C:\Users\USER\Documents\Python Rep\SHL_Audio\Dataset_Final\train\audio_430.wav,True,60.0746875,16000,1,961195,WAV,PCM_16,
train,audio_179.wav,C:\Users\USER\Documents\Python Rep\SHL_Audio\Dataset_Final\train\audio_179.wav,True,60.0746875,16000,1,961195,WAV,PCM_16,
train,audio_674.wav,C:\Users\USER\Documents\Python Rep\SHL_Audio\Dataset_Final\train\audio_674.wav,True,60.0746875,16000,1,961195,WAV,PCM_16,
train,audio_737.wav,C:\Users\USER\Documents\Python Rep\SHL_Audio\Dataset_Final\train\audio_737.wav,True,60.0746875,16000,1,961195,WAV,PCM_16,
train,audio_669.wav,C:\Users\USER\Documents\Python Rep\SHL_Audio\Dataset_Final\train\audio_669.wav,True,60.0746875,16000,1,961195,WAV,PCM_16,
train,audio_540.wav,C:\Users\USER\Documents\Python Rep\SHL_Audio\Dataset_Final\train\audio_540.wav,True,60.0746875,16000,1,961195,WAV,PCM_16,
train,audio_692.wav,C:\Users\USER\Documents\Python Rep\SHL_Audio\Dataset_Final\train\audio_692.wav,True,44.7786875,16000,1,716459,WAV,PCM_16,
train,audio_572.wav,C:\Users\USER\Documents\Python Rep\SHL_Audio\Dataset_Final\train\audio_572.wav,True,54.848,16000,1,877568,WAV,PCM_16,
train,audio_479.wav,C:\Users\USER\Documents\Python Rep\SHL_Audio\Dataset_Final\train\audio_479.wav,True,60.615,16000,1,969840,WAV,PCM_16,
train,audio_419.wav,C:\Users\USER\Documents\Python Rep\SHL_Audio\Dataset_Final\train\audio_419.wav,True,60.7003125,16000,1,971205,WAV,PCM_16,
train,audio_5037.wav,C:\Users\USER\Documents\Python Rep\SHL_Audio\Dataset_Final\train\audio_5037.wav,True,45.06,16000,1,720960,WAV,PCM_16,
train,audio_433.wav,C:\Users\USER\Documents\Python Rep\SHL_Audio\Dataset_Final\train\audio_433.wav,True,60.0746875,16000,1,961195,WAV,PCM_16,
train,audio_405.wav,C:\Users\USER\Documents\Python Rep\SHL_Audio\Dataset_Final\train\audio_405.wav,True,60.0746875,16000,1,961195,WAV,PCM_16,
train,audio_267.wav,C:\Users\USER\Documents\Python Rep\SHL_Audio\Dataset_Final\train\audio_267.wav,True,60.08,16000,1,961280,WAV,PCM_16,
train,audio_358.wav,C:\Users\USER\Documents\Python Rep\SHL_Audio\Dataset_Final\train\audio_358.wav,True,60.0746875,16000,1,961195,WAV,PCM_16,
train,audio_331.wav,C:\Users\USER\Documents\Python Rep\SHL_Audio\Dataset_Final\train\audio_331.wav,True,60.0106875,16000,1,960171,WAV,PCM_16,
train,audio_487.wav,C:\Users\USER\Documents\Python Rep\SHL_Audio\Dataset_Final\train\audio_487.wav,True,60.0746875,16000,1,961195,WAV,PCM_16,
train,audio_494.wav,C:\Users\USER\Documents\Python Rep\SHL_Audio\Dataset_Final\train\audio_494.wav,True,60.0746875,16000,1,961195,WAV,PCM_16,
train,audio_536.wav,C:\Users\USER\Documents\Python Rep\SHL_Audio\Dataset_Final\train\audio_536.wav,True,54.1866875,16000,1,866987,WAV,PCM_16,
train,audio_634.wav,C:\Users\USER\Documents\Python Rep\SHL_Audio\Dataset_Final\train\audio_634.wav,True,60.0746875,16000,1,961195,WAV,PCM_16,
train,audio_317.wav,C:\Users\USER\Documents\Python Rep\SHL_Audio\Dataset_Final\train\audio_317.wav,True,60.0746875,16000,1,961195,WAV,PCM_16,
train,audio_5054.wav,C:\Users\USER\Documents\Python Rep\SHL_Audio\Dataset_Final\train\audio_5054.wav,True,58.6666875,16000,1,938667,WAV,PCM_16,
train,audio_723.wav,C:\Users\USER\Documents\Python Rep\SHL_Audio\Dataset_Final\train\audio_723.wav,True,60.0746875,16000,1,961195,WAV,PCM_16,
train,audio_155.wav,C:\Users\USER\Documents\Python Rep\SHL_Audio\Dataset_Final\train\audio_155.wav,True,60.08,16000,1,961280,WAV,PCM_16,
train,audio_410.wav,C:\Users\USER\Documents\Python Rep\SHL_Audio\Dataset_Final\train\audio_410.wav,True,46.208,16000,1,739328,WAV,PCM_16,
train,audio_251.wav,C:\Users\USER\Documents\Python Rep\SHL_Audio\Dataset_Final\train\audio_251.wav,True,20.06,16000,1,320960,WAV,PCM_16,
train,audio_779.wav,C:\Users\USER\Documents\Python Rep\SHL_Audio\Dataset_Final\train\audio_779.wav,True,60.0746875,16000,1,961195,WAV,PCM_16,
train,audio_382.wav,C:\Users\USER\Documents\Python Rep\SHL_Audio\Dataset_Final\train\audio_382.wav,True,60.0746875,16000,1,961195,WAV,PCM_16,
train,audio_559.wav,C:\Users\USER\Documents\Python Rep\SHL_Audio\Dataset_Final\train\audio_559.wav,True,60.0746875,16000,1,961195,WAV,PCM_16,
train,audio_161.wav,C:\Users\USER\Documents\Python Rep\SHL_Audio\Dataset_Final\train\audio_161.wav,True,60.08,16000,1,961280,WAV,PCM_16,
train,audio_535.wav,C:\Users\USER\Documents\Python Rep\SHL_Audio\Dataset_Final\train\audio_535.wav,True,60.0746875,16000,1,961195,WAV,PCM_16,
train,audio_363.wav,C:\Users\USER\Documents\Python Rep\SHL_Audio\Dataset_Final\train\audio_363.wav,True,44.1173125,16000,1,705877,WAV,PCM_16,
train,audio_5057.wav,C:\Users\USER\Documents\Python Rep\SHL_Audio\Dataset_Final\train\audio_5057.wav,True,60.0746875,16000,1,961195,WAV,PCM_16,
train,audio_660.wav,C:\Users\USER\Documents\Python Rep\SHL_Audio\Dataset_Final\train\audio_660.wav,True,60.0746875,16000,1,961195,WAV,PCM_16,
train,audio_293.wav,C:\Users\USER\Documents\Python Rep\SHL_Audio\Dataset_Final\train\audio_293.wav,True,60.0746875,16000,1,961195,WAV,PCM_16,
train,audio_74.wav,C:\Users\USER\Documents\Python Rep\SHL_Audio\Dataset_Final\train\audio_74.wav,True,45.06,16000,1,720960,WAV,PCM_16,
train,audio_215.wav,C:\Users\USER\Documents\Python Rep\SHL_Audio\Dataset_Final\train\audio_215.wav,True,60.07475,16000,1,961196,WAV,PCM_16,
train,audio_228.wav,C:\Users\USER\Documents\Python Rep\SHL_Audio\Dataset_Final\train\audio_228.wav,True,60.231,16000,1,963696,WAV,PCM_16,
train,audio_602.wav,C:\Users\USER\Documents\Python Rep\SHL_Audio\Dataset_Final\train\audio_602.wav,True,60.0106875,16000,1,960171,WAV,PCM_16,
train,audio_396.wav,C:\Users\USER\Documents\Python Rep\SHL_Audio\Dataset_Final\train\audio_396.wav,True,60.0746875,16000,1,961195,WAV,PCM_16,
train,audio_576.wav,C:\Users\USER\Documents\Python Rep\SHL_Audio\Dataset_Final\train\audio_576.wav,True,60.0746875,16000,1,961195,WAV,PCM_16,
train,audio_5040.wav,C:\Users\USER\Documents\Python Rep\SHL_Audio\Dataset_Final\train\audio_5040.wav,True,60.0746875,16000,1,961195,WAV,PCM_16,
train,audio_198.wav,C:\Users\USER\Documents\Python Rep\SHL_Audio\Dataset_Final\train\audio_198.wav,True,60.01075,16000,1,960172,WAV,PCM_16,
train,audio_600.wav,C:\Users\USER\Documents\Python Rep\SHL_Audio\Dataset_Final\train\audio_600.wav,True,60.0746875,16000,1,961195,WAV,PCM_16,
train,audio_710.wav,C:\Users\USER\Documents\Python Rep\SHL_Audio\Dataset_Final\train\audio_710.wav,True,60.0746875,16000,1,961195,WAV,PCM_16,
train,audio_246.wav,C:\Users\USER\Documents\Python Rep\SHL_Audio\Dataset_Final\train\audio_246.wav,True,60.08,16000,1,961280,WAV,PCM_16,
train,audio_490.wav,C:\Users\USER\Documents\Python Rep\SHL_Audio\Dataset_Final\train\audio_490.wav,True,60.0746875,16000,1,961195,WAV,PCM_16,
train,audio_657.wav,C:\Users\USER\Documents\Python Rep\SHL_Audio\Dataset_Final\train\audio_657.wav,True,60.0746875,16000,1,961195,WAV,PCM_16,
train,audio_688.wav,C:\Users\USER\Documents\Python Rep\SHL_Audio\Dataset_Final\train\audio_688.wav,True,61.0346875,16000,1,976555,WAV,PCM_16,
train,audio_698.wav,C:\Users\USER\Documents\Python Rep\SHL_Audio\Dataset_Final\train\audio_698.wav,True,60.0746875,16000,1,961195,WAV,PCM_16,
train,audio_499.wav,C:\Users\USER\Documents\Python Rep\SHL_Audio\Dataset_Final\train\audio_499.wav,True,60.0746875,16000,1,961195,WAV,PCM_16,
train,audio_463.wav,C:\Users\USER\Documents\Python Rep\SHL_Audio\Dataset_Final\train\audio_463.wav,True,60.0746875,16000,1,961195,WAV,PCM_16,
train,audio_604.wav,C:\Users\USER\Documents\Python Rep\SHL_Audio\Dataset_Final\train\audio_604.wav,True,60.0746875,16000,1,961195,WAV,PCM_16,
train,audio_97.wav,C:\Users\USER\Documents\Python Rep\SHL_Audio\Dataset_Final\train\audio_97.wav,True,45.06,16000,1,720960,WAV,PCM_16,
train,audio_234.wav,C:\Users\USER\Documents\Python Rep\SHL_Audio\Dataset_Final\train\audio_234.wav,True,60.08,16000,1,961280,WAV,PCM_16,
train,audio_782.wav,C:\Users\USER\Documents\Python Rep\SHL_Audio\Dataset_Final\train\audio_782.wav,True,60.7003125,16000,1,971205,WAV,PCM_16,
train,audio_758.wav,C:\Users\USER\Documents\Python Rep\SHL_Audio\Dataset_Final\train\audio_758.wav,True,55.6373125,16000,1,890197,WAV,PCM_16,
train,audio_727.wav,C:\Users\USER\Documents\Python Rep\SHL_Audio\Dataset_Final\train\audio_727.wav,True,60.0746875,16000,1,961195,WAV,PCM_16,
train,audio_643.wav,C:\Users\USER\Documents\Python Rep\SHL_Audio\Dataset_Final\train\audio_643.wav,True,60.0746875,16000,1,961195,WAV,PCM_16,
train,audio_261.wav,C:\Users\USER\Documents\Python Rep\SHL_Audio\Dataset_Final\train\audio_261.wav,True,60.02,16000,1,960320,WAV,PCM_16,
train,audio_205.wav,C:\Users\USER\Documents\Python Rep\SHL_Audio\Dataset_Final\train\audio_205.wav,True,60.07475,16000,1,961196,WAV,PCM_16,
train,audio_128.wav,C:\Users\USER\Documents\Python Rep\SHL_Audio\Dataset_Final\train\audio_128.wav,True,45.06,16000,1,720960,WAV,PCM_16,
train,audio_650.wav,C:\Users\USER\Documents\Python Rep\SHL_Audio\Dataset_Final\train\audio_650.wav,True,61.0346875,16000,1,976555,WAV,PCM_16,
train,audio_35.wav,C:\Users\USER\Documents\Python Rep\SHL_Audio\Dataset_Final\train\audio_35.wav,True,45.06,16000,1,720960,WAV,PCM_16,
train,audio_141.wav,C:\Users\USER\Documents\Python Rep\SHL_Audio\Dataset_Final\train\audio_141.wav,True,60.08,16000,1,961280,WAV,PCM_16,
train,audio_260.wav,C:\Users\USER\Documents\Python Rep\SHL_Audio\Dataset_Final\train\audio_260.wav,True,60.08,16000,1,961280,WAV,PCM_16,
train,audio_722.wav,C:\Users\USER\Documents\Python Rep\SHL_Audio\Dataset_Final\train\audio_722.wav,True,60.0106875,16000,1,960171,WAV,PCM_16,
train,audio_5047.wav,C:\Users\USER\Documents\Python Rep\SHL_Audio\Dataset_Final\train\audio_5047.wav,True,58.624,16000,1,937984,WAV,PCM_16,
train,audio_324.wav,C:\Users\USER\Documents\Python Rep\SHL_Audio\Dataset_Final\train\audio_324.wav,True,60.0746875,16000,1,961195,WAV,PCM_16,
train,audio_279.wav,C:\Users\USER\Documents\Python Rep\SHL_Audio\Dataset_Final\train\audio_279.wav,True,60.0746875,16000,1,961195,WAV,PCM_16,
train,audio_450.wav,C:\Users\USER\Documents\Python Rep\SHL_Audio\Dataset_Final\train\audio_450.wav,True,49.6213125,16000,1,793941,WAV,PCM_16,
train,audio_32.wav,C:\Users\USER\Documents\Python Rep\SHL_Audio\Dataset_Final\train\audio_32.wav,True,43.14,16000,1,690240,WAV,PCM_16,
train,audio_254.wav,C:\Users\USER\Documents\Python Rep\SHL_Audio\Dataset_Final\train\audio_254.wav,True,60.08,16000,1,961280,WAV,PCM_16,
train,audio_544.wav,C:\Users\USER\Documents\Python Rep\SHL_Audio\Dataset_Final\train\audio_544.wav,True,60.0746875,16000,1,961195,WAV,PCM_16,
train,audio_176.wav,C:\Users\USER\Documents\Python Rep\SHL_Audio\Dataset_Final\train\audio_176.wav,True,60.02,16000,1,960320,WAV,PCM_16,
train,audio_301.wav,C:\Users\USER\Documents\Python Rep\SHL_Audio\Dataset_Final\train\audio_301.wav,True,60.0746875,16000,1,961195,WAV,PCM_16,
train,audio_213.wav,C:\Users\USER\Documents\Python Rep\SHL_Audio\Dataset_Final\train\audio_213.wav,True,60.07475,16000,1,961196,WAV,PCM_16,
train,audio_295.wav,C:\Users\USER\Documents\Python Rep\SHL_Audio\Dataset_Final\train\audio_295.wav,True,60.0746875,16000,1,961195,WAV,PCM_16,
train,audio_40.wav,C:\Users\USER\Documents\Python Rep\SHL_Audio\Dataset_Final\train\audio_40.wav,True,45.06,16000,1,720960,WAV,PCM_16,
train,audio_496.wav,C:\Users\USER\Documents\Python Rep\SHL_Audio\Dataset_Final\train\audio_496.wav,True,60.0746875,16000,1,961195,WAV,PCM_16,
train,audio_45.wav,C:\Users\USER\Documents\Python Rep\SHL_Audio\Dataset_Final\train\audio_45.wav,True,38.88,16000,1,622080,WAV,PCM_16,
train,audio_146.wav,C:\Users\USER\Documents\Python Rep\SHL_Audio\Dataset_Final\train\audio_146.wav,True,60.08,16000,1,961280,WAV,PCM_16,
train,audio_415.wav,C:\Users\USER\Documents\Python Rep\SHL_Audio\Dataset_Final\train\audio_415.wav,True,43.9893125,16000,1,703829,WAV,PCM_16,
train,audio_595.wav,C:\Users\USER\Documents\Python Rep\SHL_Audio\Dataset_Final\train\audio_595.wav,True,60.0746875,16000,1,961195,WAV,PCM_16,
train,audio_783.wav,C:\Users\USER\Documents\Python Rep\SHL_Audio\Dataset_Final\train\audio_783.wav,True,60.0106875,16000,1,960171,WAV,PCM_16,
train,audio_673.wav,C:\Users\USER\Documents\Python Rep\SHL_Audio\Dataset_Final\train\audio_673.wav,True,60.0746875,16000,1,961195,WAV,PCM_16,
train,audio_48.wav,C:\Users\USER\Documents\Python Rep\SHL_Audio\Dataset_Final\train\audio_48.wav,True,45.06,16000,1,720960,WAV,PCM_16,
train,audio_777.wav,C:\Users\USER\Documents\Python Rep\SHL_Audio\Dataset_Final\train\audio_777.wav,True,60.0746875,16000,1,961195,WAV,PCM_16,
train,audio_330.wav,C:\Users\USER\Documents\Python Rep\SHL_Audio\Dataset_Final\train\audio_330.wav,True,60.1813125,16000,1,962901,WAV,PCM_16,
train,audio_200.wav,C:\Users\USER\Documents\Python Rep\SHL_Audio\Dataset_Final\train\audio_200.wav,True,60.07475,16000,1,961196,WAV,PCM_16,
train,audio_259.wav,C:\Users\USER\Documents\Python Rep\SHL_Audio\Dataset_Final\train\audio_259.wav,True,60.08,16000,1,961280,WAV,PCM_16,
train,audio_721.wav,C:\Users\USER\Documents\Python Rep\SHL_Audio\Dataset_Final\train\audio_721.wav,True,60.0746875,16000,1,961195,WAV,PCM_16,
train,audio_223.wav,C:\Users\USER\Documents\Python Rep\SHL_Audio\Dataset_Final\train\audio_223.wav,True,57.96275,16000,1,927404,WAV,PCM_16,
train,audio_175.wav,C:\Users\USER\Documents\Python Rep\SHL_Audio\Dataset_Final\train\audio_175.wav,True,60.08,16000,1,961280,WAV,PCM_16,
train,audio_400.wav,C:\Users\USER\Documents\Python Rep\SHL_Audio\Dataset_Final\train\audio_400.wav,True,34.3253125,16000,1,549205,WAV,PCM_16,
train,audio_506.wav,C:\Users\USER\Documents\Python Rep\SHL_Audio\Dataset_Final\train\audio_506.wav,True,60.0746875,16000,1,961195,WAV,PCM_16,
train,audio_153.wav,C:\Users\USER\Documents\Python Rep\SHL_Audio\Dataset_Final\train\audio_153.wav,True,60.0746875,16000,1,961195,WAV,PCM_16,
train,audio_5050.wav,C:\Users\USER\Documents\Python Rep\SHL_Audio\Dataset_Final\train\audio_5050.wav,True,60.0746875,16000,1,961195,WAV,PCM_16,
train,audio_281.wav,C:\Users\USER\Documents\Python Rep\SHL_Audio\Dataset_Final\train\audio_281.wav,True,60.0746875,16000,1,961195,WAV,PCM_16,
train,audio_543.wav,C:\Users\USER\Documents\Python Rep\SHL_Audio\Dataset_Final\train\audio_543.wav,True,60.0746875,16000,1,961195,WAV,PCM_16,
train,audio_445.wav,C:\Users\USER\Documents\Python Rep\SHL_Audio\Dataset_Final\train\audio_445.wav,True,60.0746875,16000,1,961195,WAV,PCM_16,
train,audio_124.wav,C:\Users\USER\Documents\Python Rep\SHL_Audio\Dataset_Final\train\audio_124.wav,True,45.0,16000,1,720000,WAV,PCM_16,
train,audio_249.wav,C:\Users\USER\Documents\Python Rep\SHL_Audio\Dataset_Final\train\audio_249.wav,True,20.84,16000,1,333440,WAV,PCM_16,
train,audio_420.wav,C:\Users\USER\Documents\Python Rep\SHL_Audio\Dataset_Final\train\audio_420.wav,True,60.0746875,16000,1,961195,WAV,PCM_16,
train,audio_203.wav,C:\Users\USER\Documents\Python Rep\SHL_Audio\Dataset_Final\train\audio_203.wav,True,60.07475,16000,1,961196,WAV,PCM_16,
train,audio_278.wav,C:\Users\USER\Documents\Python Rep\SHL_Audio\Dataset_Final\train\audio_278.wav,True,40.8746875,16000,1,653995,WAV,PCM_16,
train,audio_516.wav,C:\Users\USER\Documents\Python Rep\SHL_Audio\Dataset_Final\train\audio_516.wav,True,60.0746875,16000,1,961195,WAV,PCM_16,
train,audio_326.wav,C:\Users\USER\Documents\Python Rep\SHL_Audio\Dataset_Final\train\audio_326.wav,True,25.344,16000,1,405504,WAV,PCM_16,
train,audio_603.wav,C:\Users\USER\Documents\Python Rep\SHL_Audio\Dataset_Final\train\audio_603.wav,True,60.0746875,16000,1,961195,WAV,PCM_16,
train,audio_199.wav,C:\Users\USER\Documents\Python Rep\SHL_Audio\Dataset_Final\train\audio_199.wav,True,60.07475,16000,1,961196,WAV,PCM_16,
train,audio_406.wav,C:\Users\USER\Documents\Python Rep\SHL_Audio\Dataset_Final\train\audio_406.wav,True,55.6373125,16000,1,890197,WAV,PCM_16,
train,audio_538.wav,C:\Users\USER\Documents\Python Rep\SHL_Audio\Dataset_Final\train\audio_538.wav,True,60.0746875,16000,1,961195,WAV,PCM_16,
train,audio_631.wav,C:\Users\USER\Documents\Python Rep\SHL_Audio\Dataset_Final\train\audio_631.wav,True,54.3786875,16000,1,870059,WAV,PCM_16,
train,audio_5061.wav,C:\Users\USER\Documents\Python Rep\SHL_Audio\Dataset_Final\train\audio_5061.wav,True,60.0746875,16000,1,961195,WAV,PCM_16,
train,audio_196.wav,C:\Users\USER\Documents\Python Rep\SHL_Audio\Dataset_Final\train\audio_196.wav,True,26.47475,16000,1,423596,WAV,PCM_16,
train,audio_756.wav,C:\Users\USER\Documents\Python Rep\SHL_Audio\Dataset_Final\train\audio_756.wav,True,60.0746875,16000,1,961195,WAV,PCM_16,
train,audio_649.wav,C:\Users\USER\Documents\Python Rep\SHL_Audio\Dataset_Final\train\audio_649.wav,True,61.0346875,16000,1,976555,WAV,PCM_16,
train,audio_27.wav,C:\Users\USER\Documents\Python Rep\SHL_Audio\Dataset_Final\train\audio_27.wav,True,45.0,16000,1,720000,WAV,PCM_16,
train,audio_681.wav,C:\Users\USER\Documents\Python Rep\SHL_Audio\Dataset_Final\train\audio_681.wav,True,60.0746875,16000,1,961195,WAV,PCM_16,
train,audio_556.wav,C:\Users\USER\Documents\Python Rep\SHL_Audio\Dataset_Final\train\audio_556.wav,True,60.0746875,16000,1,961195,WAV,PCM_16,
train,audio_185.wav,C:\Users\USER\Documents\Python Rep\SHL_Audio\Dataset_Final\train\audio_185.wav,True,60.07475,16000,1,961196,WAV,PCM_16,
train,audio_369.wav,C:\Users\USER\Documents\Python Rep\SHL_Audio\Dataset_Final\train\audio_369.wav,True,60.0106875,16000,1,960171,WAV,PCM_16,
train,audio_241.wav,C:\Users\USER\Documents\Python Rep\SHL_Audio\Dataset_Final\train\audio_241.wav,True,60.08,16000,1,961280,WAV,PCM_16,
train,audio_98.wav,C:\Users\USER\Documents\Python Rep\SHL_Audio\Dataset_Final\train\audio_98.wav,True,45.06,16000,1,720960,WAV,PCM_16,
train,audio_389.wav,C:\Users\USER\Documents\Python Rep\SHL_Audio\Dataset_Final\train\audio_389.wav,True,60.0746875,16000,1,961195,WAV,PCM_16,
train,audio_357.wav,C:\Users\USER\Documents\Python Rep\SHL_Audio\Dataset_Final\train\audio_357.wav,True,60.0746875,16000,1,961195,WAV,PCM_16,
train,audio_112.wav,C:\Users\USER\Documents\Python Rep\SHL_Audio\Dataset_Final\train\audio_112.wav,True,45.06,16000,1,720960,WAV,PCM_16,
train,audio_675.wav,C:\Users\USER\Documents\Python Rep\SHL_Audio\Dataset_Final\train\audio_675.wav,True,60.0746875,16000,1,961195,WAV,PCM_16,
train,audio_113.wav,C:\Users\USER\Documents\Python Rep\SHL_Audio\Dataset_Final\train\audio_113.wav,True,45.06,16000,1,720960,WAV,PCM_16,
train,audio_483.wav,C:\Users\USER\Documents\Python Rep\SHL_Audio\Dataset_Final\train\audio_483.wav,True,60.0746875,16000,1,961195,WAV,PCM_16,
train,audio_474.wav,C:\Users\USER\Documents\Python Rep\SHL_Audio\Dataset_Final\train\audio_474.wav,True,60.0746875,16000,1,961195,WAV,PCM_16,
train,audio_725.wav,C:\Users\USER\Documents\Python Rep\SHL_Audio\Dataset_Final\train\audio_725.wav,True,58.9226875,16000,1,942763,WAV,PCM_16,
train,audio_774.wav,C:\Users\USER\Documents\Python Rep\SHL_Audio\Dataset_Final\train\audio_774.wav,True,60.0746875,16000,1,961195,WAV,PCM_16,
train,audio_588.wav,C:\Users\USER\Documents\Python Rep\SHL_Audio\Dataset_Final\train\audio_588.wav,True,60.0746875,16000,1,961195,WAV,PCM_16,
train,audio_395.wav,C:\Users\USER\Documents\Python Rep\SHL_Audio\Dataset_Final\train\audio_395.wav,True,60.0746875,16000,1,961195,WAV,PCM_16,
train,audio_210.wav,C:\Users\USER\Documents\Python Rep\SHL_Audio\Dataset_Final\train\audio_210.wav,True,60.07475,16000,1,961196,WAV,PCM_16,
train,audio_309.wav,C:\Users\USER\Documents\Python Rep\SHL_Audio\Dataset_Final\train\audio_309.wav,True,61.0346875,16000,1,976555,WAV,PCM_16,
train,audio_457.wav,C:\Users\USER\Documents\Python Rep\SHL_Audio\Dataset_Final\train\audio_457.wav,True,60.0746875,16000,1,961195,WAV,PCM_16,
train,audio_492.wav,C:\Users\USER\Documents\Python Rep\SHL_Audio\Dataset_Final\train\audio_492.wav,True,60.0746875,16000,1,961195,WAV,PCM_16,
train,audio_738.wav,C:\Users\USER\Documents\Python Rep\SHL_Audio\Dataset_Final\train\audio_738.wav,True,61.0346875,16000,1,976555,WAV,PCM_16,
train,audio_305.wav,C:\Users\USER\Documents\Python Rep\SHL_Audio\Dataset_Final\train\audio_305.wav,True,60.0746875,16000,1,961195,WAV,PCM_16,
train,audio_123.wav,C:\Users\USER\Documents\Python Rep\SHL_Audio\Dataset_Final\train\audio_123.wav,True,45.06,16000,1,720960,WAV,PCM_16,
train,audio_5053.wav,C:\Users\USER\Documents\Python Rep\SHL_Audio\Dataset_Final\train\audio_5053.wav,True,60.08,16000,1,961280,WAV,PCM_16,
train,audio_89.wav,C:\Users\USER\Documents\Python Rep\SHL_Audio\Dataset_Final\train\audio_89.wav,True,42.54,16000,1,680640,WAV,PCM_16,
train,audio_747.wav,C:\Users\USER\Documents\Python Rep\SHL_Audio\Dataset_Final\train\audio_747.wav,True,60.0746875,16000,1,961195,WAV,PCM_16,
train,audio_115.wav,C:\Users\USER\Documents\Python Rep\SHL_Audio\Dataset_Final\train\audio_115.wav,True,45.06,16000,1,720960,WAV,PCM_16,
train,audio_235.wav,C:\Users\USER\Documents\Python Rep\SHL_Audio\Dataset_Final\train\audio_235.wav,True,60.04,16000,1,960640,WAV,PCM_16,
train,audio_414.wav,C:\Users\USER\Documents\Python Rep\SHL_Audio\Dataset_Final\train\audio_414.wav,True,60.0746875,16000,1,961195,WAV,PCM_16,
train,audio_56.wav,C:\Users\USER\Documents\Python Rep\SHL_Audio\Dataset_Final\train\audio_56.wav,True,45.06,16000,1,720960,WAV,PCM_16,
train,audio_43.wav,C:\Users\USER\Documents\Python Rep\SHL_Audio\Dataset_Final\train\audio_43.wav,True,45.12,16000,1,721920,WAV,PCM_16,
train,audio_394.wav,C:\Users\USER\Documents\Python Rep\SHL_Audio\Dataset_Final\train\audio_394.wav,True,60.0746875,16000,1,961195,WAV,PCM_16,
train,audio_423.wav,C:\Users\USER\Documents\Python Rep\SHL_Audio\Dataset_Final\train\audio_423.wav,True,60.0746875,16000,1,961195,WAV,PCM_16,
train,audio_579.wav,C:\Users\USER\Documents\Python Rep\SHL_Audio\Dataset_Final\train\audio_579.wav,True,60.0106875,16000,1,960171,WAV,PCM_16,
train,audio_172.wav,C:\Users\USER\Documents\Python Rep\SHL_Audio\Dataset_Final\train\audio_172.wav,True,60.0746875,16000,1,961195,WAV,PCM_16,
train,audio_144.wav,C:\Users\USER\Documents\Python Rep\SHL_Audio\Dataset_Final\train\audio_144.wav,True,60.08,16000,1,961280,WAV,PCM_16,
train,audio_151.wav,C:\Users\USER\Documents\Python Rep\SHL_Audio\Dataset_Final\train\audio_151.wav,True,59.9466875,16000,1,959147,WAV,PCM_16,
train,audio_65.wav,C:\Users\USER\Documents\Python Rep\SHL_Audio\Dataset_Final\train\audio_65.wav,True,60.06,16000,1,960960,WAV,PCM_16,
train,audio_481.wav,C:\Users\USER\Documents\Python Rep\SHL_Audio\Dataset_Final\train\audio_481.wav,True,60.6576875,16000,1,970523,WAV,PCM_16,
train,audio_262.wav,C:\Users\USER\Documents\Python Rep\SHL_Audio\Dataset_Final\train\audio_262.wav,True,60.08,16000,1,961280,WAV,PCM_16,
train,audio_229.wav,C:\Users\USER\Documents\Python Rep\SHL_Audio\Dataset_Final\train\audio_229.wav,True,46.57075,16000,1,745132,WAV,PCM_16,
train,audio_22.wav,C:\Users\USER\Documents\Python Rep\SHL_Audio\Dataset_Final\train\audio_22.wav,True,45.06,16000,1,720960,WAV,PCM_16,
train,audio_434.wav,C:\Users\USER\Documents\Python Rep\SHL_Audio\Dataset_Final\train\audio_434.wav,True,60.0746875,16000,1,961195,WAV,PCM_16,
train,audio_488.wav,C:\Users\USER\Documents\Python Rep\SHL_Audio\Dataset_Final\train\audio_488.wav,True,60.0746875,16000,1,961195,WAV,PCM_16,
train,audio_439.wav,C:\Users\USER\Documents\Python Rep\SHL_Audio\Dataset_Final\train\audio_439.wav,True,60.0746875,16000,1,961195,WAV,PCM_16,
train,audio_160.wav,C:\Users\USER\Documents\Python Rep\SHL_Audio\Dataset_Final\train\audio_160.wav,True,60.08,16000,1,961280,WAV,PCM_16,
train,audio_594.wav,C:\Users\USER\Documents\Python Rep\SHL_Audio\Dataset_Final\train\audio_594.wav,True,60.0746875,16000,1,961195,WAV,PCM_16,
train,audio_651.wav,C:\Users\USER\Documents\Python Rep\SHL_Audio\Dataset_Final\train\audio_651.wav,True,61.0346875,16000,1,976555,WAV,PCM_16,
train,audio_569.wav,C:\Users\USER\Documents\Python Rep\SHL_Audio\Dataset_Final\train\audio_569.wav,True,60.0746875,16000,1,961195,WAV,PCM_16,
train,audio_440.wav,C:\Users\USER\Documents\Python Rep\SHL_Audio\Dataset_Final\train\audio_440.wav,True,60.0746875,16000,1,961195,WAV,PCM_16,
train,audio_658.wav,C:\Users\USER\Documents\Python Rep\SHL_Audio\Dataset_Final\train\audio_658.wav,True,60.0746875,16000,1,961195,WAV,PCM_16,
train,audio_274.wav,C:\Users\USER\Documents\Python Rep\SHL_Audio\Dataset_Final\train\audio_274.wav,True,39.0613125,16000,1,624981,WAV,PCM_16,
train,audio_5065.wav,C:\Users\USER\Documents\Python Rep\SHL_Audio\Dataset_Final\train\audio_5065.wav,True,60.0746875,16000,1,961195,WAV,PCM_16,
train,audio_158.wav,C:\Users\USER\Documents\Python Rep\SHL_Audio\Dataset_Final\train\audio_158.wav,True,60.08,16000,1,961280,WAV,PCM_16,
train,audio_493.wav,C:\Users\USER\Documents\Python Rep\SHL_Audio\Dataset_Final\train\audio_493.wav,True,60.0746875,16000,1,961195,WAV,PCM_16,
train,audio_646.wav,C:\Users\USER\Documents\Python Rep\SHL_Audio\Dataset_Final\train\audio_646.wav,True,60.0746875,16000,1,961195,WAV,PCM_16,
train,audio_64.wav,C:\Users\USER\Documents\Python Rep\SHL_Audio\Dataset_Final\train\audio_64.wav,True,60.06,16000,1,960960,WAV,PCM_16,
train,audio_451.wav,C:\Users\USER\Documents\Python Rep\SHL_Audio\Dataset_Final\train\audio_451.wav,True,59.584,16000,1,953344,WAV,PCM_16,
train,audio_277.wav,C:\Users\USER\Documents\Python Rep\SHL_Audio\Dataset_Final\train\audio_277.wav,True,60.0746875,16000,1,961195,WAV,PCM_16,
train,audio_491.wav,C:\Users\USER\Documents\Python Rep\SHL_Audio\Dataset_Final\train\audio_491.wav,True,60.0746875,16000,1,961195,WAV,PCM_16,
train,audio_52.wav,C:\Users\USER\Documents\Python Rep\SHL_Audio\Dataset_Final\train\audio_52.wav,True,45.06,16000,1,720960,WAV,PCM_16,
train,audio_743.wav,C:\Users\USER\Documents\Python Rep\SHL_Audio\Dataset_Final\train\audio_743.wav,True,24.128,16000,1,386048,WAV,PCM_16,
train,audio_243.wav,C:\Users\USER\Documents\Python Rep\SHL_Audio\Dataset_Final\train\audio_243.wav,True,60.08,16000,1,961280,WAV,PCM_16,
train,audio_661.wav,C:\Users\USER\Documents\Python Rep\SHL_Audio\Dataset_Final\train\audio_661.wav,True,60.0746875,16000,1,961195,WAV,PCM_16,
train,audio_456.wav,C:\Users\USER\Documents\Python Rep\SHL_Audio\Dataset_Final\train\audio_456.wav,True,60.0746875,16000,1,961195,WAV,PCM_16,
train,audio_90.wav,C:\Users\USER\Documents\Python Rep\SHL_Audio\Dataset_Final\train\audio_90.wav,True,39.3,16000,1,628800,WAV,PCM_16,
train,audio_735.wav,C:\Users\USER\Documents\Python Rep\SHL_Audio\Dataset_Final\train\audio_735.wav,True,60.0746875,16000,1,961195,WAV,PCM_16,
train,audio_775.wav,C:\Users\USER\Documents\Python Rep\SHL_Audio\Dataset_Final\train\audio_775.wav,True,60.0746875,16000,1,961195,WAV,PCM_16,
train,audio_587.wav,C:\Users\USER\Documents\Python Rep\SHL_Audio\Dataset_Final\train\audio_587.wav,True,60.0746875,16000,1,961195,WAV,PCM_16,
train,audio_103.wav,C:\Users\USER\Documents\Python Rep\SHL_Audio\Dataset_Final\train\audio_103.wav,True,45.06,16000,1,720960,WAV,PCM_16,
train,audio_111.wav,C:\Users\USER\Documents\Python Rep\SHL_Audio\Dataset_Final\train\audio_111.wav,True,44.64,16000,1,714240,WAV,PCM_16,
train,audio_421.wav,C:\Users\USER\Documents\Python Rep\SHL_Audio\Dataset_Final\train\audio_421.wav,True,60.0746875,16000,1,961195,WAV,PCM_16,
train,audio_683.wav,C:\Users\USER\Documents\Python Rep\SHL_Audio\Dataset_Final\train\audio_683.wav,True,60.0746875,16000,1,961195,WAV,PCM_16,
train,audio_152.wav,C:\Users\USER\Documents\Python Rep\SHL_Audio\Dataset_Final\train\audio_152.wav,True,60.0746875,16000,1,961195,WAV,PCM_16,
train,audio_134.wav,C:\Users\USER\Documents\Python Rep\SHL_Audio\Dataset_Final\train\audio_134.wav,True,45.0,16000,1,720000,WAV,PCM_16,
train,audio_12.wav,C:\Users\USER\Documents\Python Rep\SHL_Audio\Dataset_Final\train\audio_12.wav,True,45.06,16000,1,720960,WAV,PCM_16,
train,audio_232.wav,C:\Users\USER\Documents\Python Rep\SHL_Audio\Dataset_Final\train\audio_232.wav,True,60.03,16000,1,960480,WAV,PCM_16,
train,audio_36.wav,C:\Users\USER\Documents\Python Rep\SHL_Audio\Dataset_Final\train\audio_36.wav,True,45.06,16000,1,720960,WAV,PCM_16,
train,audio_268.wav,C:\Users\USER\Documents\Python Rep\SHL_Audio\Dataset_Final\train\audio_268.wav,True,60.08,16000,1,961280,WAV,PCM_16,
train,audio_68.wav,C:\Users\USER\Documents\Python Rep\SHL_Audio\Dataset_Final\train\audio_68.wav,True,59.16,16000,1,946560,WAV,PCM_16,
train,audio_729.wav,C:\Users\USER\Documents\Python Rep\SHL_Audio\Dataset_Final\train\audio_729.wav,True,60.0746875,16000,1,961195,WAV,PCM_16,
train,audio_247.wav,C:\Users\USER\Documents\Python Rep\SHL_Audio\Dataset_Final\train\audio_247.wav,True,51.56,16000,1,824960,WAV,PCM_16,
train,audio_224.wav,C:\Users\USER\Documents\Python Rep\SHL_Audio\Dataset_Final\train\audio_224.wav,True,52.096,16000,1,833536,WAV,PCM_16,
train,audio_425.wav,C:\Users\USER\Documents\Python Rep\SHL_Audio\Dataset_Final\train\audio_425.wav,True,60.0746875,16000,1,961195,WAV,PCM_16,
train,audio_392.wav,C:\Users\USER\Documents\Python Rep\SHL_Audio\Dataset_Final\train\audio_392.wav,True,60.1386875,16000,1,962219,WAV,PCM_16,
train,audio_615.wav,C:\Users\USER\Documents\Python Rep\SHL_Audio\Dataset_Final\train\audio_615.wav,True,60.0746875,16000,1,961195,WAV,PCM_16,
train,audio_245.wav,C:\Users\USER\Documents\Python Rep\SHL_Audio\Dataset_Final\train\audio_245.wav,True,60.08,16000,1,961280,WAV,PCM_16,
train,audio_271.wav,C:\Users\USER\Documents\Python Rep\SHL_Audio\Dataset_Final\train\audio_271.wav,True,60.08,16000,1,961280,WAV,PCM_16,
train,audio_321.wav,C:\Users\USER\Documents\Python Rep\SHL_Audio\Dataset_Final\train\audio_321.wav,True,60.0746875,16000,1,961195,WAV,PCM_16,
train,audio_5043.wav,C:\Users\USER\Documents\Python Rep\SHL_Audio\Dataset_Final\train\audio_5043.wav,True,60.0746875,16000,1,961195,WAV,PCM_16,
train,audio_187.wav,C:\Users\USER\Documents\Python Rep\SHL_Audio\Dataset_Final\train\audio_187.wav,True,60.07475,16000,1,961196,WAV,PCM_16,
train,audio_221.wav,C:\Users\USER\Documents\Python Rep\SHL_Audio\Dataset_Final\train\audio_221.wav,True,60.07475,16000,1,961196,WAV,PCM_16,
train,audio_219.wav,C:\Users\USER\Documents\Python Rep\SHL_Audio\Dataset_Final\train\audio_219.wav,True,60.07475,16000,1,961196,WAV,PCM_16,
train,audio_601.wav,C:\Users\USER\Documents\Python Rep\SHL_Audio\Dataset_Final\train\audio_601.wav,True,60.0746875,16000,1,961195,WAV,PCM_16,
train,audio_100.wav,C:\Users\USER\Documents\Python Rep\SHL_Audio\Dataset_Final\train\audio_100.wav,True,45.06,16000,1,720960,WAV,PCM_16,
train,audio_227.wav,C:\Users\USER\Documents\Python Rep\SHL_Audio\Dataset_Final\train\audio_227.wav,True,55.27475,16000,1,884396,WAV,PCM_16,
train,audio_411.wav,C:\Users\USER\Documents\Python Rep\SHL_Audio\Dataset_Final\train\audio_411.wav,True,60.0746875,16000,1,961195,WAV,PCM_16,
train,audio_28.wav,C:\Users\USER\Documents\Python Rep\SHL_Audio\Dataset_Final\train\audio_28.wav,True,44.0946875,16000,1,705515,WAV,PCM_16,
train,audio_653.wav,C:\Users\USER\Documents\Python Rep\SHL_Audio\Dataset_Final\train\audio_653.wav,True,60.0746875,16000,1,961195,WAV,PCM_16,
train,audio_29.wav,C:\Users\USER\Documents\Python Rep\SHL_Audio\Dataset_Final\train\audio_29.wav,True,45.06,16000,1,720960,WAV,PCM_16,
train,audio_470.wav,C:\Users\USER\Documents\Python Rep\SHL_Audio\Dataset_Final\train\audio_470.wav,True,60.0746875,16000,1,961195,WAV,PCM_16,
train,audio_356.wav,C:\Users\USER\Documents\Python Rep\SHL_Audio\Dataset_Final\train\audio_356.wav,True,59.1146875,16000,1,945835,WAV,PCM_16,
train,audio_365.wav,C:\Users\USER\Documents\Python Rep\SHL_Audio\Dataset_Final\train\audio_365.wav,True,60.0746875,16000,1,961195,WAV,PCM_16,
train,audio_58.wav,C:\Users\USER\Documents\Python Rep\SHL_Audio\Dataset_Final\train\audio_58.wav,True,45.06,16000,1,720960,WAV,PCM_16,
train,audio_708.wav,C:\Users\USER\Documents\Python Rep\SHL_Audio\Dataset_Final\train\audio_708.wav,True,60.0746875,16000,1,961195,WAV,PCM_16,
train,audio_319.wav,C:\Users\USER\Documents\Python Rep\SHL_Audio\Dataset_Final\train\audio_319.wav,True,60.0746875,16000,1,961195,WAV,PCM_16,
train,audio_5067.wav,C:\Users\USER\Documents\Python Rep\SHL_Audio\Dataset_Final\train\audio_5067.wav,True,44.9266875,16000,1,718827,WAV,PCM_16,
train,audio_135.wav,C:\Users\USER\Documents\Python Rep\SHL_Audio\Dataset_Final\train\audio_135.wav,True,45.06,16000,1,720960,WAV,PCM_16,
train,audio_612.wav,C:\Users\USER\Documents\Python Rep\SHL_Audio\Dataset_Final\train\audio_612.wav,True,52.7573125,16000,1,844117,WAV,PCM_16,
train,audio_373.wav,C:\Users\USER\Documents\Python Rep\SHL_Audio\Dataset_Final\train\audio_373.wav,True,60.0106875,16000,1,960171,WAV,PCM_16,
train,audio_680.wav,C:\Users\USER\Documents\Python Rep\SHL_Audio\Dataset_Final\train\audio_680.wav,True,60.0746875,16000,1,961195,WAV,PCM_16,
train,audio_63.wav,C:\Users\USER\Documents\Python Rep\SHL_Audio\Dataset_Final\train\audio_63.wav,True,45.012,16000,1,720192,WAV,PCM_16,
train,audio_700.wav,C:\Users\USER\Documents\Python Rep\SHL_Audio\Dataset_Final\train\audio_700.wav,True,60.0746875,16000,1,961195,WAV,PCM_16,
train,audio_429.wav,C:\Users\USER\Documents\Python Rep\SHL_Audio\Dataset_Final\train\audio_429.wav,True,60.0746875,16000,1,961195,WAV,PCM_16,
train,audio_745.wav,C:\Users\USER\Documents\Python Rep\SHL_Audio\Dataset_Final\train\audio_745.wav,True,61.0346875,16000,1,976555,WAV,PCM_16,
train,audio_731.wav,C:\Users\USER\Documents\Python Rep\SHL_Audio\Dataset_Final\train\audio_731.wav,True,60.0106875,16000,1,960171,WAV,PCM_16,
train,audio_461.wav,C:\Users\USER\Documents\Python Rep\SHL_Audio\Dataset_Final\train\audio_461.wav,True,60.0746875,16000,1,961195,WAV,PCM_16,
train,audio_79.wav,C:\Users\USER\Documents\Python Rep\SHL_Audio\Dataset_Final\train\audio_79.wav,True,45.06,16000,1,720960,WAV,PCM_16,
train,audio_5038.wav,C:\Users\USER\Documents\Python Rep\SHL_Audio\Dataset_Final\train\audio_5038.wav,True,60.0746875,16000,1,961195,WAV,PCM_16,
train,audio_760.wav,C:\Users\USER\Documents\Python Rep\SHL_Audio\Dataset_Final\train\audio_760.wav,True,60.0746875,16000,1,961195,WAV,PCM_16,
train,audio_72.wav,C:\Users\USER\Documents\Python Rep\SHL_Audio\Dataset_Final\train\audio_72.wav,True,45.06,16000,1,720960,WAV,PCM_16,
train,audio_696.wav,C:\Users\USER\Documents\Python Rep\SHL_Audio\Dataset_Final\train\audio_696.wav,True,60.0746875,16000,1,961195,WAV,PCM_16,
train,audio_744.wav,C:\Users\USER\Documents\Python Rep\SHL_Audio\Dataset_Final\train\audio_744.wav,True,44.6506875,16000,1,714411,WAV,PCM_16,
train,audio_662.wav,C:\Users\USER\Documents\Python Rep\SHL_Audio\Dataset_Final\train\audio_662.wav,True,60.0746875,16000,1,961195,WAV,PCM_16,
train,audio_570.wav,C:\Users\USER\Documents\Python Rep\SHL_Audio\Dataset_Final\train\audio_570.wav,True,60.0746875,16000,1,961195,WAV,PCM_16,
train,audio_10.wav,C:\Users\USER\Documents\Python Rep\SHL_Audio\Dataset_Final\train\audio_10.wav,True,36.12,16000,1,577920,WAV,PCM_16,
train,audio_628.wav,C:\Users\USER\Documents\Python Rep\SHL_Audio\Dataset_Final\train\audio_628.wav,True,60.0746875,16000,1,961195,WAV,PCM_16,
train,audio_606.wav,C:\Users\USER\Documents\Python Rep\SHL_Audio\Dataset_Final\train\audio_606.wav,True,60.0746875,16000,1,961195,WAV,PCM_16,
train,audio_73.wav,C:\Users\USER\Documents\Python Rep\SHL_Audio\Dataset_Final\train\audio_73.wav,True,45.06,16000,1,720960,WAV,PCM_16,
train,audio_605.wav,C:\Users\USER\Documents\Python Rep\SHL_Audio\Dataset_Final\train\audio_605.wav,True,60.0746875,16000,1,961195,WAV,PCM_16,
train,audio_106.wav,C:\Users\USER\Documents\Python Rep\SHL_Audio\Dataset_Final\train\audio_106.wav,True,45.06,16000,1,720960,WAV,PCM_16,
train,audio_306.wav,C:\Users\USER\Documents\Python Rep\SHL_Audio\Dataset_Final\train\audio_306.wav,True,60.0106875,16000,1,960171,WAV,PCM_16,
train,audio_75.wav,C:\Users\USER\Documents\Python Rep\SHL_Audio\Dataset_Final\train\audio_75.wav,True,45.06,16000,1,720960,WAV,PCM_16,
train,audio_550.wav,C:\Users\USER\Documents\Python Rep\SHL_Audio\Dataset_Final\train\audio_550.wav,True,60.0746875,16000,1,961195,WAV,PCM_16,
train,audio_340.wav,C:\Users\USER\Documents\Python Rep\SHL_Audio\Dataset_Final\train\audio_340.wav,True,60.0746875,16000,1,961195,WAV,PCM_16,
train,audio_272.wav,C:\Users\USER\Documents\Python Rep\SHL_Audio\Dataset_Final\train\audio_272.wav,True,46.336,16000,1,741376,WAV,PCM_16,
train,audio_518.wav,C:\Users\USER\Documents\Python Rep\SHL_Audio\Dataset_Final\train\audio_518.wav,True,60.0746875,16000,1,961195,WAV,PCM_16,
train,audio_34.wav,C:\Users\USER\Documents\Python Rep\SHL_Audio\Dataset_Final\train\audio_34.wav,True,43.74,16000,1,699840,WAV,PCM_16,
train,audio_87.wav,C:\Users\USER\Documents\Python Rep\SHL_Audio\Dataset_Final\train\audio_87.wav,True,45.0,16000,1,720000,WAV,PCM_16,
train,audio_211.wav,C:\Users\USER\Documents\Python Rep\SHL_Audio\Dataset_Final\train\audio_211.wav,True,61.03475,16000,1,976556,WAV,PCM_16,
train,audio_431.wav,C:\Users\USER\Documents\Python Rep\SHL_Audio\Dataset_Final\train\audio_431.wav,True,60.0746875,16000,1,961195,WAV,PCM_16,
train,audio_555.wav,C:\Users\USER\Documents\Python Rep\SHL_Audio\Dataset_Final\train\audio_555.wav,True,60.0746875,16000,1,961195,WAV,PCM_16,
train,audio_648.wav,C:\Users\USER\Documents\Python Rep\SHL_Audio\Dataset_Final\train\audio_648.wav,True,60.0746875,16000,1,961195,WAV,PCM_16,
train,audio_5051.wav,C:\Users\USER\Documents\Python Rep\SHL_Audio\Dataset_Final\train\audio_5051.wav,True,60.0746875,16000,1,961195,WAV,PCM_16,
train,audio_422.wav,C:\Users\USER\Documents\Python Rep\SHL_Audio\Dataset_Final\train\audio_422.wav,True,60.0746875,16000,1,961195,WAV,PCM_16,
train,audio_627.wav,C:\Users\USER\Documents\Python Rep\SHL_Audio\Dataset_Final\train\audio_627.wav,True,60.0746875,16000,1,961195,WAV,PCM_16,
train,audio_122.wav,C:\Users\USER\Documents\Python Rep\SHL_Audio\Dataset_Final\train\audio_122.wav,True,45.0,16000,1,720000,WAV,PCM_16,
train,audio_88.wav,C:\Users\USER\Documents\Python Rep\SHL_Audio\Dataset_Final\train\audio_88.wav,True,45.06,16000,1,720960,WAV,PCM_16,
train,audio_165.wav,C:\Users\USER\Documents\Python Rep\SHL_Audio\Dataset_Final\train\audio_165.wav,True,60.0746875,16000,1,961195,WAV,PCM_16,
train,audio_276.wav,C:\Users\USER\Documents\Python Rep\SHL_Audio\Dataset_Final\train\audio_276.wav,True,60.0746875,16000,1,961195,WAV,PCM_16,
train,audio_746.wav,C:\Users\USER\Documents\Python Rep\SHL_Audio\Dataset_Final\train\audio_746.wav,True,61.0346875,16000,1,976555,WAV,PCM_16,
train,audio_252.wav,C:\Users\USER\Documents\Python Rep\SHL_Audio\Dataset_Final\train\audio_252.wav,True,60.08,16000,1,961280,WAV,PCM_16,
train,audio_266.wav,C:\Users\USER\Documents\Python Rep\SHL_Audio\Dataset_Final\train\audio_266.wav,True,60.08,16000,1,961280,WAV,PCM_16,
train,audio_611.wav,C:\Users\USER\Documents\Python Rep\SHL_Audio\Dataset_Final\train\audio_611.wav,True,60.0106875,16000,1,960171,WAV,PCM_16,
train,audio_5058.wav,C:\Users\USER\Documents\Python Rep\SHL_Audio\Dataset_Final\train\audio_5058.wav,True,60.0746875,16000,1,961195,WAV,PCM_16,
train,audio_81.wav,C:\Users\USER\Documents\Python Rep\SHL_Audio\Dataset_Final\train\audio_81.wav,True,45.0,16000,1,720000,WAV,PCM_16,
train,audio_3.wav,C:\Users\USER\Documents\Python Rep\SHL_Audio\Dataset_Final\train\audio_3.wav,True,44.88,16000,1,718080,WAV,PCM_16,
train,audio_21.wav,C:\Users\USER\Documents\Python Rep\SHL_Audio\Dataset_Final\train\audio_21.wav,True,45.06,16000,1,720960,WAV,PCM_16,
train,audio_190.wav,C:\Users\USER\Documents\Python Rep\SHL_Audio\Dataset_Final\train\audio_190.wav,True,60.551,16000,1,968816,WAV,PCM_16,
train,audio_189.wav,C:\Users\USER\Documents\Python Rep\SHL_Audio\Dataset_Final\train\audio_189.wav,True,60.02,16000,1,960320,WAV,PCM_16,
train,audio_519.wav,C:\Users\USER\Documents\Python Rep\SHL_Audio\Dataset_Final\train\audio_519.wav,True,60.0746875,16000,1,961195,WAV,PCM_16,
train,audio_748.wav,C:\Users\USER\Documents\Python Rep\SHL_Audio\Dataset_Final\train\audio_748.wav,True,60.0746875,16000,1,961195,WAV,PCM_16,
train,audio_505.wav,C:\Users\USER\Documents\Python Rep\SHL_Audio\Dataset_Final\train\audio_505.wav,True,60.0746875,16000,1,961195,WAV,PCM_16,
train,audio_361.wav,C:\Users\USER\Documents\Python Rep\SHL_Audio\Dataset_Final\train\audio_361.wav,True,60.0746875,16000,1,961195,WAV,PCM_16,
train,audio_5052.wav,C:\Users\USER\Documents\Python Rep\SHL_Audio\Dataset_Final\train\audio_5052.wav,True,60.0746875,16000,1,961195,WAV,PCM_16,
train,audio_16.wav,C:\Users\USER\Documents\Python Rep\SHL_Audio\Dataset_Final\train\audio_16.wav,True,44.28,16000,1,708480,WAV,PCM_16,
train,audio_327.wav,C:\Users\USER\Documents\Python Rep\SHL_Audio\Dataset_Final\train\audio_327.wav,True,60.0746875,16000,1,961195,WAV,PCM_16,
train,audio_313.wav,C:\Users\USER\Documents\Python Rep\SHL_Audio\Dataset_Final\train\audio_313.wav,True,60.0746875,16000,1,961195,WAV,PCM_16,
train,audio_589.wav,C:\Users\USER\Documents\Python Rep\SHL_Audio\Dataset_Final\train\audio_589.wav,True,60.0746875,16000,1,961195,WAV,PCM_16,
train,audio_416.wav,C:\Users\USER\Documents\Python Rep\SHL_Audio\Dataset_Final\train\audio_416.wav,True,60.0746875,16000,1,961195,WAV,PCM_16,
train,audio_762.wav,C:\Users\USER\Documents\Python Rep\SHL_Audio\Dataset_Final\train\audio_762.wav,True,60.167,16000,1,962672,WAV,PCM_16,
train,audio_714.wav,C:\Users\USER\Documents\Python Rep\SHL_Audio\Dataset_Final\train\audio_714.wav,True,60.0746875,16000,1,961195,WAV,PCM_16,
train,audio_455.wav,C:\Users\USER\Documents\Python Rep\SHL_Audio\Dataset_Final\train\audio_455.wav,True,60.0746875,16000,1,961195,WAV,PCM_16,
train,audio_42.wav,C:\Users\USER\Documents\Python Rep\SHL_Audio\Dataset_Final\train\audio_42.wav,True,38.46,16000,1,615360,WAV,PCM_16,
train,audio_561.wav,C:\Users\USER\Documents\Python Rep\SHL_Audio\Dataset_Final\train\audio_561.wav,True,60.0746875,16000,1,961195,WAV,PCM_16,
train,audio_226.wav,C:\Users\USER\Documents\Python Rep\SHL_Audio\Dataset_Final\train\audio_226.wav,True,60.188375,16000,1,963014,WAV,PCM_16,
train,audio_110.wav,C:\Users\USER\Documents\Python Rep\SHL_Audio\Dataset_Final\train\audio_110.wav,True,45.06,16000,1,720960,WAV,PCM_16,
train,audio_739.wav,C:\Users\USER\Documents\Python Rep\SHL_Audio\Dataset_Final\train\audio_739.wav,True,61.0346875,16000,1,976555,WAV,PCM_16,
train,audio_504.wav,C:\Users\USER\Documents\Python Rep\SHL_Audio\Dataset_Final\train\audio_504.wav,True,60.0746875,16000,1,961195,WAV,PCM_16,
train,audio_379.wav,C:\Users\USER\Documents\Python Rep\SHL_Audio\Dataset_Final\train\audio_379.wav,True,60.0746875,16000,1,961195,WAV,PCM_16,
train,audio_520.wav,C:\Users\USER\Documents\Python Rep\SHL_Audio\Dataset_Final\train\audio_520.wav,True,60.0746875,16000,1,961195,WAV,PCM_16,
train,audio_5068.wav,C:\Users\USER\Documents\Python Rep\SHL_Audio\Dataset_Final\train\audio_5068.wav,True,60.0746875,16000,1,961195,WAV,PCM_16,
train,audio_30.wav,C:\Users\USER\Documents\Python Rep\SHL_Audio\Dataset_Final\train\audio_30.wav,True,44.64,16000,1,714240,WAV,PCM_16,
train,audio_5041.wav,C:\Users\USER\Documents\Python Rep\SHL_Audio\Dataset_Final\train\audio_5041.wav,True,60.08,16000,1,961280,WAV,PCM_16,
train,audio_485.wav,C:\Users\USER\Documents\Python Rep\SHL_Audio\Dataset_Final\train\audio_485.wav,True,60.0746875,16000,1,961195,WAV,PCM_16,
train,audio_475.wav,C:\Users\USER\Documents\Python Rep\SHL_Audio\Dataset_Final\train\audio_475.wav,True,61.0346875,16000,1,976555,WAV,PCM_16,
train,audio_145.wav,C:\Users\USER\Documents\Python Rep\SHL_Audio\Dataset_Final\train\audio_145.wav,True,60.08,16000,1,961280,WAV,PCM_16,
train,audio_308.wav,C:\Users\USER\Documents\Python Rep\SHL_Audio\Dataset_Final\train\audio_308.wav,True,60.0746875,16000,1,961195,WAV,PCM_16,
train,audio_184.wav,C:\Users\USER\Documents\Python Rep\SHL_Audio\Dataset_Final\train\audio_184.wav,True,60.07475,16000,1,961196,WAV,PCM_16,
train,audio_586.wav,C:\Users\USER\Documents\Python Rep\SHL_Audio\Dataset_Final\train\audio_586.wav,True,60.0746875,16000,1,961195,WAV,PCM_16,
train,audio_398.wav,C:\Users\USER\Documents\Python Rep\SHL_Audio\Dataset_Final\train\audio_398.wav,True,60.0746875,16000,1,961195,WAV,PCM_16,
train,audio_726.wav,C:\Users\USER\Documents\Python Rep\SHL_Audio\Dataset_Final\train\audio_726.wav,True,58.3893125,16000,1,934229,WAV,PCM_16,
train,audio_466.wav,C:\Users\USER\Documents\Python Rep\SHL_Audio\Dataset_Final\train\audio_466.wav,True,60.0746875,16000,1,961195,WAV,PCM_16,
train,audio_218.wav,C:\Users\USER\Documents\Python Rep\SHL_Audio\Dataset_Final\train\audio_218.wav,True,60.07475,16000,1,961196,WAV,PCM_16,
train,audio_644.wav,C:\Users\USER\Documents\Python Rep\SHL_Audio\Dataset_Final\train\audio_644.wav,True,58.2613125,16000,1,932181,WAV,PCM_16,
train,audio_351.wav,C:\Users\USER\Documents\Python Rep\SHL_Audio\Dataset_Final\train\audio_351.wav,True,60.224,16000,1,963584,WAV,PCM_16,
train,audio_248.wav,C:\Users\USER\Documents\Python Rep\SHL_Audio\Dataset_Final\train\audio_248.wav,True,36.32,16000,1,581120,WAV,PCM_16,
train,audio_83.wav,C:\Users\USER\Documents\Python Rep\SHL_Audio\Dataset_Final\train\audio_83.wav,True,45.06,16000,1,720960,WAV,PCM_16,
train,audio_71.wav,C:\Users\USER\Documents\Python Rep\SHL_Audio\Dataset_Final\train\audio_71.wav,True,45.06,16000,1,720960,WAV,PCM_16,
train,audio_287.wav,C:\Users\USER\Documents\Python Rep\SHL_Audio\Dataset_Final\train\audio_287.wav,True,60.0746875,16000,1,961195,WAV,PCM_16,
train,audio_367.wav,C:\Users\USER\Documents\Python Rep\SHL_Audio\Dataset_Final\train\audio_367.wav,True,60.224,16000,1,963584,WAV,PCM_16,
train,audio_166.wav,C:\Users\USER\Documents\Python Rep\SHL_Audio\Dataset_Final\train\audio_166.wav,True,60.0746875,16000,1,961195,WAV,PCM_16,
train,audio_94.wav,C:\Users\USER\Documents\Python Rep\SHL_Audio\Dataset_Final\train\audio_94.wav,True,45.06,16000,1,720960,WAV,PCM_16,
train,audio_108.wav,C:\Users\USER\Documents\Python Rep\SHL_Audio\Dataset_Final\train\audio_108.wav,True,45.06,16000,1,720960,WAV,PCM_16,
train,audio_511.wav,C:\Users\USER\Documents\Python Rep\SHL_Audio\Dataset_Final\train\audio_511.wav,True,60.0746875,16000,1,961195,WAV,PCM_16,
train,audio_5059.wav,C:\Users\USER\Documents\Python Rep\SHL_Audio\Dataset_Final\train\audio_5059.wav,True,60.0106875,16000,1,960171,WAV,PCM_16,
train,audio_310.wav,C:\Users\USER\Documents\Python Rep\SHL_Audio\Dataset_Final\train\audio_310.wav,True,44.224,16000,1,707584,WAV,PCM_16,
train,audio_50.wav,C:\Users\USER\Documents\Python Rep\SHL_Audio\Dataset_Final\train\audio_50.wav,True,45.12,16000,1,721920,WAV,PCM_16,
train,audio_6.wav,C:\Users\USER\Documents\Python Rep\SHL_Audio\Dataset_Final\train\audio_6.wav,True,45.06,16000,1,720960,WAV,PCM_16,
train,audio_515.wav,C:\Users\USER\Documents\Python Rep\SHL_Audio\Dataset_Final\train\audio_515.wav,True,60.0746875,16000,1,961195,WAV,PCM_16,
train,audio_742.wav,C:\Users\USER\Documents\Python Rep\SHL_Audio\Dataset_Final\train\audio_742.wav,True,50.048,16000,1,800768,WAV,PCM_16,
train,audio_545.wav,C:\Users\USER\Documents\Python Rep\SHL_Audio\Dataset_Final\train\audio_545.wav,True,60.0746875,16000,1,961195,WAV,PCM_16,
train,audio_489.wav,C:\Users\USER\Documents\Python Rep\SHL_Audio\Dataset_Final\train\audio_489.wav,True,60.0746875,16000,1,961195,WAV,PCM_16,
train,audio_697.wav,C:\Users\USER\Documents\Python Rep\SHL_Audio\Dataset_Final\train\audio_697.wav,True,60.0746875,16000,1,961195,WAV,PCM_16,
train,audio_225.wav,C:\Users\USER\Documents\Python Rep\SHL_Audio\Dataset_Final\train\audio_225.wav,True,60.167,16000,1,962672,WAV,PCM_16,
train,audio_553.wav,C:\Users\USER\Documents\Python Rep\SHL_Audio\Dataset_Final\train\audio_553.wav,True,60.0746875,16000,1,961195,WAV,PCM_16,
train,audio_237.wav,C:\Users\USER\Documents\Python Rep\SHL_Audio\Dataset_Final\train\audio_237.wav,True,53.2,16000,1,851200,WAV,PCM_16,
train,audio_197.wav,C:\Users\USER\Documents\Python Rep\SHL_Audio\Dataset_Final\train\audio_197.wav,True,60.07475,16000,1,961196,WAV,PCM_16,
train,audio_449.wav,C:\Users\USER\Documents\Python Rep\SHL_Audio\Dataset_Final\train\audio_449.wav,True,60.0746875,16000,1,961195,WAV,PCM_16,
train,audio_567.wav,C:\Users\USER\Documents\Python Rep\SHL_Audio\Dataset_Final\train\audio_567.wav,True,60.0746875,16000,1,961195,WAV,PCM_16,
train,audio_477.wav,C:\Users\USER\Documents\Python Rep\SHL_Audio\Dataset_Final\train\audio_477.wav,True,60.0746875,16000,1,961195,WAV,PCM_16,
train,audio_728.wav,C:\Users\USER\Documents\Python Rep\SHL_Audio\Dataset_Final\train\audio_728.wav,True,45.4826875,16000,1,727723,WAV,PCM_16,
train,audio_377.wav,C:\Users\USER\Documents\Python Rep\SHL_Audio\Dataset_Final\train\audio_377.wav,True,59.2213125,16000,1,947541,WAV,PCM_16,
train,audio_633.wav,C:\Users\USER\Documents\Python Rep\SHL_Audio\Dataset_Final\train\audio_633.wav,True,60.0746875,16000,1,961195,WAV,PCM_16,
train,audio_690.wav,C:\Users\USER\Documents\Python Rep\SHL_Audio\Dataset_Final\train\audio_690.wav,True,45.8453125,16000,1,733525,WAV,PCM_16,
train,audio_525.wav,C:\Users\USER\Documents\Python Rep\SHL_Audio\Dataset_Final\train\audio_525.wav,True,60.0746875,16000,1,961195,WAV,PCM_16,
train,audio_31.wav,C:\Users\USER\Documents\Python Rep\SHL_Audio\Dataset_Final\train\audio_31.wav,True,43.62,16000,1,697920,WAV,PCM_16,
train,audio_676.wav,C:\Users\USER\Documents\Python Rep\SHL_Audio\Dataset_Final\train\audio_676.wav,True,60.0746875,16000,1,961195,WAV,PCM_16,
train,audio_263.wav,C:\Users\USER\Documents\Python Rep\SHL_Audio\Dataset_Final\train\audio_263.wav,True,60.02,16000,1,960320,WAV,PCM_16,
train,audio_5070.wav,C:\Users\USER\Documents\Python Rep\SHL_Audio\Dataset_Final\train\audio_5070.wav,True,60.0746875,16000,1,961195,WAV,PCM_16,
train,audio_510.wav,C:\Users\USER\Documents\Python Rep\SHL_Audio\Dataset_Final\train\audio_510.wav,True,60.0746875,16000,1,961195,WAV,PCM_16,
train,audio_577.wav,C:\Users\USER\Documents\Python Rep\SHL_Audio\Dataset_Final\train\audio_577.wav,True,60.0746875,16000,1,961195,WAV,PCM_16,
train,audio_230.wav,C:\Users\USER\Documents\Python Rep\SHL_Audio\Dataset_Final\train\audio_230.wav,True,55.573375,16000,1,889174,WAV,PCM_16,
train,audio_314.wav,C:\Users\USER\Documents\Python Rep\SHL_Audio\Dataset_Final\train\audio_314.wav,True,60.0746875,16000,1,961195,WAV,PCM_16,
train,audio_641.wav,C:\Users\USER\Documents\Python Rep\SHL_Audio\Dataset_Final\train\audio_641.wav,True,60.0106875,16000,1,960171,WAV,PCM_16,
train,audio_689.wav,C:\Users\USER\Documents\Python Rep\SHL_Audio\Dataset_Final\train\audio_689.wav,True,51.4986875,16000,1,823979,WAV,PCM_16,
train,audio_352.wav,C:\Users\USER\Documents\Python Rep\SHL_Audio\Dataset_Final\train\audio_352.wav,True,60.0746875,16000,1,961195,WAV,PCM_16,
train,audio_193.wav,C:\Users\USER\Documents\Python Rep\SHL_Audio\Dataset_Final\train\audio_193.wav,True,23.65875,16000,1,378540,WAV,PCM_16,
train,audio_5049.wav,C:\Users\USER\Documents\Python Rep\SHL_Audio\Dataset_Final\train\audio_5049.wav,True,60.0746875,16000,1,961195,WAV,PCM_16,
train,audio_300.wav,C:\Users\USER\Documents\Python Rep\SHL_Audio\Dataset_Final\train\audio_300.wav,True,60.0746875,16000,1,961195,WAV,PCM_16,
train,audio_581.wav,C:\Users\USER\Documents\Python Rep\SHL_Audio\Dataset_Final\train\audio_581.wav,True,60.0746875,16000,1,961195,WAV,PCM_16,
train,audio_164.wav,C:\Users\USER\Documents\Python Rep\SHL_Audio\Dataset_Final\train\audio_164.wav,True,60.0746875,16000,1,961195,WAV,PCM_16,
train,audio_502.wav,C:\Users\USER\Documents\Python Rep\SHL_Audio\Dataset_Final\train\audio_502.wav,True,60.0746875,16000,1,961195,WAV,PCM_16,
train,audio_380.wav,C:\Users\USER\Documents\Python Rep\SHL_Audio\Dataset_Final\train\audio_380.wav,True,58.6666875,16000,1,938667,WAV,PCM_16,
train,audio_15.wav,C:\Users\USER\Documents\Python Rep\SHL_Audio\Dataset_Final\train\audio_15.wav,True,43.32,16000,1,693120,WAV,PCM_16,
train,audio_238.wav,C:\Users\USER\Documents\Python Rep\SHL_Audio\Dataset_Final\train\audio_238.wav,True,27.62,16000,1,441920,WAV,PCM_16,
train,audio_53.wav,C:\Users\USER\Documents\Python Rep\SHL_Audio\Dataset_Final\train\audio_53.wav,True,39.42,16000,1,630720,WAV,PCM_16,
train,audio_283.wav,C:\Users\USER\Documents\Python Rep\SHL_Audio\Dataset_Final\train\audio_283.wav,True,27.7973125,16000,1,444757,WAV,PCM_16,
train,audio_614.wav,C:\Users\USER\Documents\Python Rep\SHL_Audio\Dataset_Final\train\audio_614.wav,True,60.0746875,16000,1,961195,WAV,PCM_16,
train,audio_121.wav,C:\Users\USER\Documents\Python Rep\SHL_Audio\Dataset_Final\train\audio_121.wav,True,45.06,16000,1,720960,WAV,PCM_16,
train,audio_216.wav,C:\Users\USER\Documents\Python Rep\SHL_Audio\Dataset_Final\train\audio_216.wav,True,60.07475,16000,1,961196,WAV,PCM_16,
train,audio_552.wav,C:\Users\USER\Documents\Python Rep\SHL_Audio\Dataset_Final\train\audio_552.wav,True,60.0746875,16000,1,961195,WAV,PCM_16,
train,audio_514.wav,C:\Users\USER\Documents\Python Rep\SHL_Audio\Dataset_Final\train\audio_514.wav,True,60.0746875,16000,1,961195,WAV,PCM_16,
train,audio_593.wav,C:\Users\USER\Documents\Python Rep\SHL_Audio\Dataset_Final\train\audio_593.wav,True,60.0746875,16000,1,961195,WAV,PCM_16,
train,audio_565.wav,C:\Users\USER\Documents\Python Rep\SHL_Audio\Dataset_Final\train\audio_565.wav,True,60.0746875,16000,1,961195,WAV,PCM_16,
train,audio_140.wav,C:\Users\USER\Documents\Python Rep\SHL_Audio\Dataset_Final\train\audio_140.wav,True,60.08,16000,1,961280,WAV,PCM_16,
train,audio_117.wav,C:\Users\USER\Documents\Python Rep\SHL_Audio\Dataset_Final\train\audio_117.wav,True,45.06,16000,1,720960,WAV,PCM_16,
train,audio_495.wav,C:\Users\USER\Documents\Python Rep\SHL_Audio\Dataset_Final\train\audio_495.wav,True,60.0746875,16000,1,961195,WAV,PCM_16,
train,audio_652.wav,C:\Users\USER\Documents\Python Rep\SHL_Audio\Dataset_Final\train\audio_652.wav,True,60.0746875,16000,1,961195,WAV,PCM_16,
train,audio_645.wav,C:\Users\USER\Documents\Python Rep\SHL_Audio\Dataset_Final\train\audio_645.wav,True,48.96,16000,1,783360,WAV,PCM_16,
train,audio_242.wav,C:\Users\USER\Documents\Python Rep\SHL_Audio\Dataset_Final\train\audio_242.wav,True,60.08,16000,1,961280,WAV,PCM_16,
train,audio_4.wav,C:\Users\USER\Documents\Python Rep\SHL_Audio\Dataset_Final\train\audio_4.wav,True,45.06,16000,1,720960,WAV,PCM_16,
train,audio_93.wav,C:\Users\USER\Documents\Python Rep\SHL_Audio\Dataset_Final\train\audio_93.wav,True,45.06,16000,1,720960,WAV,PCM_16,
train,audio_582.wav,C:\Users\USER\Documents\Python Rep\SHL_Audio\Dataset_Final\train\audio_582.wav,True,60.0746875,16000,1,961195,WAV,PCM_16,
train,audio_222.wav,C:\Users\USER\Documents\Python Rep\SHL_Audio\Dataset_Final\train\audio_222.wav,True,58.92275,16000,1,942764,WAV,PCM_16,
train,audio_5042.wav,C:\Users\USER\Documents\Python Rep\SHL_Audio\Dataset_Final\train\audio_5042.wav,True,60.0746875,16000,1,961195,WAV,PCM_16,
train,audio_253.wav,C:\Users\USER\Documents\Python Rep\SHL_Audio\Dataset_Final\train\audio_253.wav,True,60.08,16000,1,961280,WAV,PCM_16,
train,audio_167.wav,C:\Users\USER\Documents\Python Rep\SHL_Audio\Dataset_Final\train\audio_167.wav,True,60.0746875,16000,1,961195,WAV,PCM_16,
train,audio_583.wav,C:\Users\USER\Documents\Python Rep\SHL_Audio\Dataset_Final\train\audio_583.wav,True,60.0746875,16000,1,961195,WAV,PCM_16,
train,audio_682.wav,C:\Users\USER\Documents\Python Rep\SHL_Audio\Dataset_Final\train\audio_682.wav,True,60.0746875,16000,1,961195,WAV,PCM_16,
train,audio_5045.wav,C:\Users\USER\Documents\Python Rep\SHL_Audio\Dataset_Final\train\audio_5045.wav,True,60.0746875,16000,1,961195,WAV,PCM_16,
train,audio_173.wav,C:\Users\USER\Documents\Python Rep\SHL_Audio\Dataset_Final\train\audio_173.wav,True,60.0746875,16000,1,961195,WAV,PCM_16,
train,audio_338.wav,C:\Users\USER\Documents\Python Rep\SHL_Audio\Dataset_Final\train\audio_338.wav,True,60.0106875,16000,1,960171,WAV,PCM_16,
train,audio_188.wav,C:\Users\USER\Documents\Python Rep\SHL_Audio\Dataset_Final\train\audio_188.wav,True,60.07475,16000,1,961196,WAV,PCM_16,
train,audio_59.wav,C:\Users\USER\Documents\Python Rep\SHL_Audio\Dataset_Final\train\audio_59.wav,True,45.06,16000,1,720960,WAV,PCM_16,
train,audio_318.wav,C:\Users\USER\Documents\Python Rep\SHL_Audio\Dataset_Final\train\audio_318.wav,True,60.0746875,16000,1,961195,WAV,PCM_16,
train,audio_17.wav,C:\Users\USER\Documents\Python Rep\SHL_Audio\Dataset_Final\train\audio_17.wav,True,44.1,16000,1,705600,WAV,PCM_16,
train,audio_551.wav,C:\Users\USER\Documents\Python Rep\SHL_Audio\Dataset_Final\train\audio_551.wav,True,60.0746875,16000,1,961195,WAV,PCM_16,
train,audio_275.wav,C:\Users\USER\Documents\Python Rep\SHL_Audio\Dataset_Final\train\audio_275.wav,True,39.0186875,16000,1,624299,WAV,PCM_16,
train,audio_368.wav,C:\Users\USER\Documents\Python Rep\SHL_Audio\Dataset_Final\train\audio_368.wav,True,60.0746875,16000,1,961195,WAV,PCM_16,
train,audio_730.wav,C:\Users\USER\Documents\Python Rep\SHL_Audio\Dataset_Final\train\audio_730.wav,True,60.0746875,16000,1,961195,WAV,PCM_16,
train,audio_5060.wav,C:\Users\USER\Documents\Python Rep\SHL_Audio\Dataset_Final\train\audio_5060.wav,True,60.0746875,16000,1,961195,WAV,PCM_16,
train,audio_685.wav,C:\Users\USER\Documents\Python Rep\SHL_Audio\Dataset_Final\train\audio_685.wav,True,60.0746875,16000,1,961195,WAV,PCM_16,
train,audio_7.wav,C:\Users\USER\Documents\Python Rep\SHL_Audio\Dataset_Final\train\audio_7.wav,True,45.06,16000,1,720960,WAV,PCM_16,
train,audio_204.wav,C:\Users\USER\Documents\Python Rep\SHL_Audio\Dataset_Final\train\audio_204.wav,True,61.03475,16000,1,976556,WAV,PCM_16,
train,audio_5064.wav,C:\Users\USER\Documents\Python Rep\SHL_Audio\Dataset_Final\train\audio_5064.wav,True,60.0746875,16000,1,961195,WAV,PCM_16,
train,audio_127.wav,C:\Users\USER\Documents\Python Rep\SHL_Audio\Dataset_Final\train\audio_127.wav,True,45.06,16000,1,720960,WAV,PCM_16,
train,audio_412.wav,C:\Users\USER\Documents\Python Rep\SHL_Audio\Dataset_Final\train\audio_412.wav,True,33.728,16000,1,539648,WAV,PCM_16,
train,audio_132.wav,C:\Users\USER\Documents\Python Rep\SHL_Audio\Dataset_Final\train\audio_132.wav,True,45.06,16000,1,720960,WAV,PCM_16,
train,audio_156.wav,C:\Users\USER\Documents\Python Rep\SHL_Audio\Dataset_Final\train\audio_156.wav,True,60.08,16000,1,961280,WAV,PCM_16,
train,audio_426.wav,C:\Users\USER\Documents\Python Rep\SHL_Audio\Dataset_Final\train\audio_426.wav,True,60.0746875,16000,1,961195,WAV,PCM_16,
train,audio_709.wav,C:\Users\USER\Documents\Python Rep\SHL_Audio\Dataset_Final\train\audio_709.wav,True,60.0106875,16000,1,960171,WAV,PCM_16,
train,audio_291.wav,C:\Users\USER\Documents\Python Rep\SHL_Audio\Dataset_Final\train\audio_291.wav,True,56.4693125,16000,1,903509,WAV,PCM_16,
train,audio_523.wav,C:\Users\USER\Documents\Python Rep\SHL_Audio\Dataset_Final\train\audio_523.wav,True,60.0746875,16000,1,961195,WAV,PCM_16,
train,audio_632.wav,C:\Users\USER\Documents\Python Rep\SHL_Audio\Dataset_Final\train\audio_632.wav,True,60.0746875,16000,1,961195,WAV,PCM_16,
train,audio_684.wav,C:\Users\USER\Documents\Python Rep\SHL_Audio\Dataset_Final\train\audio_684.wav,True,57.792,16000,1,924672,WAV,PCM_16,
train,audio_512.wav,C:\Users\USER\Documents\Python Rep\SHL_Audio\Dataset_Final\train\audio_512.wav,True,60.0746875,16000,1,961195,WAV,PCM_16,
train,audio_764.wav,C:\Users\USER\Documents\Python Rep\SHL_Audio\Dataset_Final\train\audio_764.wav,True,60.0106875,16000,1,960171,WAV,PCM_16,
train,audio_585.wav,C:\Users\USER\Documents\Python Rep\SHL_Audio\Dataset_Final\train\audio_585.wav,True,60.0746875,16000,1,961195,WAV,PCM_16,
train,audio_562.wav,C:\Users\USER\Documents\Python Rep\SHL_Audio\Dataset_Final\train\audio_562.wav,True,61.0346875,16000,1,976555,WAV,PCM_16,
train,audio_465.wav,C:\Users\USER\Documents\Python Rep\SHL_Audio\Dataset_Final\train\audio_465.wav,True,60.0746875,16000,1,961195,WAV,PCM_16,
train,audio_37.wav,C:\Users\USER\Documents\Python Rep\SHL_Audio\Dataset_Final\train\audio_37.wav,True,45.06,16000,1,720960,WAV,PCM_16,
train,audio_47.wav,C:\Users\USER\Documents\Python Rep\SHL_Audio\Dataset_Final\train\audio_47.wav,True,45.12,16000,1,721920,WAV,PCM_16,
train,audio_233.wav,C:\Users\USER\Documents\Python Rep\SHL_Audio\Dataset_Final\train\audio_233.wav,True,60.08,16000,1,961280,WAV,PCM_16,
train,audio_621.wav,C:\Users\USER\Documents\Python Rep\SHL_Audio\Dataset_Final\train\audio_621.wav,True,60.0746875,16000,1,961195,WAV,PCM_16,
train,audio_590.wav,C:\Users\USER\Documents\Python Rep\SHL_Audio\Dataset_Final\train\audio_590.wav,True,60.0746875,16000,1,961195,WAV,PCM_16,
train,audio_349.wav,C:\Users\USER\Documents\Python Rep\SHL_Audio\Dataset_Final\train\audio_349.wav,True,60.0746875,16000,1,961195,WAV,PCM_16,
train,audio_387.wav,C:\Users\USER\Documents\Python Rep\SHL_Audio\Dataset_Final\train\audio_387.wav,True,60.0106875,16000,1,960171,WAV,PCM_16,
train,audio_630.wav,C:\Users\USER\Documents\Python Rep\SHL_Audio\Dataset_Final\train\audio_630.wav,True,60.0746875,16000,1,961195,WAV,PCM_16,
train,audio_5046.wav,C:\Users\USER\Documents\Python Rep\SHL_Audio\Dataset_Final\train\audio_5046.wav,True,60.0746875,16000,1,961195,WAV,PCM_16,
train,audio_183.wav,C:\Users\USER\Documents\Python Rep\SHL_Audio\Dataset_Final\train\audio_183.wav,True,60.07475,16000,1,961196,WAV,PCM_16,
train,audio_607.wav,C:\Users\USER\Documents\Python Rep\SHL_Audio\Dataset_Final\train\audio_607.wav,True,60.0746875,16000,1,961195,WAV,PCM_16,
train,audio_133.wav,C:\Users\USER\Documents\Python Rep\SHL_Audio\Dataset_Final\train\audio_133.wav,True,45.0,16000,1,720000,WAV,PCM_16,
train,audio_443.wav,C:\Users\USER\Documents\Python Rep\SHL_Audio\Dataset_Final\train\audio_443.wav,True,60.0746875,16000,1,961195,WAV,PCM_16,
train,audio_55.wav,C:\Users\USER\Documents\Python Rep\SHL_Audio\Dataset_Final\train\audio_55.wav,True,45.06,16000,1,720960,WAV,PCM_16,
train,audio_686.wav,C:\Users\USER\Documents\Python Rep\SHL_Audio\Dataset_Final\train\audio_686.wav,True,53.888,16000,1,862208,WAV,PCM_16,
train,audio_740.wav,C:\Users\USER\Documents\Python Rep\SHL_Audio\Dataset_Final\train\audio_740.wav,True,60.0746875,16000,1,961195,WAV,PCM_16,
train,audio_699.wav,C:\Users\USER\Documents\Python Rep\SHL_Audio\Dataset_Final\train\audio_699.wav,True,60.0746875,16000,1,961195,WAV,PCM_16,
train,audio_44.wav,C:\Users\USER\Documents\Python Rep\SHL_Audio\Dataset_Final\train\audio_44.wav,True,45.06,16000,1,720960,WAV,PCM_16,
train,audio_500.wav,C:\Users\USER\Documents\Python Rep\SHL_Audio\Dataset_Final\train\audio_500.wav,True,60.0746875,16000,1,961195,WAV,PCM_16,
train,audio_265.wav,C:\Users\USER\Documents\Python Rep\SHL_Audio\Dataset_Final\train\audio_265.wav,True,60.08,16000,1,961280,WAV,PCM_16,
train,audio_125.wav,C:\Users\USER\Documents\Python Rep\SHL_Audio\Dataset_Final\train\audio_125.wav,True,45.06,16000,1,720960,WAV,PCM_16,
train,audio_413.wav,C:\Users\USER\Documents\Python Rep\SHL_Audio\Dataset_Final\train\audio_413.wav,True,45.9093125,16000,1,734549,WAV,PCM_16,
train,audio_256.wav,C:\Users\USER\Documents\Python Rep\SHL_Audio\Dataset_Final\train\audio_256.wav,True,60.08,16000,1,961280,WAV,PCM_16,
train,audio_350.wav,C:\Users\USER\Documents\Python Rep\SHL_Audio\Dataset_Final\train\audio_350.wav,True,60.0746875,16000,1,961195,WAV,PCM_16,
train,audio_364.wav,C:\Users\USER\Documents\Python Rep\SHL_Audio\Dataset_Final\train\audio_364.wav,True,60.0746875,16000,1,961195,WAV,PCM_16,
train,audio_131.wav,C:\Users\USER\Documents\Python Rep\SHL_Audio\Dataset_Final\train\audio_131.wav,True,44.88,16000,1,718080,WAV,PCM_16,
train,audio_168.wav,C:\Users\USER\Documents\Python Rep\SHL_Audio\Dataset_Final\train\audio_168.wav,True,60.0746875,16000,1,961195,WAV,PCM_16,
train,audio_557.wav,C:\Users\USER\Documents\Python Rep\SHL_Audio\Dataset_Final\train\audio_557.wav,True,44.0533125,16000,1,704853,WAV,PCM_16,
train,audio_670.wav,C:\Users\USER\Documents\Python Rep\SHL_Audio\Dataset_Final\train\audio_670.wav,True,60.0746875,16000,1,961195,WAV,PCM_16,
train,audio_342.wav,C:\Users\USER\Documents\Python Rep\SHL_Audio\Dataset_Final\train\audio_342.wav,True,60.0746875,16000,1,961195,WAV,PCM_16,
train,audio_2.wav,C:\Users\USER\Documents\Python Rep\SHL_Audio\Dataset_Final\train\audio_2.wav,True,45.0,16000,1,720000,WAV,PCM_16,
train,audio_5048.wav,C:\Users\USER\Documents\Python Rep\SHL_Audio\Dataset_Final\train\audio_5048.wav,True,60.0746875,16000,1,961195,WAV,PCM_16,
train,audio_741.wav,C:\Users\USER\Documents\Python Rep\SHL_Audio\Dataset_Final\train\audio_741.wav,True,60.0746875,16000,1,961195,WAV,PCM_16,
train,audio_294.wav,C:\Users\USER\Documents\Python Rep\SHL_Audio\Dataset_Final\train\audio_294.wav,True,60.0746875,16000,1,961195,WAV,PCM_16,
train,audio_370.wav,C:\Users\USER\Documents\Python Rep\SHL_Audio\Dataset_Final\train\audio_370.wav,True,60.0746875,16000,1,961195,WAV,PCM_16,
train,audio_417.wav,C:\Users\USER\Documents\Python Rep\SHL_Audio\Dataset_Final\train\audio_417.wav,True,60.0746875,16000,1,961195,WAV,PCM_16,
train,audio_753.wav,C:\Users\USER\Documents\Python Rep\SHL_Audio\Dataset_Final\train\audio_753.wav,True,60.0746875,16000,1,961195,WAV,PCM_16,
train,audio_533.wav,C:\Users\USER\Documents\Python Rep\SHL_Audio\Dataset_Final\train\audio_533.wav,True,60.0746875,16000,1,961195,WAV,PCM_16,
train,audio_239.wav,C:\Users\USER\Documents\Python Rep\SHL_Audio\Dataset_Final\train\audio_239.wav,True,60.08,16000,1,961280,WAV,PCM_16,
train,audio_566.wav,C:\Users\USER\Documents\Python Rep\SHL_Audio\Dataset_Final\train\audio_566.wav,True,60.0746875,16000,1,961195,WAV,PCM_16,
train,audio_736.wav,C:\Users\USER\Documents\Python Rep\SHL_Audio\Dataset_Final\train\audio_736.wav,True,60.0106875,16000,1,960171,WAV,PCM_16,
train,audio_541.wav,C:\Users\USER\Documents\Python Rep\SHL_Audio\Dataset_Final\train\audio_541.wav,True,60.0746875,16000,1,961195,WAV,PCM_16,
train,audio_531.wav,C:\Users\USER\Documents\Python Rep\SHL_Audio\Dataset_Final\train\audio_531.wav,True,60.0746875,16000,1,961195,WAV,PCM_16,
train,audio_280.wav,C:\Users\USER\Documents\Python Rep\SHL_Audio\Dataset_Final\train\audio_280.wav,True,60.0746875,16000,1,961195,WAV,PCM_16,
train,audio_33.wav,C:\Users\USER\Documents\Python Rep\SHL_Audio\Dataset_Final\train\audio_33.wav,True,39.36,16000,1,629760,WAV,PCM_16,
train,audio_307.wav,C:\Users\USER\Documents\Python Rep\SHL_Audio\Dataset_Final\train\audio_307.wav,True,60.1386875,16000,1,962219,WAV,PCM_16,
train,audio_617.wav,C:\Users\USER\Documents\Python Rep\SHL_Audio\Dataset_Final\train\audio_617.wav,True,60.0746875,16000,1,961195,WAV,PCM_16,
train,audio_613.wav,C:\Users\USER\Documents\Python Rep\SHL_Audio\Dataset_Final\train\audio_613.wav,True,60.0746875,16000,1,961195,WAV,PCM_16,
train,audio_472.wav,C:\Users\USER\Documents\Python Rep\SHL_Audio\Dataset_Final\train\audio_472.wav,True,23.8933125,16000,1,382293,WAV,PCM_16,
train,audio_568.wav,C:\Users\USER\Documents\Python Rep\SHL_Audio\Dataset_Final\train\audio_568.wav,True,60.0746875,16000,1,961195,WAV,PCM_16,
train,audio_521.wav,C:\Users\USER\Documents\Python Rep\SHL_Audio\Dataset_Final\train\audio_521.wav,True,60.0746875,16000,1,961195,WAV,PCM_16,
train,audio_401.wav,C:\Users\USER\Documents\Python Rep\SHL_Audio\Dataset_Final\train\audio_401.wav,True,60.0746875,16000,1,961195,WAV,PCM_16,
train,audio_573.wav,C:\Users\USER\Documents\Python Rep\SHL_Audio\Dataset_Final\train\audio_573.wav,True,60.0746875,16000,1,961195,WAV,PCM_16,
train,audio_180.wav,C:\Users\USER\Documents\Python Rep\SHL_Audio\Dataset_Final\train\audio_180.wav,True,60.07475,16000,1,961196,WAV,PCM_16,
train,audio_320.wav,C:\Users\USER\Documents\Python Rep\SHL_Audio\Dataset_Final\train\audio_320.wav,True,38.8906875,16000,1,622251,WAV,PCM_16,
train,audio_85.wav,C:\Users\USER\Documents\Python Rep\SHL_Audio\Dataset_Final\train\audio_85.wav,True,45.06,16000,1,720960,WAV,PCM_16,
train,audio_296.wav,C:\Users\USER\Documents\Python Rep\SHL_Audio\Dataset_Final\train\audio_296.wav,True,60.0746875,16000,1,961195,WAV,PCM_16,
train,audio_250.wav,C:\Users\USER\Documents\Python Rep\SHL_Audio\Dataset_Final\train\audio_250.wav,True,20.12,16000,1,321920,WAV,PCM_16,
train,audio_346.wav,C:\Users\USER\Documents\Python Rep\SHL_Audio\Dataset_Final\train\audio_346.wav,True,60.0746875,16000,1,961195,WAV,PCM_16,
train,audio_335.wav,C:\Users\USER\Documents\Python Rep\SHL_Audio\Dataset_Final\train\audio_335.wav,True,60.0746875,16000,1,961195,WAV,PCM_16,
train,audio_20.wav,C:\Users\USER\Documents\Python Rep\SHL_Audio\Dataset_Final\train\audio_20.wav,True,43.02,16000,1,688320,WAV,PCM_16,
train,audio_5071.wav,C:\Users\USER\Documents\Python Rep\SHL_Audio\Dataset_Final\train\audio_5071.wav,True,60.0746875,16000,1,961195,WAV,PCM_16,
train,audio_558.wav,C:\Users\USER\Documents\Python Rep\SHL_Audio\Dataset_Final\train\audio_558.wav,True,60.0746875,16000,1,961195,WAV,PCM_16,
train,audio_289.wav,C:\Users\USER\Documents\Python Rep\SHL_Audio\Dataset_Final\train\audio_289.wav,True,60.0746875,16000,1,961195,WAV,PCM_16,
train,audio_620.wav,C:\Users\USER\Documents\Python Rep\SHL_Audio\Dataset_Final\train\audio_620.wav,True,61.0346875,16000,1,976555,WAV,PCM_16,
train,audio_665.wav,C:\Users\USER\Documents\Python Rep\SHL_Audio\Dataset_Final\train\audio_665.wav,True,60.0746875,16000,1,961195,WAV,PCM_16,
train,audio_751.wav,C:\Users\USER\Documents\Python Rep\SHL_Audio\Dataset_Final\train\audio_751.wav,True,60.0746875,16000,1,961195,WAV,PCM_16,
train,audio_442.wav,C:\Users\USER\Documents\Python Rep\SHL_Audio\Dataset_Final\train\audio_442.wav,True,60.0746875,16000,1,961195,WAV,PCM_16,
train,audio_362.wav,C:\Users\USER\Documents\Python Rep\SHL_Audio\Dataset_Final\train\audio_362.wav,True,60.0746875,16000,1,961195,WAV,PCM_16,
train,audio_311.wav,C:\Users\USER\Documents\Python Rep\SHL_Audio\Dataset_Final\train\audio_311.wav,True,60.0746875,16000,1,961195,WAV,PCM_16,
train,audio_724.wav,C:\Users\USER\Documents\Python Rep\SHL_Audio\Dataset_Final\train\audio_724.wav,True,60.0106875,16000,1,960171,WAV,PCM_16,
train,audio_39.wav,C:\Users\USER\Documents\Python Rep\SHL_Audio\Dataset_Final\train\audio_39.wav,True,45.06,16000,1,720960,WAV,PCM_16,
train,audio_290.wav,C:\Users\USER\Documents\Python Rep\SHL_Audio\Dataset_Final\train\audio_290.wav,True,60.07475,16000,1,961196,WAV,PCM_16,
train,audio_23.wav,C:\Users\USER\Documents\Python Rep\SHL_Audio\Dataset_Final\train\audio_23.wav,True,45.06,16000,1,720960,WAV,PCM_16,
train,audio_624.wav,C:\Users\USER\Documents\Python Rep\SHL_Audio\Dataset_Final\train\audio_624.wav,True,60.0746875,16000,1,961195,WAV,PCM_16,
train,audio_206.wav,C:\Users\USER\Documents\Python Rep\SHL_Audio\Dataset_Final\train\audio_206.wav,True,60.07475,16000,1,961196,WAV,PCM_16,
train,audio_288.wav,C:\Users\USER\Documents\Python Rep\SHL_Audio\Dataset_Final\train\audio_288.wav,True,60.0746875,16000,1,961195,WAV,PCM_16,
train,audio_60.wav,C:\Users\USER\Documents\Python Rep\SHL_Audio\Dataset_Final\train\audio_60.wav,True,45.0,16000,1,720000,WAV,PCM_16,
train,audio_80.wav,C:\Users\USER\Documents\Python Rep\SHL_Audio\Dataset_Final\train\audio_80.wav,True,45.06,16000,1,720960,WAV,PCM_16,
train,audio_214.wav,C:\Users\USER\Documents\Python Rep\SHL_Audio\Dataset_Final\train\audio_214.wav,True,60.07475,16000,1,961196,WAV,PCM_16,
train,audio_599.wav,C:\Users\USER\Documents\Python Rep\SHL_Audio\Dataset_Final\train\audio_599.wav,True,60.0746875,16000,1,961195,WAV,PCM_16,
train,audio_5063.wav,C:\Users\USER\Documents\Python Rep\SHL_Audio\Dataset_Final\train\audio_5063.wav,True,46.336,16000,1,741376,WAV,PCM_16,
train,audio_207.wav,C:\Users\USER\Documents\Python Rep\SHL_Audio\Dataset_Final\train\audio_207.wav,True,60.07475,16000,1,961196,WAV,PCM_16,
train,audio_438.wav,C:\Users\USER\Documents\Python Rep\SHL_Audio\Dataset_Final\train\audio_438.wav,True,60.0746875,16000,1,961195,WAV,PCM_16,
train,audio_332.wav,C:\Users\USER\Documents\Python Rep\SHL_Audio\Dataset_Final\train\audio_332.wav,True,60.0746875,16000,1,961195,WAV,PCM_16,
train,audio_159.wav,C:\Users\USER\Documents\Python Rep\SHL_Audio\Dataset_Final\train\audio_159.wav,True,60.08,16000,1,961280,WAV,PCM_16,
train,audio_478.wav,C:\Users\USER\Documents\Python Rep\SHL_Audio\Dataset_Final\train\audio_478.wav,True,60.0746875,16000,1,961195,WAV,PCM_16,
train,audio_46.wav,C:\Users\USER\Documents\Python Rep\SHL_Audio\Dataset_Final\train\audio_46.wav,True,45.06,16000,1,720960,WAV,PCM_16,
train,audio_130.wav,C:\Users\USER\Documents\Python Rep\SHL_Audio\Dataset_Final\train\audio_130.wav,True,45.06,16000,1,720960,WAV,PCM_16,
train,audio_437.wav,C:\Users\USER\Documents\Python Rep\SHL_Audio\Dataset_Final\train\audio_437.wav,True,60.0746875,16000,1,961195,WAV,PCM_16,
train,audio_771.wav,C:\Users\USER\Documents\Python Rep\SHL_Audio\Dataset_Final\train\audio_771.wav,True,60.0746875,16000,1,961195,WAV,PCM_16,
train,audio_759.wav,C:\Users\USER\Documents\Python Rep\SHL_Audio\Dataset_Final\train\audio_759.wav,True,60.0746875,16000,1,961195,WAV,PCM_16,
train,audio_25.wav,C:\Users\USER\Documents\Python Rep\SHL_Audio\Dataset_Final\train\audio_25.wav,True,45.06,16000,1,720960,WAV,PCM_16,
train,audio_191.wav,C:\Users\USER\Documents\Python Rep\SHL_Audio\Dataset_Final\train\audio_191.wav,True,60.423,16000,1,966768,WAV,PCM_16,
train,audio_182.wav,C:\Users\USER\Documents\Python Rep\SHL_Audio\Dataset_Final\train\audio_182.wav,True,40.448,16000,1,647168,WAV,PCM_16,
train,audio_236.wav,C:\Users\USER\Documents\Python Rep\SHL_Audio\Dataset_Final\train\audio_236.wav,True,48.7,16000,1,779200,WAV,PCM_16,
train,audio_24.wav,C:\Users\USER\Documents\Python Rep\SHL_Audio\Dataset_Final\train\audio_24.wav,True,45.06,16000,1,720960,WAV,PCM_16,
train,audio_428.wav,C:\Users\USER\Documents\Python Rep\SHL_Audio\Dataset_Final\train\audio_428.wav,True,60.0746875,16000,1,961195,WAV,PCM_16,
train,audio_678.wav,C:\Users\USER\Documents\Python Rep\SHL_Audio\Dataset_Final\train\audio_678.wav,True,55.2746875,16000,1,884395,WAV,PCM_16,
train,audio_591.wav,C:\Users\USER\Documents\Python Rep\SHL_Audio\Dataset_Final\train\audio_591.wav,True,60.0746875,16000,1,961195,WAV,PCM_16,
train,audio_597.wav,C:\Users\USER\Documents\Python Rep\SHL_Audio\Dataset_Final\train\audio_597.wav,True,60.0746875,16000,1,961195,WAV,PCM_16,
train,audio_580.wav,C:\Users\USER\Documents\Python Rep\SHL_Audio\Dataset_Final\train\audio_580.wav,True,60.0746875,16000,1,961195,WAV,PCM_16,
train,audio_19.wav,C:\Users\USER\Documents\Python Rep\SHL_Audio\Dataset_Final\train\audio_19.wav,True,45.06,16000,1,720960,WAV,PCM_16,
train,audio_476.wav,C:\Users\USER\Documents\Python Rep\SHL_Audio\Dataset_Final\train\audio_476.wav,True,60.0746875,16000,1,961195,WAV,PCM_16,
train,audio_375.wav,C:\Users\USER\Documents\Python Rep\SHL_Audio\Dataset_Final\train\audio_375.wav,True,60.0746875,16000,1,961195,WAV,PCM_16,
train,audio_642.wav,C:\Users\USER\Documents\Python Rep\SHL_Audio\Dataset_Final\train\audio_642.wav,True,60.0746875,16000,1,961195,WAV,PCM_16,
train,audio_66.wav,C:\Users\USER\Documents\Python Rep\SHL_Audio\Dataset_Final\train\audio_66.wav,True,59.96,16000,1,959360,WAV,PCM_16,
train,audio_186.wav,C:\Users\USER\Documents\Python Rep\SHL_Audio\Dataset_Final\train\audio_186.wav,True,60.07475,16000,1,961196,WAV,PCM_16,
train,audio_713.wav,C:\Users\USER\Documents\Python Rep\SHL_Audio\Dataset_Final\train\audio_713.wav,True,60.0746875,16000,1,961195,WAV,PCM_16,
train,audio_354.wav,C:\Users\USER\Documents\Python Rep\SHL_Audio\Dataset_Final\train\audio_354.wav,True,60.0746875,16000,1,961195,WAV,PCM_16,
train,audio_768.wav,C:\Users\USER\Documents\Python Rep\SHL_Audio\Dataset_Final\train\audio_768.wav,True,60.0746875,16000,1,961195,WAV,PCM_16,
train,audio_14.wav,C:\Users\USER\Documents\Python Rep\SHL_Audio\Dataset_Final\train\audio_14.wav,True,45.06,16000,1,720960,WAV,PCM_16,
train,audio_208.wav,C:\Users\USER\Documents\Python Rep\SHL_Audio\Dataset_Final\train\audio_208.wav,True,60.07475,16000,1,961196,WAV,PCM_16,
train,audio_418.wav,C:\Users\USER\Documents\Python Rep\SHL_Audio\Dataset_Final\train\audio_418.wav,True,60.615,16000,1,969840,WAV,PCM_16,
train,audio_212.wav,C:\Users\USER\Documents\Python Rep\SHL_Audio\Dataset_Final\train\audio_212.wav,True,60.07475,16000,1,961196,WAV,PCM_16,
train,audio_177.wav,C:\Users\USER\Documents\Python Rep\SHL_Audio\Dataset_Final\train\audio_177.wav,True,60.08,16000,1,961280,WAV,PCM_16,
train,audio_503.wav,C:\Users\USER\Documents\Python Rep\SHL_Audio\Dataset_Final\train\audio_503.wav,True,60.0746875,16000,1,961195,WAV,PCM_16,
train,audio_564.wav,C:\Users\USER\Documents\Python Rep\SHL_Audio\Dataset_Final\train\audio_564.wav,True,60.0746875,16000,1,961195,WAV,PCM_16,
train,audio_257.wav,C:\Users\USER\Documents\Python Rep\SHL_Audio\Dataset_Final\train\audio_257.wav,True,60.08,16000,1,961280,WAV,PCM_16,
train,audio_408.wav,C:\Users\USER\Documents\Python Rep\SHL_Audio\Dataset_Final\train\audio_408.wav,True,34.0906875,16000,1,545451,WAV,PCM_16,
train,audio_468.wav,C:\Users\USER\Documents\Python Rep\SHL_Audio\Dataset_Final\train\audio_468.wav,True,60.0746875,16000,1,961195,WAV,PCM_16,
train,audio_574.wav,C:\Users\USER\Documents\Python Rep\SHL_Audio\Dataset_Final\train\audio_574.wav,True,60.0746875,16000,1,961195,WAV,PCM_16,
train,audio_26.wav,C:\Users\USER\Documents\Python Rep\SHL_Audio\Dataset_Final\train\audio_26.wav,True,45.06,16000,1,720960,WAV,PCM_16,
train,audio_480.wav,C:\Users\USER\Documents\Python Rep\SHL_Audio\Dataset_Final\train\audio_480.wav,True,60.7003125,16000,1,971205,WAV,PCM_16,
train,audio_706.wav,C:\Users\USER\Documents\Python Rep\SHL_Audio\Dataset_Final\train\audio_706.wav,True,60.0746875,16000,1,961195,WAV,PCM_16,
train,audio_57.wav,C:\Users\USER\Documents\Python Rep\SHL_Audio\Dataset_Final\train\audio_57.wav,True,45.06,16000,1,720960,WAV,PCM_16,
train,audio_209.wav,C:\Users\USER\Documents\Python Rep\SHL_Audio\Dataset_Final\train\audio_209.wav,True,60.01075,16000,1,960172,WAV,PCM_16,
train,audio_712.wav,C:\Users\USER\Documents\Python Rep\SHL_Audio\Dataset_Final\train\audio_712.wav,True,60.0746875,16000,1,961195,WAV,PCM_16,
train,audio_353.wav,C:\Users\USER\Documents\Python Rep\SHL_Audio\Dataset_Final\train\audio_353.wav,True,56.0,16000,1,896000,WAV,PCM_16,
train,audio_575.wav,C:\Users\USER\Documents\Python Rep\SHL_Audio\Dataset_Final\train\audio_575.wav,True,60.0746875,16000,1,961195,WAV,PCM_16,
train,audio_383.wav,C:\Users\USER\Documents\Python Rep\SHL_Audio\Dataset_Final\train\audio_383.wav,True,60.0746875,16000,1,961195,WAV,PCM_16,
train,audio_781.wav,C:\Users\USER\Documents\Python Rep\SHL_Audio\Dataset_Final\train\audio_781.wav,True,60.615,16000,1,969840,WAV,PCM_16,
train,audio_118.wav,C:\Users\USER\Documents\Python Rep\SHL_Audio\Dataset_Final\train\audio_118.wav,True,45.06,16000,1,720960,WAV,PCM_16,
train,audio_337.wav,C:\Users\USER\Documents\Python Rep\SHL_Audio\Dataset_Final\train\audio_337.wav,True,60.0746875,16000,1,961195,WAV,PCM_16,
train,audio_715.wav,C:\Users\USER\Documents\Python Rep\SHL_Audio\Dataset_Final\train\audio_715.wav,True,60.0746875,16000,1,961195,WAV,PCM_16,
train,audio_323.wav,C:\Users\USER\Documents\Python Rep\SHL_Audio\Dataset_Final\train\audio_323.wav,True,60.0746875,16000,1,961195,WAV,PCM_16,
train,audio_374.wav,C:\Users\USER\Documents\Python Rep\SHL_Audio\Dataset_Final\train\audio_374.wav,True,60.0746875,16000,1,961195,WAV,PCM_16,
train,audio_348.wav,C:\Users\USER\Documents\Python Rep\SHL_Audio\Dataset_Final\train\audio_348.wav,True,57.6,16000,1,921600,WAV,PCM_16,
train,audio_547.wav,C:\Users\USER\Documents\Python Rep\SHL_Audio\Dataset_Final\train\audio_547.wav,True,60.0746875,16000,1,961195,WAV,PCM_16,
train,audio_41.wav,C:\Users\USER\Documents\Python Rep\SHL_Audio\Dataset_Final\train\audio_41.wav,True,43.8,16000,1,700800,WAV,PCM_16,
train,audio_284.wav,C:\Users\USER\Documents\Python Rep\SHL_Audio\Dataset_Final\train\audio_284.wav,True,60.0746875,16000,1,961195,WAV,PCM_16,
train,audio_13.wav,C:\Users\USER\Documents\Python Rep\SHL_Audio\Dataset_Final\train\audio_13.wav,True,45.0220625,16000,1,720353,WAV,PCM_16,
train,audio_548.wav,C:\Users\USER\Documents\Python Rep\SHL_Audio\Dataset_Final\train\audio_548.wav,True,60.0746875,16000,1,961195,WAV,PCM_16,
train,audio_687.wav,C:\Users\USER\Documents\Python Rep\SHL_Audio\Dataset_Final\train\audio_687.wav,True,61.0346875,16000,1,976555,WAV,PCM_16,
train,audio_104.wav,C:\Users\USER\Documents\Python Rep\SHL_Audio\Dataset_Final\train\audio_104.wav,True,45.06,16000,1,720960,WAV,PCM_16,
train,audio_181.wav,C:\Users\USER\Documents\Python Rep\SHL_Audio\Dataset_Final\train\audio_181.wav,True,60.07475,16000,1,961196,WAV,PCM_16,
train,audio_755.wav,C:\Users\USER\Documents\Python Rep\SHL_Audio\Dataset_Final\train\audio_755.wav,True,50.24,16000,1,803840,WAV,PCM_16,
train,audio_733.wav,C:\Users\USER\Documents\Python Rep\SHL_Audio\Dataset_Final\train\audio_733.wav,True,60.0106875,16000,1,960171,WAV,PCM_16,
train,audio_5072.wav,C:\Users\USER\Documents\Python Rep\SHL_Audio\Dataset_Final\train\audio_5072.wav,True,60.0746875,16000,1,961195,WAV,PCM_16,
train,audio_776.wav,C:\Users\USER\Documents\Python Rep\SHL_Audio\Dataset_Final\train\audio_776.wav,True,60.0746875,16000,1,961195,WAV,PCM_16,
train,audio_70.wav,C:\Users\USER\Documents\Python Rep\SHL_Audio\Dataset_Final\train\audio_70.wav,True,60.8,16000,1,972800,WAV,PCM_16,
train,audio_49.wav,C:\Users\USER\Documents\Python Rep\SHL_Audio\Dataset_Final\train\audio_49.wav,True,45.66,16000,1,730560,WAV,PCM_16,
train,audio_527.wav,C:\Users\USER\Documents\Python Rep\SHL_Audio\Dataset_Final\train\audio_527.wav,True,60.0746875,16000,1,961195,WAV,PCM_16,
train,audio_273.wav,C:\Users\USER\Documents\Python Rep\SHL_Audio\Dataset_Final\train\audio_273.wav,True,60.0746875,16000,1,961195,WAV,PCM_16,
train,audio_139.wav,C:\Users\USER\Documents\Python Rep\SHL_Audio\Dataset_Final\train\audio_139.wav,True,60.08,16000,1,961280,WAV,PCM_16,
train,audio_467.wav,C:\Users\USER\Documents\Python Rep\SHL_Audio\Dataset_Final\train\audio_467.wav,True,60.0746875,16000,1,961195,WAV,PCM_16,
train,audio_407.wav,C:\Users\USER\Documents\Python Rep\SHL_Audio\Dataset_Final\train\audio_407.wav,True,60.0746875,16000,1,961195,WAV,PCM_16,
train,audio_404.wav,C:\Users\USER\Documents\Python Rep\SHL_Audio\Dataset_Final\train\audio_404.wav,True,60.0746875,16000,1,961195,WAV,PCM_16,
train,audio_534.wav,C:\Users\USER\Documents\Python Rep\SHL_Audio\Dataset_Final\train\audio_534.wav,True,60.0746875,16000,1,961195,WAV,PCM_16,
train,audio_96.wav,C:\Users\USER\Documents\Python Rep\SHL_Audio\Dataset_Final\train\audio_96.wav,True,45.06,16000,1,720960,WAV,PCM_16,
train,audio_137.wav,C:\Users\USER\Documents\Python Rep\SHL_Audio\Dataset_Final\train\audio_137.wav,True,45.06,16000,1,720960,WAV,PCM_16,
train,audio_150.wav,C:\Users\USER\Documents\Python Rep\SHL_Audio\Dataset_Final\train\audio_150.wav,True,58.624,16000,1,937984,WAV,PCM_16,
train,audio_339.wav,C:\Users\USER\Documents\Python Rep\SHL_Audio\Dataset_Final\train\audio_339.wav,True,60.0746875,16000,1,961195,WAV,PCM_16,
train,audio_409.wav,C:\Users\USER\Documents\Python Rep\SHL_Audio\Dataset_Final\train\audio_409.wav,True,59.712,16000,1,955392,WAV,PCM_16,
train,audio_78.wav,C:\Users\USER\Documents\Python Rep\SHL_Audio\Dataset_Final\train\audio_78.wav,True,45.06,16000,1,720960,WAV,PCM_16,
train,audio_244.wav,C:\Users\USER\Documents\Python Rep\SHL_Audio\Dataset_Final\train\audio_244.wav,True,60.08,16000,1,961280,WAV,PCM_16,
train,audio_752.wav,C:\Users\USER\Documents\Python Rep\SHL_Audio\Dataset_Final\train\audio_752.wav,True,42.9653125,16000,1,687445,WAV,PCM_16,
train,audio_508.wav,C:\Users\USER\Documents\Python Rep\SHL_Audio\Dataset_Final\train\audio_508.wav,True,60.0746875,16000,1,961195,WAV,PCM_16,
train,audio_664.wav,C:\Users\USER\Documents\Python Rep\SHL_Audio\Dataset_Final\train\audio_664.wav,True,60.0746875,16000,1,961195,WAV,PCM_16,
train,audio_701.wav,C:\Users\USER\Documents\Python Rep\SHL_Audio\Dataset_Final\train\audio_701.wav,True,60.0746875,16000,1,961195,WAV,PCM_16,
train,audio_5044.wav,C:\Users\USER\Documents\Python Rep\SHL_Audio\Dataset_Final\train\audio_5044.wav,True,24.128,16000,1,386048,WAV,PCM_16,
train,audio_734.wav,C:\Users\USER\Documents\Python Rep\SHL_Audio\Dataset_Final\train\audio_734.wav,True,60.0746875,16000,1,961195,WAV,PCM_16,
train,audio_51.wav,C:\Users\USER\Documents\Python Rep\SHL_Audio\Dataset_Final\train\audio_51.wav,True,44.9266875,16000,1,718827,WAV,PCM_16,
train,audio_704.wav,C:\Users\USER\Documents\Python Rep\SHL_Audio\Dataset_Final\train\audio_704.wav,True,60.0746875,16000,1,961195,WAV,PCM_16,
train,audio_129.wav,C:\Users\USER\Documents\Python Rep\SHL_Audio\Dataset_Final\train\audio_129.wav,True,45.06,16000,1,720960,WAV,PCM_16,
train,audio_107.wav,C:\Users\USER\Documents\Python Rep\SHL_Audio\Dataset_Final\train\audio_107.wav,True,45.06,16000,1,720960,WAV,PCM_16,
train,audio_143.wav,C:\Users\USER\Documents\Python Rep\SHL_Audio\Dataset_Final\train\audio_143.wav,True,54.44,16000,1,871040,WAV,PCM_16,
train,audio_458.wav,C:\Users\USER\Documents\Python Rep\SHL_Audio\Dataset_Final\train\audio_458.wav,True,57.4293125,16000,1,918869,WAV,PCM_16,
train,audio_424.wav,C:\Users\USER\Documents\Python Rep\SHL_Audio\Dataset_Final\train\audio_424.wav,True,60.0746875,16000,1,961195,WAV,PCM_16,
train,audio_563.wav,C:\Users\USER\Documents\Python Rep\SHL_Audio\Dataset_Final\train\audio_563.wav,True,60.0106875,16000,1,960171,WAV,PCM_16,
train,audio_625.wav,C:\Users\USER\Documents\Python Rep\SHL_Audio\Dataset_Final\train\audio_625.wav,True,60.0746875,16000,1,961195,WAV,PCM_16,
train,audio_302.wav,C:\Users\USER\Documents\Python Rep\SHL_Audio\Dataset_Final\train\audio_302.wav,True,60.0746875,16000,1,961195,WAV,PCM_16,
train,audio_154.wav,C:\Users\USER\Documents\Python Rep\SHL_Audio\Dataset_Final\train\audio_154.wav,True,60.0746875,16000,1,961195,WAV,PCM_16,
train,audio_754.wav,C:\Users\USER\Documents\Python Rep\SHL_Audio\Dataset_Final\train\audio_754.wav,True,46.208,16000,1,739328,WAV,PCM_16,
train,audio_749.wav,C:\Users\USER\Documents\Python Rep\SHL_Audio\Dataset_Final\train\audio_749.wav,True,60.0746875,16000,1,961195,WAV,PCM_16,
train,audio_366.wav,C:\Users\USER\Documents\Python Rep\SHL_Audio\Dataset_Final\train\audio_366.wav,True,60.0746875,16000,1,961195,WAV,PCM_16,
train,audio_693.wav,C:\Users\USER\Documents\Python Rep\SHL_Audio\Dataset_Final\train\audio_693.wav,True,24.9173125,16000,1,398677,WAV,PCM_16,
train,audio_608.wav,C:\Users\USER\Documents\Python Rep\SHL_Audio\Dataset_Final\train\audio_608.wav,True,45.7813125,16000,1,732501,WAV,PCM_16,
train,audio_220.wav,C:\Users\USER\Documents\Python Rep\SHL_Audio\Dataset_Final\train\audio_220.wav,True,60.07475,16000,1,961196,WAV,PCM_16,
train,audio_761.wav,C:\Users\USER\Documents\Python Rep\SHL_Audio\Dataset_Final\train\audio_761.wav,True,60.0746875,16000,1,961195,WAV,PCM_16,
train,audio_640.wav,C:\Users\USER\Documents\Python Rep\SHL_Audio\Dataset_Final\train\audio_640.wav,True,60.0746875,16000,1,961195,WAV,PCM_16,
train,audio_67.wav,C:\Users\USER\Documents\Python Rep\SHL_Audio\Dataset_Final\train\audio_67.wav,True,60.06,16000,1,960960,WAV,PCM_16,
train,audio_299.wav,C:\Users\USER\Documents\Python Rep\SHL_Audio\Dataset_Final\train\audio_299.wav,True,60.0746875,16000,1,961195,WAV,PCM_16,
train,audio_102.wav,C:\Users\USER\Documents\Python Rep\SHL_Audio\Dataset_Final\train\audio_102.wav,True,45.06,16000,1,720960,WAV,PCM_16,
train,audio_258.wav,C:\Users\USER\Documents\Python Rep\SHL_Audio\Dataset_Final\train\audio_258.wav,True,60.08,16000,1,961280,WAV,PCM_16,
train,audio_679.wav,C:\Users\USER\Documents\Python Rep\SHL_Audio\Dataset_Final\train\audio_679.wav,True,60.0746875,16000,1,961195,WAV,PCM_16,
train,audio_82.wav,C:\Users\USER\Documents\Python Rep\SHL_Audio\Dataset_Final\train\audio_82.wav,True,45.06,16000,1,720960,WAV,PCM_16,
train,audio_325.wav,C:\Users\USER\Documents\Python Rep\SHL_Audio\Dataset_Final\train\audio_325.wav,True,57.9626875,16000,1,927403,WAV,PCM_16,
train,audio_399.wav,C:\Users\USER\Documents\Python Rep\SHL_Audio\Dataset_Final\train\audio_399.wav,True,60.0746875,16000,1,961195,WAV,PCM_16,
train,audio_285.wav,C:\Users\USER\Documents\Python Rep\SHL_Audio\Dataset_Final\train\audio_285.wav,True,22.144,16000,1,354304,WAV,PCM_16,
train,audio_784.wav,C:\Users\USER\Documents\Python Rep\SHL_Audio\Dataset_Final\train\audio_784.wav,True,60.615,16000,1,969840,WAV,PCM_16,
train,audio_0.wav,C:\Users\USER\Documents\Python Rep\SHL_Audio\Dataset_Final\train\audio_0.wav,True,45.06,16000,1,720960,WAV,PCM_16,
train,audio_435.wav,C:\Users\USER\Documents\Python Rep\SHL_Audio\Dataset_Final\train\audio_435.wav,True,61.0346875,16000,1,976555,WAV,PCM_16,
train,audio_91.wav,C:\Users\USER\Documents\Python Rep\SHL_Audio\Dataset_Final\train\audio_91.wav,True,45.06,16000,1,720960,WAV,PCM_16,
train,audio_109.wav,C:\Users\USER\Documents\Python Rep\SHL_Audio\Dataset_Final\train\audio_109.wav,True,45.06,16000,1,720960,WAV,PCM_16,
train,audio_772.wav,C:\Users\USER\Documents\Python Rep\SHL_Audio\Dataset_Final\train\audio_772.wav,True,60.0746875,16000,1,961195,WAV,PCM_16,
train,audio_270.wav,C:\Users\USER\Documents\Python Rep\SHL_Audio\Dataset_Final\train\audio_270.wav,True,60.08,16000,1,961280,WAV,PCM_16,
train,audio_528.wav,C:\Users\USER\Documents\Python Rep\SHL_Audio\Dataset_Final\train\audio_528.wav,True,60.0746875,16000,1,961195,WAV,PCM_16,
train,audio_441.wav,C:\Users\USER\Documents\Python Rep\SHL_Audio\Dataset_Final\train\audio_441.wav,True,60.0746875,16000,1,961195,WAV,PCM_16,
train,audio_381.wav,C:\Users\USER\Documents\Python Rep\SHL_Audio\Dataset_Final\train\audio_381.wav,True,60.1386875,16000,1,962219,WAV,PCM_16,
train,audio_86.wav,C:\Users\USER\Documents\Python Rep\SHL_Audio\Dataset_Final\train\audio_86.wav,True,45.06,16000,1,720960,WAV,PCM_16,
train,audio_101.wav,C:\Users\USER\Documents\Python Rep\SHL_Audio\Dataset_Final\train\audio_101.wav,True,45.06,16000,1,720960,WAV,PCM_16,
train,audio_333.wav,C:\Users\USER\Documents\Python Rep\SHL_Audio\Dataset_Final\train\audio_333.wav,True,60.0746875,16000,1,961195,WAV,PCM_16,
train,audio_149.wav,C:\Users\USER\Documents\Python Rep\SHL_Audio\Dataset_Final\train\audio_149.wav,True,59.52,16000,1,952320,WAV,PCM_16,
train,audio_719.wav,C:\Users\USER\Documents\Python Rep\SHL_Audio\Dataset_Final\train\audio_719.wav,True,60.0106875,16000,1,960171,WAV,PCM_16,
train,audio_638.wav,C:\Users\USER\Documents\Python Rep\SHL_Audio\Dataset_Final\train\audio_638.wav,True,60.0746875,16000,1,961195,WAV,PCM_16,
train,audio_147.wav,C:\Users\USER\Documents\Python Rep\SHL_Audio\Dataset_Final\train\audio_147.wav,True,60.08,16000,1,961280,WAV,PCM_16,
train,audio_62.wav,C:\Users\USER\Documents\Python Rep\SHL_Audio\Dataset_Final\train\audio_62.wav,True,43.98,16000,1,703680,WAV,PCM_16,
train,audio_763.wav,C:\Users\USER\Documents\Python Rep\SHL_Audio\Dataset_Final\train\audio_763.wav,True,60.167,16000,1,962672,WAV,PCM_16,
train,audio_498.wav,C:\Users\USER\Documents\Python Rep\SHL_Audio\Dataset_Final\train\audio_498.wav,True,60.0746875,16000,1,961195,WAV,PCM_16,
train,audio_1.wav,C:\Users\USER\Documents\Python Rep\SHL_Audio\Dataset_Final\train\audio_1.wav,True,45.06,16000,1,720960,WAV,PCM_16,
train,audio_304.wav,C:\Users\USER\Documents\Python Rep\SHL_Audio\Dataset_Final\train\audio_304.wav,True,60.0746875,16000,1,961195,WAV,PCM_16,
train,audio_347.wav,C:\Users\USER\Documents\Python Rep\SHL_Audio\Dataset_Final\train\audio_347.wav,True,60.0746875,16000,1,961195,WAV,PCM_16,
train,audio_560.wav,C:\Users\USER\Documents\Python Rep\SHL_Audio\Dataset_Final\train\audio_560.wav,True,60.0746875,16000,1,961195,WAV,PCM_16,
train,audio_452.wav,C:\Users\USER\Documents\Python Rep\SHL_Audio\Dataset_Final\train\audio_452.wav,True,61.0346875,16000,1,976555,WAV,PCM_16,
train,audio_716.wav,C:\Users\USER\Documents\Python Rep\SHL_Audio\Dataset_Final\train\audio_716.wav,True,60.0746875,16000,1,961195,WAV,PCM_16,
train,audio_473.wav,C:\Users\USER\Documents\Python Rep\SHL_Audio\Dataset_Final\train\audio_473.wav,True,61.0346875,16000,1,976555,WAV,PCM_16,
train,audio_95.wav,C:\Users\USER\Documents\Python Rep\SHL_Audio\Dataset_Final\train\audio_95.wav,True,45.06,16000,1,720960,WAV,PCM_16,
train,audio_732.wav,C:\Users\USER\Documents\Python Rep\SHL_Audio\Dataset_Final\train\audio_732.wav,True,60.0746875,16000,1,961195,WAV,PCM_16,
train,audio_292.wav,C:\Users\USER\Documents\Python Rep\SHL_Audio\Dataset_Final\train\audio_292.wav,True,60.0106875,16000,1,960171,WAV,PCM_16,
train,audio_469.wav,C:\Users\USER\Documents\Python Rep\SHL_Audio\Dataset_Final\train\audio_469.wav,True,60.0746875,16000,1,961195,WAV,PCM_16,
train,audio_329.wav,C:\Users\USER\Documents\Python Rep\SHL_Audio\Dataset_Final\train\audio_329.wav,True,60.0746875,16000,1,961195,WAV,PCM_16,
train,audio_169.wav,C:\Users\USER\Documents\Python Rep\SHL_Audio\Dataset_Final\train\audio_169.wav,True,60.08,16000,1,961280,WAV,PCM_16,
train,audio_174.wav,C:\Users\USER\Documents\Python Rep\SHL_Audio\Dataset_Final\train\audio_174.wav,True,60.0746875,16000,1,961195,WAV,PCM_16,
train,audio_513.wav,C:\Users\USER\Documents\Python Rep\SHL_Audio\Dataset_Final\train\audio_513.wav,True,60.0746875,16000,1,961195,WAV,PCM_16,
train,audio_584.wav,C:\Users\USER\Documents\Python Rep\SHL_Audio\Dataset_Final\train\audio_584.wav,True,60.0746875,16000,1,961195,WAV,PCM_16,
train,audio_345.wav,C:\Users\USER\Documents\Python Rep\SHL_Audio\Dataset_Final\train\audio_345.wav,True,60.0746875,16000,1,961195,WAV,PCM_16,
train,audio_750.wav,C:\Users\USER\Documents\Python Rep\SHL_Audio\Dataset_Final\train\audio_750.wav,True,60.0746875,16000,1,961195,WAV,PCM_16,
train,audio_116.wav,C:\Users\USER\Documents\Python Rep\SHL_Audio\Dataset_Final\train\audio_116.wav,True,45.06,16000,1,720960,WAV,PCM_16,
train,audio_114.wav,C:\Users\USER\Documents\Python Rep\SHL_Audio\Dataset_Final\train\audio_114.wav,True,45.0,16000,1,720000,WAV,PCM_16,
train,audio_157.wav,C:\Users\USER\Documents\Python Rep\SHL_Audio\Dataset_Final\train\audio_157.wav,True,61.04,16000,1,976640,WAV,PCM_16,
train,audio_385.wav,C:\Users\USER\Documents\Python Rep\SHL_Audio\Dataset_Final\train\audio_385.wav,True,60.0746875,16000,1,961195,WAV,PCM_16,
train,audio_264.wav,C:\Users\USER\Documents\Python Rep\SHL_Audio\Dataset_Final\train\audio_264.wav,True,60.08,16000,1,961280,WAV,PCM_16,
train,audio_390.wav,C:\Users\USER\Documents\Python Rep\SHL_Audio\Dataset_Final\train\audio_390.wav,True,60.0746875,16000,1,961195,WAV,PCM_16,
train,audio_766.wav,C:\Users\USER\Documents\Python Rep\SHL_Audio\Dataset_Final\train\audio_766.wav,True,60.0746875,16000,1,961195,WAV,PCM_16,
train,audio_571.wav,C:\Users\USER\Documents\Python Rep\SHL_Audio\Dataset_Final\train\audio_571.wav,True,49.4506875,16000,1,791211,WAV,PCM_16,
train,audio_393.wav,C:\Users\USER\Documents\Python Rep\SHL_Audio\Dataset_Final\train\audio_393.wav,True,60.0106875,16000,1,960171,WAV,PCM_16,
train,audio_691.wav,C:\Users\USER\Documents\Python Rep\SHL_Audio\Dataset_Final\train\audio_691.wav,True,39.2533125,16000,1,628053,WAV,PCM_16,
test,audio_128.wav,C:\Users\USER\Documents\Python Rep\SHL_Audio\Dataset_Final\test\audio_128.wav,True,45.06,16000,1,720960,WAV,PCM_16,
test,audio_156.wav,C:\Users\USER\Documents\Python Rep\SHL_Audio\Dataset_Final\test\audio_156.wav,True,44.9693125,16000,1,719509,WAV,PCM_16,
test,audio_19.wav,C:\Users\USER\Documents\Python Rep\SHL_Audio\Dataset_Final\test\audio_19.wav,True,45.012,16000,1,720192,WAV,PCM_16,
test,audio_108.wav,C:\Users\USER\Documents\Python Rep\SHL_Audio\Dataset_Final\test\audio_108.wav,True,58.98,16000,1,943680,WAV,PCM_16,
test,audio_206.wav,C:\Users\USER\Documents\Python Rep\SHL_Audio\Dataset_Final\test\audio_206.wav,True,45.04,16000,1,720640,WAV,PCM_16,
test,audio_161.wav,C:\Users\USER\Documents\Python Rep\SHL_Audio\Dataset_Final\test\audio_161.wav,True,45.06,16000,1,720960,WAV,PCM_16,
test,audio_215.wav,C:\Users\USER\Documents\Python Rep\SHL_Audio\Dataset_Final\test\audio_215.wav,True,44.84,16000,1,717440,WAV,PCM_16,
test,audio_213.wav,C:\Users\USER\Documents\Python Rep\SHL_Audio\Dataset_Final\test\audio_213.wav,True,45.06,16000,1,720960,WAV,PCM_16,
test,audio_11.wav,C:\Users\USER\Documents\Python Rep\SHL_Audio\Dataset_Final\test\audio_11.wav,True,45.06,16000,1,720960,WAV,PCM_16,
test,audio_155.wav,C:\Users\USER\Documents\Python Rep\SHL_Audio\Dataset_Final\test\audio_155.wav,True,44.8626875,16000,1,717803,WAV,PCM_16,
test,audio_39.wav,C:\Users\USER\Documents\Python Rep\SHL_Audio\Dataset_Final\test\audio_39.wav,True,60.08,16000,1,961280,WAV,PCM_16,
test,audio_168.wav,C:\Users\USER\Documents\Python Rep\SHL_Audio\Dataset_Final\test\audio_168.wav,True,45.06,16000,1,720960,WAV,PCM_16,
test,audio_133.wav,C:\Users\USER\Documents\Python Rep\SHL_Audio\Dataset_Final\test\audio_133.wav,True,45.06,16000,1,720960,WAV,PCM_16,
test,audio_28.wav,C:\Users\USER\Documents\Python Rep\SHL_Audio\Dataset_Final\test\audio_28.wav,True,18.56,16000,1,296960,WAV,PCM_16,
test,audio_40.wav,C:\Users\USER\Documents\Python Rep\SHL_Audio\Dataset_Final\test\audio_40.wav,True,60.08,16000,1,961280,WAV,PCM_16,
test,audio_181.wav,C:\Users\USER\Documents\Python Rep\SHL_Audio\Dataset_Final\test\audio_181.wav,True,44.7,16000,1,715200,WAV,PCM_16,
test,audio_201.wav,C:\Users\USER\Documents\Python Rep\SHL_Audio\Dataset_Final\test\audio_201.wav,True,45.9946875,16000,1,735915,WAV,PCM_16,
test,audio_182.wav,C:\Users\USER\Documents\Python Rep\SHL_Audio\Dataset_Final\test\audio_182.wav,True,45.06,16000,1,720960,WAV,PCM_16,
test,audio_126.wav,C:\Users\USER\Documents\Python Rep\SHL_Audio\Dataset_Final\test\audio_126.wav,True,45.0,16000,1,720000,WAV,PCM_16,
test,audio_10.wav,C:\Users\USER\Documents\Python Rep\SHL_Audio\Dataset_Final\test\audio_10.wav,True,45.06,16000,1,720960,WAV,PCM_16,
test,audio_134.wav,C:\Users\USER\Documents\Python Rep\SHL_Audio\Dataset_Final\test\audio_134.wav,True,45.06,16000,1,720960,WAV,PCM_16,
test,audio_69.wav,C:\Users\USER\Documents\Python Rep\SHL_Audio\Dataset_Final\test\audio_69.wav,True,60.0746875,16000,1,961195,WAV,PCM_16,
test,audio_112.wav,C:\Users\USER\Documents\Python Rep\SHL_Audio\Dataset_Final\test\audio_112.wav,True,43.02,16000,1,688320,WAV,PCM_16,
test,audio_180.wav,C:\Users\USER\Documents\Python Rep\SHL_Audio\Dataset_Final\test\audio_180.wav,True,45.06,16000,1,720960,WAV,PCM_16,
test,audio_177.wav,C:\Users\USER\Documents\Python Rep\SHL_Audio\Dataset_Final\test\audio_177.wav,True,45.06,16000,1,720960,WAV,PCM_16,
test,audio_77.wav,C:\Users\USER\Documents\Python Rep\SHL_Audio\Dataset_Final\test\audio_77.wav,True,60.0746875,16000,1,961195,WAV,PCM_16,
test,audio_111.wav,C:\Users\USER\Documents\Python Rep\SHL_Audio\Dataset_Final\test\audio_111.wav,True,60.06,16000,1,960960,WAV,PCM_16,
test,audio_18.wav,C:\Users\USER\Documents\Python Rep\SHL_Audio\Dataset_Final\test\audio_18.wav,True,45.06,16000,1,720960,WAV,PCM_16,
test,audio_175.wav,C:\Users\USER\Documents\Python Rep\SHL_Audio\Dataset_Final\test\audio_175.wav,True,45.06,16000,1,720960,WAV,PCM_16,
test,audio_33.wav,C:\Users\USER\Documents\Python Rep\SHL_Audio\Dataset_Final\test\audio_33.wav,True,51.14,16000,1,818240,WAV,PCM_16,
test,audio_15.wav,C:\Users\USER\Documents\Python Rep\SHL_Audio\Dataset_Final\test\audio_15.wav,True,45.06,16000,1,720960,WAV,PCM_16,
test,audio_4.wav,C:\Users\USER\Documents\Python Rep\SHL_Audio\Dataset_Final\test\audio_4.wav,True,41.4186875,16000,1,662699,WAV,PCM_16,
test,audio_27.wav,C:\Users\USER\Documents\Python Rep\SHL_Audio\Dataset_Final\test\audio_27.wav,True,60.0746875,16000,1,961195,WAV,PCM_16,
test,audio_96.wav,C:\Users\USER\Documents\Python Rep\SHL_Audio\Dataset_Final\test\audio_96.wav,True,41.4,16000,1,662400,WAV,PCM_16,
test,audio_116.wav,C:\Users\USER\Documents\Python Rep\SHL_Audio\Dataset_Final\test\audio_116.wav,True,45.06,16000,1,720960,WAV,PCM_16,
test,audio_1.wav,C:\Users\USER\Documents\Python Rep\SHL_Audio\Dataset_Final\test\audio_1.wav,True,45.06,16000,1,720960,WAV,PCM_16,
test,audio_22.wav,C:\Users\USER\Documents\Python Rep\SHL_Audio\Dataset_Final\test\audio_22.wav,True,44.82,16000,1,717120,WAV,PCM_16,
test,audio_114.wav,C:\Users\USER\Documents\Python Rep\SHL_Audio\Dataset_Final\test\audio_114.wav,True,45.06,16000,1,720960,WAV,PCM_16,
test,audio_146.wav,C:\Users\USER\Documents\Python Rep\SHL_Audio\Dataset_Final\test\audio_146.wav,True,41.34,16000,1,661440,WAV,PCM_16,
test,audio_46.wav,C:\Users\USER\Documents\Python Rep\SHL_Audio\Dataset_Final\test\audio_46.wav,True,60.608,16000,1,969728,WAV,PCM_16,
test,audio_144.wav,C:\Users\USER\Documents\Python Rep\SHL_Audio\Dataset_Final\test\audio_144.wav,True,45.06,16000,1,720960,WAV,PCM_16,
test,audio_75.wav,C:\Users\USER\Documents\Python Rep\SHL_Audio\Dataset_Final\test\audio_75.wav,True,60.0746875,16000,1,961195,WAV,PCM_16,
test,audio_200.wav,C:\Users\USER\Documents\Python Rep\SHL_Audio\Dataset_Final\test\audio_200.wav,True,44.92,16000,1,718720,WAV,PCM_16,
test,audio_196.wav,C:\Users\USER\Documents\Python Rep\SHL_Audio\Dataset_Final\test\audio_196.wav,True,45.06,16000,1,720960,WAV,PCM_16,
test,audio_190.wav,C:\Users\USER\Documents\Python Rep\SHL_Audio\Dataset_Final\test\audio_190.wav,True,44.64,16000,1,714240,WAV,PCM_16,
test,audio_158.wav,C:\Users\USER\Documents\Python Rep\SHL_Audio\Dataset_Final\test\audio_158.wav,True,45.06,16000,1,720960,WAV,PCM_16,
test,audio_17.wav,C:\Users\USER\Documents\Python Rep\SHL_Audio\Dataset_Final\test\audio_17.wav,True,45.06,16000,1,720960,WAV,PCM_16,
test,audio_105.wav,C:\Users\USER\Documents\Python Rep\SHL_Audio\Dataset_Final\test\audio_105.wav,True,60.06,16000,1,960960,WAV,PCM_16,
test,audio_141.wav,C:\Users\USER\Documents\Python Rep\SHL_Audio\Dataset_Final\test\audio_141.wav,True,44.76,16000,1,716160,WAV,PCM_16,
test,audio_129.wav,C:\Users\USER\Documents\Python Rep\SHL_Audio\Dataset_Final\test\audio_129.wav,True,45.06,16000,1,720960,WAV,PCM_16,
test,audio_6.wav,C:\Users\USER\Documents\Python Rep\SHL_Audio\Dataset_Final\test\audio_6.wav,True,45.032,16000,1,720512,WAV,PCM_16,
test,audio_70.wav,C:\Users\USER\Documents\Python Rep\SHL_Audio\Dataset_Final\test\audio_70.wav,True,52.6933125,16000,1,843093,WAV,PCM_16,
test,audio_35.wav,C:\Users\USER\Documents\Python Rep\SHL_Audio\Dataset_Final\test\audio_35.wav,True,60.08,16000,1,961280,WAV,PCM_16,
test,audio_203.wav,C:\Users\USER\Documents\Python Rep\SHL_Audio\Dataset_Final\test\audio_203.wav,True,45.0,16000,1,720000,WAV,PCM_16,
test,audio_90.wav,C:\Users\USER\Documents\Python Rep\SHL_Audio\Dataset_Final\test\audio_90.wav,True,44.9935,16000,1,719896,WAV,PCM_16,
test,audio_16.wav,C:\Users\USER\Documents\Python Rep\SHL_Audio\Dataset_Final\test\audio_16.wav,True,45.06,16000,1,720960,WAV,PCM_16,
test,audio_138.wav,C:\Users\USER\Documents\Python Rep\SHL_Audio\Dataset_Final\test\audio_138.wav,True,45.06,16000,1,720960,WAV,PCM_16,
test,audio_100.wav,C:\Users\USER\Documents\Python Rep\SHL_Audio\Dataset_Final\test\audio_100.wav,True,45.06,16000,1,720960,WAV,PCM_16,
test,audio_115.wav,C:\Users\USER\Documents\Python Rep\SHL_Audio\Dataset_Final\test\audio_115.wav,True,45.06,16000,1,720960,WAV,PCM_16,
test,audio_118.wav,C:\Users\USER\Documents\Python Rep\SHL_Audio\Dataset_Final\test\audio_118.wav,True,45.06,16000,1,720960,WAV,PCM_16,
test,audio_137.wav,C:\Users\USER\Documents\Python Rep\SHL_Audio\Dataset_Final\test\audio_137.wav,True,45.06,16000,1,720960,WAV,PCM_16,
test,audio_101.wav,C:\Users\USER\Documents\Python Rep\SHL_Audio\Dataset_Final\test\audio_101.wav,True,42.54,16000,1,680640,WAV,PCM_16,
test,audio_193.wav,C:\Users\USER\Documents\Python Rep\SHL_Audio\Dataset_Final\test\audio_193.wav,True,44.4,16000,1,710400,WAV,PCM_16,
test,audio_102.wav,C:\Users\USER\Documents\Python Rep\SHL_Audio\Dataset_Final\test\audio_102.wav,True,59.94,16000,1,959040,WAV,PCM_16,
test,audio_52.wav,C:\Users\USER\Documents\Python Rep\SHL_Audio\Dataset_Final\test\audio_52.wav,True,60.0746875,16000,1,961195,WAV,PCM_16,
test,audio_172.wav,C:\Users\USER\Documents\Python Rep\SHL_Audio\Dataset_Final\test\audio_172.wav,True,41.58,16000,1,665280,WAV,PCM_16,
test,audio_191.wav,C:\Users\USER\Documents\Python Rep\SHL_Audio\Dataset_Final\test\audio_191.wav,True,45.06,16000,1,720960,WAV,PCM_16,
test,audio_194.wav,C:\Users\USER\Documents\Python Rep\SHL_Audio\Dataset_Final\test\audio_194.wav,True,45.06,16000,1,720960,WAV,PCM_16,
test,audio_67.wav,C:\Users\USER\Documents\Python Rep\SHL_Audio\Dataset_Final\test\audio_67.wav,True,60.0746875,16000,1,961195,WAV,PCM_16,
test,audio_160.wav,C:\Users\USER\Documents\Python Rep\SHL_Audio\Dataset_Final\test\audio_160.wav,True,45.06,16000,1,720960,WAV,PCM_16,
test,audio_179.wav,C:\Users\USER\Documents\Python Rep\SHL_Audio\Dataset_Final\test\audio_179.wav,True,45.06,16000,1,720960,WAV,PCM_16,
test,audio_55.wav,C:\Users\USER\Documents\Python Rep\SHL_Audio\Dataset_Final\test\audio_55.wav,True,60.0746875,16000,1,961195,WAV,PCM_16,
test,audio_145.wav,C:\Users\USER\Documents\Python Rep\SHL_Audio\Dataset_Final\test\audio_145.wav,True,45.06,16000,1,720960,WAV,PCM_16,
test,audio_197.wav,C:\Users\USER\Documents\Python Rep\SHL_Audio\Dataset_Final\test\audio_197.wav,True,45.06,16000,1,720960,WAV,PCM_16,
test,audio_139.wav,C:\Users\USER\Documents\Python Rep\SHL_Audio\Dataset_Final\test\audio_139.wav,True,42.84,16000,1,685440,WAV,PCM_16,
test,audio_91.wav,C:\Users\USER\Documents\Python Rep\SHL_Audio\Dataset_Final\test\audio_91.wav,True,43.32,16000,1,693120,WAV,PCM_16,
test,audio_8.wav,C:\Users\USER\Documents\Python Rep\SHL_Audio\Dataset_Final\test\audio_8.wav,True,57.52,16000,1,920320,WAV,PCM_16,
test,audio_136.wav,C:\Users\USER\Documents\Python Rep\SHL_Audio\Dataset_Final\test\audio_136.wav,True,42.18,16000,1,674880,WAV,PCM_16,
test,audio_199.wav,C:\Users\USER\Documents\Python Rep\SHL_Audio\Dataset_Final\test\audio_199.wav,True,45.06,16000,1,720960,WAV,PCM_16,
test,audio_110.wav,C:\Users\USER\Documents\Python Rep\SHL_Audio\Dataset_Final\test\audio_110.wav,True,60.06,16000,1,960960,WAV,PCM_16,
test,audio_208.wav,C:\Users\USER\Documents\Python Rep\SHL_Audio\Dataset_Final\test\audio_208.wav,True,45.06,16000,1,720960,WAV,PCM_16,
test,audio_152.wav,C:\Users\USER\Documents\Python Rep\SHL_Audio\Dataset_Final\test\audio_152.wav,True,44.82,16000,1,717120,WAV,PCM_16,
test,audio_94.wav,C:\Users\USER\Documents\Python Rep\SHL_Audio\Dataset_Final\test\audio_94.wav,True,45.06,16000,1,720960,WAV,PCM_16,
test,audio_174.wav,C:\Users\USER\Documents\Python Rep\SHL_Audio\Dataset_Final\test\audio_174.wav,True,45.06,16000,1,720960,WAV,PCM_16,
test,audio_23.wav,C:\Users\USER\Documents\Python Rep\SHL_Audio\Dataset_Final\test\audio_23.wav,True,46.0124375,16000,1,736199,WAV,PCM_16,
test,audio_56.wav,C:\Users\USER\Documents\Python Rep\SHL_Audio\Dataset_Final\test\audio_56.wav,True,60.0746875,16000,1,961195,WAV,PCM_16,
test,audio_97.wav,C:\Users\USER\Documents\Python Rep\SHL_Audio\Dataset_Final\test\audio_97.wav,True,45.06,16000,1,720960,WAV,PCM_16,
test,audio_148.wav,C:\Users\USER\Documents\Python Rep\SHL_Audio\Dataset_Final\test\audio_148.wav,True,45.06,16000,1,720960,WAV,PCM_16,
test,audio_59.wav,C:\Users\USER\Documents\Python Rep\SHL_Audio\Dataset_Final\test\audio_59.wav,True,60.0746875,16000,1,961195,WAV,PCM_16,
test,audio_5.wav,C:\Users\USER\Documents\Python Rep\SHL_Audio\Dataset_Final\test\audio_5.wav,True,36.72,16000,1,587520,WAV,PCM_16,
test,audio_119.wav,C:\Users\USER\Documents\Python Rep\SHL_Audio\Dataset_Final\test\audio_119.wav,True,45.06,16000,1,720960,WAV,PCM_16,
test,audio_80.wav,C:\Users\USER\Documents\Python Rep\SHL_Audio\Dataset_Final\test\audio_80.wav,True,56.1066875,16000,1,897707,WAV,PCM_16,
test,audio_58.wav,C:\Users\USER\Documents\Python Rep\SHL_Audio\Dataset_Final\test\audio_58.wav,True,60.0746875,16000,1,961195,WAV,PCM_16,
test,audio_123.wav,C:\Users\USER\Documents\Python Rep\SHL_Audio\Dataset_Final\test\audio_123.wav,True,45.06,16000,1,720960,WAV,PCM_16,
test,audio_188.wav,C:\Users\USER\Documents\Python Rep\SHL_Audio\Dataset_Final\test\audio_188.wav,True,45.06,16000,1,720960,WAV,PCM_16,
test,audio_121.wav,C:\Users\USER\Documents\Python Rep\SHL_Audio\Dataset_Final\test\audio_121.wav,True,45.06,16000,1,720960,WAV,PCM_16,
test,audio_107.wav,C:\Users\USER\Documents\Python Rep\SHL_Audio\Dataset_Final\test\audio_107.wav,True,6.48,16000,1,103680,WAV,PCM_16,
test,audio_214.wav,C:\Users\USER\Documents\Python Rep\SHL_Audio\Dataset_Final\test\audio_214.wav,True,46.011,16000,1,736176,WAV,PCM_16,
test,audio_73.wav,C:\Users\USER\Documents\Python Rep\SHL_Audio\Dataset_Final\test\audio_73.wav,True,60.0746875,16000,1,961195,WAV,PCM_16,
test,audio_169.wav,C:\Users\USER\Documents\Python Rep\SHL_Audio\Dataset_Final\test\audio_169.wav,True,45.06,16000,1,720960,WAV,PCM_16,
test,audio_7.wav,C:\Users\USER\Documents\Python Rep\SHL_Audio\Dataset_Final\test\audio_7.wav,True,45.0,16000,1,720000,WAV,PCM_16,
test,audio_42.wav,C:\Users\USER\Documents\Python Rep\SHL_Audio\Dataset_Final\test\audio_42.wav,True,54.6133125,16000,1,873813,WAV,PCM_16,
test,audio_88.wav,C:\Users\USER\Documents\Python Rep\SHL_Audio\Dataset_Final\test\audio_88.wav,True,60.0746875,16000,1,961195,WAV,PCM_16,
test,audio_64.wav,C:\Users\USER\Documents\Python Rep\SHL_Audio\Dataset_Final\test\audio_64.wav,True,60.0746875,16000,1,961195,WAV,PCM_16,
test,audio_195.wav,C:\Users\USER\Documents\Python Rep\SHL_Audio\Dataset_Final\test\audio_195.wav,True,45.0,16000,1,720000,WAV,PCM_16,
test,audio_57.wav,C:\Users\USER\Documents\Python Rep\SHL_Audio\Dataset_Final\test\audio_57.wav,True,60.0746875,16000,1,961195,WAV,PCM_16,
test,audio_13.wav,C:\Users\USER\Documents\Python Rep\SHL_Audio\Dataset_Final\test\audio_13.wav,True,45.06,16000,1,720960,WAV,PCM_16,
test,audio_125.wav,C:\Users\USER\Documents\Python Rep\SHL_Audio\Dataset_Final\test\audio_125.wav,True,45.06,16000,1,720960,WAV,PCM_16,
test,audio_209.wav,C:\Users\USER\Documents\Python Rep\SHL_Audio\Dataset_Final\test\audio_209.wav,True,45.06,16000,1,720960,WAV,PCM_16,
test,audio_211.wav,C:\Users\USER\Documents\Python Rep\SHL_Audio\Dataset_Final\test\audio_211.wav,True,44.92,16000,1,718720,WAV,PCM_16,
test,audio_63.wav,C:\Users\USER\Documents\Python Rep\SHL_Audio\Dataset_Final\test\audio_63.wav,True,60.0746875,16000,1,961195,WAV,PCM_16,
test,audio_86.wav,C:\Users\USER\Documents\Python Rep\SHL_Audio\Dataset_Final\test\audio_86.wav,True,60.0746875,16000,1,961195,WAV,PCM_16,
test,audio_78.wav,C:\Users\USER\Documents\Python Rep\SHL_Audio\Dataset_Final\test\audio_78.wav,True,60.0746875,16000,1,961195,WAV,PCM_16,
test,audio_38.wav,C:\Users\USER\Documents\Python Rep\SHL_Audio\Dataset_Final\test\audio_38.wav,True,60.08,16000,1,961280,WAV,PCM_16,
test,audio_186.wav,C:\Users\USER\Documents\Python Rep\SHL_Audio\Dataset_Final\test\audio_186.wav,True,45.06,16000,1,720960,WAV,PCM_16,
test,audio_154.wav,C:\Users\USER\Documents\Python Rep\SHL_Audio\Dataset_Final\test\audio_154.wav,True,45.06,16000,1,720960,WAV,PCM_16,
test,audio_21.wav,C:\Users\USER\Documents\Python Rep\SHL_Audio\Dataset_Final\test\audio_21.wav,True,45.06,16000,1,720960,WAV,PCM_16,
test,audio_120.wav,C:\Users\USER\Documents\Python Rep\SHL_Audio\Dataset_Final\test\audio_120.wav,True,49.2,16000,1,787200,WAV,PCM_16,
test,audio_183.wav,C:\Users\USER\Documents\Python Rep\SHL_Audio\Dataset_Final\test\audio_183.wav,True,45.06,16000,1,720960,WAV,PCM_16,
test,audio_25.wav,C:\Users\USER\Documents\Python Rep\SHL_Audio\Dataset_Final\test\audio_25.wav,True,46.006375,16000,1,736102,WAV,PCM_16,
test,audio_122.wav,C:\Users\USER\Documents\Python Rep\SHL_Audio\Dataset_Final\test\audio_122.wav,True,45.06,16000,1,720960,WAV,PCM_16,
test,audio_36.wav,C:\Users\USER\Documents\Python Rep\SHL_Audio\Dataset_Final\test\audio_36.wav,True,60.08,16000,1,961280,WAV,PCM_16,
test,audio_76.wav,C:\Users\USER\Documents\Python Rep\SHL_Audio\Dataset_Final\test\audio_76.wav,True,60.0746875,16000,1,961195,WAV,PCM_16,
test,audio_163.wav,C:\Users\USER\Documents\Python Rep\SHL_Audio\Dataset_Final\test\audio_163.wav,True,41.94,16000,1,671040,WAV,PCM_16,
test,audio_83.wav,C:\Users\USER\Documents\Python Rep\SHL_Audio\Dataset_Final\test\audio_83.wav,True,60.0746875,16000,1,961195,WAV,PCM_16,
test,audio_103.wav,C:\Users\USER\Documents\Python Rep\SHL_Audio\Dataset_Final\test\audio_103.wav,True,60.52,16000,1,968320,WAV,PCM_16,
test,audio_93.wav,C:\Users\USER\Documents\Python Rep\SHL_Audio\Dataset_Final\test\audio_93.wav,True,45.06,16000,1,720960,WAV,PCM_16,
test,audio_26.wav,C:\Users\USER\Documents\Python Rep\SHL_Audio\Dataset_Final\test\audio_26.wav,True,44.32,16000,1,709120,WAV,PCM_16,
test,audio_72.wav,C:\Users\USER\Documents\Python Rep\SHL_Audio\Dataset_Final\test\audio_72.wav,True,60.0746875,16000,1,961195,WAV,PCM_16,
test,audio_210.wav,C:\Users\USER\Documents\Python Rep\SHL_Audio\Dataset_Final\test\audio_210.wav,True,45.72,16000,1,731520,WAV,PCM_16,
test,audio_104.wav,C:\Users\USER\Documents\Python Rep\SHL_Audio\Dataset_Final\test\audio_104.wav,True,41.72,16000,1,667520,WAV,PCM_16,
test,audio_81.wav,C:\Users\USER\Documents\Python Rep\SHL_Audio\Dataset_Final\test\audio_81.wav,True,60.0106875,16000,1,960171,WAV,PCM_16,
test,audio_166.wav,C:\Users\USER\Documents\Python Rep\SHL_Audio\Dataset_Final\test\audio_166.wav,True,45.06,16000,1,720960,WAV,PCM_16,
test,audio_202.wav,C:\Users\USER\Documents\Python Rep\SHL_Audio\Dataset_Final\test\audio_202.wav,True,45.0,16000,1,720000,WAV,PCM_16,
test,audio_185.wav,C:\Users\USER\Documents\Python Rep\SHL_Audio\Dataset_Final\test\audio_185.wav,True,45.06,16000,1,720960,WAV,PCM_16,
test,audio_9.wav,C:\Users\USER\Documents\Python Rep\SHL_Audio\Dataset_Final\test\audio_9.wav,True,60.0,16000,1,960000,WAV,PCM_16,
test,audio_207.wav,C:\Users\USER\Documents\Python Rep\SHL_Audio\Dataset_Final\test\audio_207.wav,True,45.28,16000,1,724480,WAV,PCM_16,
test,audio_127.wav,C:\Users\USER\Documents\Python Rep\SHL_Audio\Dataset_Final\test\audio_127.wav,True,45.0,16000,1,720000,WAV,PCM_16,
test,audio_12.wav,C:\Users\USER\Documents\Python Rep\SHL_Audio\Dataset_Final\test\audio_12.wav,True,38.4853125,16000,1,615765,WAV,PCM_16,
test,audio_132.wav,C:\Users\USER\Documents\Python Rep\SHL_Audio\Dataset_Final\test\audio_132.wav,True,45.06,16000,1,720960,WAV,PCM_16,
test,audio_109.wav,C:\Users\USER\Documents\Python Rep\SHL_Audio\Dataset_Final\test\audio_109.wav,True,59.76,16000,1,956160,WAV,PCM_16,
test,audio_32.wav,C:\Users\USER\Documents\Python Rep\SHL_Audio\Dataset_Final\test\audio_32.wav,True,52.7,16000,1,843200,WAV,PCM_16,
test,audio_178.wav,C:\Users\USER\Documents\Python Rep\SHL_Audio\Dataset_Final\test\audio_178.wav,True,45.16,16000,1,722560,WAV,PCM_16,
test,audio_61.wav,C:\Users\USER\Documents\Python Rep\SHL_Audio\Dataset_Final\test\audio_61.wav,True,60.0746875,16000,1,961195,WAV,PCM_16,
test,audio_34.wav,C:\Users\USER\Documents\Python Rep\SHL_Audio\Dataset_Final\test\audio_34.wav,True,60.08,16000,1,961280,WAV,PCM_16,
test,audio_106.wav,C:\Users\USER\Documents\Python Rep\SHL_Audio\Dataset_Final\test\audio_106.wav,True,37.92,16000,1,606720,WAV,PCM_16,
test,audio_49.wav,C:\Users\USER\Documents\Python Rep\SHL_Audio\Dataset_Final\test\audio_49.wav,True,60.0746875,16000,1,961195,WAV,PCM_16,
test,audio_149.wav,C:\Users\USER\Documents\Python Rep\SHL_Audio\Dataset_Final\test\audio_149.wav,True,42.12,16000,1,673920,WAV,PCM_16,
test,audio_30.wav,C:\Users\USER\Documents\Python Rep\SHL_Audio\Dataset_Final\test\audio_30.wav,True,60.0746875,16000,1,961195,WAV,PCM_16,
test,audio_131.wav,C:\Users\USER\Documents\Python Rep\SHL_Audio\Dataset_Final\test\audio_131.wav,True,45.0,16000,1,720000,WAV,PCM_16,
test,audio_162.wav,C:\Users\USER\Documents\Python Rep\SHL_Audio\Dataset_Final\test\audio_162.wav,True,43.14,16000,1,690240,WAV,PCM_16,
test,audio_204.wav,C:\Users\USER\Documents\Python Rep\SHL_Audio\Dataset_Final\test\audio_204.wav,True,45.0,16000,1,720000,WAV,PCM_16,
test,audio_198.wav,C:\Users\USER\Documents\Python Rep\SHL_Audio\Dataset_Final\test\audio_198.wav,True,45.2,16000,1,723200,WAV,PCM_16,
test,audio_135.wav,C:\Users\USER\Documents\Python Rep\SHL_Audio\Dataset_Final\test\audio_135.wav,True,43.62,16000,1,697920,WAV,PCM_16,
test,audio_187.wav,C:\Users\USER\Documents\Python Rep\SHL_Audio\Dataset_Final\test\audio_187.wav,True,45.06,16000,1,720960,WAV,PCM_16,
test,audio_3.wav,C:\Users\USER\Documents\Python Rep\SHL_Audio\Dataset_Final\test\audio_3.wav,True,45.0,16000,1,720000,WAV,PCM_16,
test,audio_98.wav,C:\Users\USER\Documents\Python Rep\SHL_Audio\Dataset_Final\test\audio_98.wav,True,45.06,16000,1,720960,WAV,PCM_16,
test,audio_159.wav,C:\Users\USER\Documents\Python Rep\SHL_Audio\Dataset_Final\test\audio_159.wav,True,45.06,16000,1,720960,WAV,PCM_16,
test,audio_167.wav,C:\Users\USER\Documents\Python Rep\SHL_Audio\Dataset_Final\test\audio_167.wav,True,45.06,16000,1,720960,WAV,PCM_16,
test,audio_205.wav,C:\Users\USER\Documents\Python Rep\SHL_Audio\Dataset_Final\test\audio_205.wav,True,44.84,16000,1,717440,WAV,PCM_16,
test,audio_95.wav,C:\Users\USER\Documents\Python Rep\SHL_Audio\Dataset_Final\test\audio_95.wav,True,45.06,16000,1,720960,WAV,PCM_16,
test,audio_68.wav,C:\Users\USER\Documents\Python Rep\SHL_Audio\Dataset_Final\test\audio_68.wav,True,60.0746875,16000,1,961195,WAV,PCM_16,
test,audio_31.wav,C:\Users\USER\Documents\Python Rep\SHL_Audio\Dataset_Final\test\audio_31.wav,True,60.0746875,16000,1,961195,WAV,PCM_16,
test,audio_157.wav,C:\Users\USER\Documents\Python Rep\SHL_Audio\Dataset_Final\test\audio_157.wav,True,44.9266875,16000,1,718827,WAV,PCM_16,
test,audio_89.wav,C:\Users\USER\Documents\Python Rep\SHL_Audio\Dataset_Final\test\audio_89.wav,True,60.0746875,16000,1,961195,WAV,PCM_16,
test,audio_82.wav,C:\Users\USER\Documents\Python Rep\SHL_Audio\Dataset_Final\test\audio_82.wav,True,60.0746875,16000,1,961195,WAV,PCM_16,
test,audio_53.wav,C:\Users\USER\Documents\Python Rep\SHL_Audio\Dataset_Final\test\audio_53.wav,True,60.0746875,16000,1,961195,WAV,PCM_16,
test,audio_37.wav,C:\Users\USER\Documents\Python Rep\SHL_Audio\Dataset_Final\test\audio_37.wav,True,60.08,16000,1,961280,WAV,PCM_16,
test,audio_113.wav,C:\Users\USER\Documents\Python Rep\SHL_Audio\Dataset_Final\test\audio_113.wav,True,45.06,16000,1,720960,WAV,PCM_16,
test,audio_85.wav,C:\Users\USER\Documents\Python Rep\SHL_Audio\Dataset_Final\test\audio_85.wav,True,60.0746875,16000,1,961195,WAV,PCM_16,
test,audio_173.wav,C:\Users\USER\Documents\Python Rep\SHL_Audio\Dataset_Final\test\audio_173.wav,True,45.06,16000,1,720960,WAV,PCM_16,
test,audio_41.wav,C:\Users\USER\Documents\Python Rep\SHL_Audio\Dataset_Final\test\audio_41.wav,True,60.0746875,16000,1,961195,WAV,PCM_16,
test,audio_51.wav,C:\Users\USER\Documents\Python Rep\SHL_Audio\Dataset_Final\test\audio_51.wav,True,60.0746875,16000,1,961195,WAV,PCM_16,
test,audio_143.wav,C:\Users\USER\Documents\Python Rep\SHL_Audio\Dataset_Final\test\audio_143.wav,True,45.06,16000,1,720960,WAV,PCM_16,
test,audio_92.wav,C:\Users\USER\Documents\Python Rep\SHL_Audio\Dataset_Final\test\audio_92.wav,True,45.06,16000,1,720960,WAV,PCM_16,
test,audio_74.wav,C:\Users\USER\Documents\Python Rep\SHL_Audio\Dataset_Final\test\audio_74.wav,True,60.0746875,16000,1,961195,WAV,PCM_16,
test,audio_0.wav,C:\Users\USER\Documents\Python Rep\SHL_Audio\Dataset_Final\test\audio_0.wav,True,45.12,16000,1,721920,WAV,PCM_16,
test,audio_147.wav,C:\Users\USER\Documents\Python Rep\SHL_Audio\Dataset_Final\test\audio_147.wav,True,45.06,16000,1,720960,WAV,PCM_16,
test,audio_130.wav,C:\Users\USER\Documents\Python Rep\SHL_Audio\Dataset_Final\test\audio_130.wav,True,45.06,16000,1,720960,WAV,PCM_16,
test,audio_192.wav,C:\Users\USER\Documents\Python Rep\SHL_Audio\Dataset_Final\test\audio_192.wav,True,45.06,16000,1,720960,WAV,PCM_16,
test,audio_43.wav,C:\Users\USER\Documents\Python Rep\SHL_Audio\Dataset_Final\test\audio_43.wav,True,60.544,16000,1,968704,WAV,PCM_16,
test,audio_65.wav,C:\Users\USER\Documents\Python Rep\SHL_Audio\Dataset_Final\test\audio_65.wav,True,60.0746875,16000,1,961195,WAV,PCM_16,
test,audio_14.wav,C:\Users\USER\Documents\Python Rep\SHL_Audio\Dataset_Final\test\audio_14.wav,True,45.06,16000,1,720960,WAV,PCM_16,
test,audio_117.wav,C:\Users\USER\Documents\Python Rep\SHL_Audio\Dataset_Final\test\audio_117.wav,True,45.06,16000,1,720960,WAV,PCM_16,
test,audio_212.wav,C:\Users\USER\Documents\Python Rep\SHL_Audio\Dataset_Final\test\audio_212.wav,True,45.06,16000,1,720960,WAV,PCM_16,
test,audio_79.wav,C:\Users\USER\Documents\Python Rep\SHL_Audio\Dataset_Final\test\audio_79.wav,True,60.0106875,16000,1,960171,WAV,PCM_16,
test,audio_171.wav,C:\Users\USER\Documents\Python Rep\SHL_Audio\Dataset_Final\test\audio_171.wav,True,45.06,16000,1,720960,WAV,PCM_16,
test,audio_60.wav,C:\Users\USER\Documents\Python Rep\SHL_Audio\Dataset_Final\test\audio_60.wav,True,60.0746875,16000,1,961195,WAV,PCM_16,
test,audio_153.wav,C:\Users\USER\Documents\Python Rep\SHL_Audio\Dataset_Final\test\audio_153.wav,True,45.06,16000,1,720960,WAV,PCM_16,
test,audio_176.wav,C:\Users\USER\Documents\Python Rep\SHL_Audio\Dataset_Final\test\audio_176.wav,True,44.92,16000,1,718720,WAV,PCM_16,
test,audio_2.wav,C:\Users\USER\Documents\Python Rep\SHL_Audio\Dataset_Final\test\audio_2.wav,True,45.06,16000,1,720960,WAV,PCM_16,
test,audio_50.wav,C:\Users\USER\Documents\Python Rep\SHL_Audio\Dataset_Final\test\audio_50.wav,True,32.96,16000,1,527360,WAV,PCM_16,
test,audio_29.wav,C:\Users\USER\Documents\Python Rep\SHL_Audio\Dataset_Final\test\audio_29.wav,True,30.016,16000,1,480256,WAV,PCM_16,
test,audio_142.wav,C:\Users\USER\Documents\Python Rep\SHL_Audio\Dataset_Final\test\audio_142.wav,True,45.06,16000,1,720960,WAV,PCM_16,
test,audio_47.wav,C:\Users\USER\Documents\Python Rep\SHL_Audio\Dataset_Final\test\audio_47.wav,True,57.2586875,16000,1,916139,WAV,PCM_16,
test,audio_84.wav,C:\Users\USER\Documents\Python Rep\SHL_Audio\Dataset_Final\test\audio_84.wav,True,60.0746875,16000,1,961195,WAV,PCM_16,
test,audio_164.wav,C:\Users\USER\Documents\Python Rep\SHL_Audio\Dataset_Final\test\audio_164.wav,True,44.22,16000,1,707520,WAV,PCM_16,
test,audio_48.wav,C:\Users\USER\Documents\Python Rep\SHL_Audio\Dataset_Final\test\audio_48.wav,True,28.2666875,16000,1,452267,WAV,PCM_16,
test,audio_189.wav,C:\Users\USER\Documents\Python Rep\SHL_Audio\Dataset_Final\test\audio_189.wav,True,45.06,16000,1,720960,WAV,PCM_16,
test,audio_151.wav,C:\Users\USER\Documents\Python Rep\SHL_Audio\Dataset_Final\test\audio_151.wav,True,43.14,16000,1,690240,WAV,PCM_16,
test,audio_66.wav,C:\Users\USER\Documents\Python Rep\SHL_Audio\Dataset_Final\test\audio_66.wav,True,60.0746875,16000,1,961195,WAV,PCM_16,
test,audio_44.wav,C:\Users\USER\Documents\Python Rep\SHL_Audio\Dataset_Final\test\audio_44.wav,True,57.0666875,16000,1,913067,WAV,PCM_16,
test,audio_150.wav,C:\Users\USER\Documents\Python Rep\SHL_Audio\Dataset_Final\test\audio_150.wav,True,45.0,16000,1,720000,WAV,PCM_16,
test,audio_87.wav,C:\Users\USER\Documents\Python Rep\SHL_Audio\Dataset_Final\test\audio_87.wav,True,60.0746875,16000,1,961195,WAV,PCM_16,
test,audio_99.wav,C:\Users\USER\Documents\Python Rep\SHL_Audio\Dataset_Final\test\audio_99.wav,True,45.06,16000,1,720960,WAV,PCM_16,
test,audio_62.wav,C:\Users\USER\Documents\Python Rep\SHL_Audio\Dataset_Final\test\audio_62.wav,True,61.0346875,16000,1,976555,WAV,PCM_16,
test,audio_20.wav,C:\Users\USER\Documents\Python Rep\SHL_Audio\Dataset_Final\test\audio_20.wav,True,45.06,16000,1,720960,WAV,PCM_16,
test,audio_124.wav,C:\Users\USER\Documents\Python Rep\SHL_Audio\Dataset_Final\test\audio_124.wav,True,45.06,16000,1,720960,WAV,PCM_16,
test,audio_54.wav,C:\Users\USER\Documents\Python Rep\SHL_Audio\Dataset_Final\test\audio_54.wav,True,60.0746875,16000,1,961195,WAV,PCM_16,
test,audio_45.wav,C:\Users\USER\Documents\Python Rep\SHL_Audio\Dataset_Final\test\audio_45.wav,True,60.5013125,16000,1,968021,WAV,PCM_16,
test,audio_71.wav,C:\Users\USER\Documents\Python Rep\SHL_Audio\Dataset_Final\test\audio_71.wav,True,49.92,16000,1,798720,WAV,PCM_16,
test,audio_184.wav,C:\Users\USER\Documents\Python Rep\SHL_Audio\Dataset_Final\test\audio_184.wav,True,45.06,16000,1,720960,WAV,PCM_16,
test,audio_24.wav,C:\Users\USER\Documents\Python Rep\SHL_Audio\Dataset_Final\test\audio_24.wav,True,45.06,16000,1,720960,WAV,PCM_16,
test,audio_140.wav,C:\Users\USER\Documents\Python Rep\SHL_Audio\Dataset_Final\test\audio_140.wav,True,45.06,16000,1,720960,WAV,PCM_16,
test,audio_165.wav,C:\Users\USER\Documents\Python Rep\SHL_Audio\Dataset_Final\test\audio_165.wav,True,41.22,16000,1,659520,WAV,PCM_16,
test,audio_170.wav,C:\Users\USER\Documents\Python Rep\SHL_Audio\Dataset_Final\test\audio_170.wav,True,45.06,16000,1,720960,WAV,PCM_16,
