filename,split,duration_seconds,sample_rate,signal_rms_mean,signal_rms_std,signal_peak_abs,low_energy_frame_ratio,voiced_frame_ratio,pitch_median_hz,pitch_std_hz,pitch_iqr_hz,zero_crossing_rate_mean,zero_crossing_rate_std,spectral_centroid_mean,spectral_centroid_std,spectral_bandwidth_mean,spectral_bandwidth_std,spectral_rolloff_mean,spectral_rolloff_std,mfcc_01_mean,mfcc_01_std,mfcc_02_mean,mfcc_02_std,mfcc_03_mean,mfcc_03_std,mfcc_04_mean,mfcc_04_std,mfcc_05_mean,mfcc_05_std,mfcc_06_mean,mfcc_06_std,mfcc_07_mean,mfcc_07_std,mfcc_08_mean,mfcc_08_std,mfcc_09_mean,mfcc_09_std,mfcc_10_mean,mfcc_10_std,mfcc_11_mean,mfcc_11_std,mfcc_12_mean,mfcc_12_std,mfcc_13_mean,mfcc_13_std
audio_192.wav,train,60.508375,16000,0.03178596496582031,0.038403987884521484,0.477783203125,0.5039661554732946,0.6060285563194078,169.64319079487348,22.624345725902902,17.646100644352998,0.08476779399127446,0.053518039289684,979.4785393111994,399.567887910037,916.4720665613131,261.6205661465876,1770.7396879957694,661.6676618284793,-403.8359069824219,121.62918853759766,103.57633972167969,68.03564453125,-14.213533401489258,37.10034942626953,16.673616409301758,21.843692779541016,7.048550128936768,11.192187309265137,-4.999639511108398,14.073897361755371,5.885732173919678,10.086835861206055,-9.26893424987793,11.23888874053955,-8.681058883666992,9.175091743469238,-6.111349582672119,7.005802154541016,-11.947043418884277,8.755229949951172,-8.226156234741211,6.883491516113281,-6.238204479217529,5.74704122543335
audio_436.wav,train,60.0746875,16000,0.0686507523059845,0.05542308837175369,0.945648193359375,0.26198083067092653,0.8620873269435569,223.84553226259098,49.71258196738609,48.6286323722596,0.1429767060203674,0.12751935054791888,1813.8370120830523,1156.4603160694187,1502.3011431183122,495.4355596468267,3277.1690295527155,1860.1281114533258,-287.11102294921875,81.68599700927734,72.08760070800781,56.02106475830078,5.334721565246582,46.173587799072266,24.85434913635254,37.073081970214844,-13.109429359436035,27.177183151245117,0.16859230399131775,19.531831741333008,-15.632074356079102,21.483661651611328,-20.825958251953125,19.237546920776367,-6.6711859703063965,16.0023250579834,-8.470198631286621,13.44815444946289,-9.261222839355469,11.55440616607666,-9.04075813293457,13.295260429382324,4.751498222351074,13.532232284545898
audio_447.wav,train,60.0746875,16000,0.05442141741514206,0.05153334140777588,0.9193115234375,0.35835995740149096,0.5394036208732694,143.47872767421205,125.98181636343521,20.79712557469341,0.14687047598841854,0.1297767929382163,1652.4752541356631,1207.8383315842966,1500.6525586177067,535.214385231634,2941.260649627263,2078.4601419661103,-324.8081970214844,86.51473999023438,97.82819366455078,59.01096725463867,18.635786056518555,30.665185928344727,5.857049465179443,28.117015838623047,2.2586829662323,18.588796615600586,-16.36838722229004,25.997846603393555,-24.10577392578125,24.626266479492188,-6.395787715911865,16.164936065673828,-8.089576721191406,16.530881881713867,-8.570184707641602,16.6680965423584,3.3062961101531982,13.158397674560547,-3.113312005996704,11.855077743530273,-0.8664954304695129,11.763123512268066
audio_126.wav,train,45.06,16000,0.013778422959148884,0.012182568199932575,0.3289794921875,0.3144073811213627,0.7146912704045423,128.565497341737,72.20862974987287,150.2624811565774,0.05947743856458481,0.036869802914050696,996.6313633111558,471.5669673423735,1177.2521852522866,392.43437274911713,1865.640525195174,1171.3581142576973,-489.3206481933594,124.84231567382812,111.79291534423828,53.29601287841797,0.7515751123428345,41.73373031616211,33.13324737548828,33.229671478271484,8.309432983398438,21.988725662231445,8.676817893981934,18.460912704467773,-11.291533470153809,19.099557876586914,-20.012392044067383,15.214677810668945,-15.253530502319336,15.1491117477417,-21.51590919494629,15.097207069396973,-12.347359657287598,11.821060180664062,-9.993058204650879,10.599061012268066,-17.710948944091797,11.394983291625977
audio_61.wav,train,45.3,16000,0.009329796768724918,0.00897048320621252,0.1761474609375,0.3615819209039548,0.490819209039548,120.65074776640884,20.55527526365856,24.57214094316916,0.16998808262711865,0.12843003201529019,2278.1440949373214,1068.4120911481384,1630.4151814060817,442.41596029477984,4034.3562411723165,1606.0580555379092,-483.8659973144531,159.52040100097656,51.97589874267578,58.754554748535156,-21.642135620117188,44.30668258666992,31.146596908569336,36.615962982177734,-11.265673637390137,24.949565887451172,-14.06972885131836,19.346073150634766,-13.595560073852539,18.474708557128906,-16.9881649017334,19.79179573059082,-9.642051696777344,16.179859161376953,-18.795961380004883,16.0877685546875,-8.590363502502441,13.599857330322266,3.8736062049865723,10.692766189575195,-17.76447868347168,15.302750587463379
audio_639.wav,train,60.0746875,16000,0.021808547899127007,0.026816604658961296,0.950469970703125,0.5718849840255591,0.8099041533546326,106.252996181733,16.42886777831759,26.799322914546167,0.150238524610623,0.09260872918599956,2349.7199642159,970.92970257351,2192.2068538835897,374.8231524599662,4867.536940894569,1774.1761259823513,-341.843994140625,67.6424331665039,55.525333404541016,41.76026153564453,36.257633209228516,21.415407180786133,26.56525993347168,16.347293853759766,10.758862495422363,13.161653518676758,11.697115898132324,12.460411071777344,1.2302703857421875,13.269067764282227,5.620704650878906,11.494267463684082,-0.47306087613105774,9.888533592224121,5.8596320152282715,8.980195045471191,0.8675521612167358,7.431188106536865,3.9527711868286133,6.984498977661133,0.06783357262611389,6.9233198165893555
audio_703.wav,train,52.16,16000,0.02629481814801693,0.03452319651842117,0.932342529296875,0.6082158185162477,0.29307173513182094,206.4563592676515,104.72588176497,147.1543090347858,0.2268720541462293,0.15942671582347004,2303.516580296098,1281.8878890396045,1773.8477385392443,523.043761488296,4153.960377069283,2183.7462036470315,-395.56170654296875,118.82077026367188,65.097412109375,70.26995849609375,7.050745487213135,31.25422477722168,4.038464546203613,20.395051956176758,-8.83255672454834,15.901382446289062,-8.522546768188477,16.25621795654297,-21.388263702392578,17.791427612304688,-14.585214614868164,15.477128982543945,-14.882667541503906,12.916444778442383,-9.649215698242188,12.0482816696167,-12.92032527923584,11.684662818908691,-10.400230407714844,11.69770622253418,-11.300538063049316,10.428887367248535
audio_509.wav,train,60.0746875,16000,0.07254122942686081,0.062023427337408066,0.938201904296875,0.30990415335463256,0.7507987220447284,260.8721391132856,57.06316847612197,70.63049609543347,0.13012825312832801,0.11053339790224147,1536.4450080117042,1091.9728094589323,1417.137664818197,677.9639500265546,2841.778154952077,2149.0132013500693,-342.88507080078125,111.06230926513672,103.21297454833984,60.551841735839844,5.967432498931885,43.72509765625,-9.355515480041504,31.053050994873047,-18.66961669921875,22.599285125732422,-18.940324783325195,20.487600326538086,-18.055973052978516,18.055274963378906,0.192459836602211,15.798518180847168,-12.501434326171875,13.833965301513672,-8.783682823181152,11.879929542541504,-9.930134773254395,12.782519340515137,-10.22907543182373,11.624787330627441,-4.448238849639893,9.76111888885498
audio_672.wav,train,60.0746875,16000,0.04445791617035866,0.04459860548377037,0.829986572265625,0.42971246006389774,0.6187433439829606,142.65235101161107,35.79612503243175,19.791654368534893,0.1814435444954739,0.14587048376523912,2184.0732769542547,1272.3261648271234,1747.8221095404624,405.8518346773654,3976.953541001065,1742.6444750207452,-335.48809814453125,95.37997436523438,53.06092834472656,62.337772369384766,25.538318634033203,35.3573112487793,21.31220817565918,31.560237884521484,-4.573974132537842,21.14194107055664,-2.0381968021392822,17.975250244140625,2.3786754608154297,16.416933059692383,-12.70887279510498,19.709970474243164,-13.113821983337402,19.047622680664062,-5.942024230957031,13.986298561096191,-17.956430435180664,12.157855033874512,-0.6243298053741455,11.722718238830566,-14.980435371398926,12.490294456481934
audio_344.wav,train,60.0746875,16000,0.05175185576081276,0.054204005748033524,0.93450927734375,0.42119275825346114,0.617678381256656,115.86971395503193,57.62701813066667,118.88926005755751,0.09861383245141107,0.09314141887009646,1415.7264615301399,977.6663152034436,1308.2560222640022,524.9325064560475,2516.1782814164003,1634.799155295613,-307.0470275878906,83.5548095703125,113.73512268066406,69.91845703125,-2.721641778945923,32.63617706298828,8.625752449035645,28.76868438720703,19.249746322631836,20.03470230102539,2.6761796474456787,17.475528717041016,-8.640695571899414,20.237396240234375,-4.4949235916137695,15.1754789352417,-3.9115424156188965,13.302906036376953,-6.350974082946777,13.171294212341309,-8.516778945922852,12.043828964233398,1.3828155994415283,10.595392227172852,0.9195740222930908,10.8237943649292
audio_592.wav,train,60.0746875,16000,0.042294587939977646,0.04721343144774437,0.81298828125,0.5063897763578274,0.7412140575079872,124.90548719779652,32.64585629118509,66.16418206596475,0.08832950612353567,0.06241113723326256,1326.2374737573248,631.9482644794584,1475.6994876623676,480.2848424957275,2708.212693024494,1248.2772255904515,-348.5816650390625,85.32583618164062,112.02225494384766,50.034175872802734,10.226248741149902,26.419790267944336,32.76299285888672,28.540847778320312,18.79193687438965,19.832904815673828,-13.398024559020996,26.415851593017578,-10.50880241394043,24.004993438720703,10.226378440856934,12.470050811767578,9.222976684570312,10.85595989227295,-7.566513538360596,14.034778594970703,-4.733932018280029,10.145966529846191,2.663461446762085,8.530083656311035,0.3859005272388458,8.421771049499512
audio_705.wav,train,60.0746875,16000,0.05196920782327652,0.05117480456829071,0.942596435546875,0.3919062832800852,0.7310969116080938,132.33275396903284,97.0520886500794,26.333304867816878,0.1268920248435836,0.10571952679481819,1477.7460458440432,1145.2375906818347,1336.01757641913,588.1917636809155,2661.9034544728434,1949.4825057610462,-369.9570007324219,117.08805084228516,91.62618255615234,76.82364654541016,25.441850662231445,37.58822250366211,15.812980651855469,36.913272857666016,-3.0260989665985107,26.798641204833984,5.862064361572266,21.11658477783203,-1.8438963890075684,19.684139251708984,-8.434356689453125,16.34330940246582,-4.390765190124512,15.103243827819824,-15.647825241088867,14.895354270935059,-7.143338680267334,12.627169609069824,-4.7862043380737305,10.037132263183594,-6.282423973083496,10.752041816711426
audio_497.wav,train,60.0746875,16000,0.02285895310342312,0.023526165634393692,0.539276123046875,0.4941427050053248,0.5713525026624068,132.33275396903284,29.11122676875955,41.302000134188035,0.12654830396365815,0.0686904919033625,1647.549195905043,574.27007236247,1564.6658435888976,256.67191534374086,3203.270600372737,898.4344314933174,-286.69842529296875,52.88274002075195,103.63273620605469,26.802671432495117,-20.384950637817383,21.31275749206543,23.238239288330078,22.835124969482422,-6.375365734100342,12.220746040344238,11.705005645751953,13.203332901000977,-3.6946041584014893,10.979011535644531,5.133739948272705,12.904934883117676,-1.7164334058761597,10.50024127960205,-5.1631598472595215,11.998041152954102,-6.343703269958496,8.125777244567871,-3.117971897125244,8.133650779724121,-2.333738327026367,8.37602424621582
audio_702.wav,train,60.0746875,16000,0.027051854878664017,0.03704740107059479,0.976837158203125,0.5947816826411075,0.22949946751863684,105.03257643014581,22.766130017322567,10.02913801732808,0.27640774760383385,0.17151603364447934,2665.6643314624303,1385.3313765838386,1807.9525962110374,516.0327642522581,4614.030051916933,2126.0205500308257,-407.83087158203125,112.61532592773438,47.947349548339844,70.88963317871094,12.35494327545166,37.12882995605469,9.167252540588379,29.44648551940918,-5.007728099822998,15.699140548706055,-10.972448348999023,19.168668746948242,-13.83402156829834,17.115140914916992,-14.597086906433105,17.563457489013672,-17.680477142333984,18.671932220458984,-8.028661727905273,11.745640754699707,-7.424197673797607,11.233874320983887,-11.311863899230957,11.746221542358398,-9.29914665222168,10.603629112243652
audio_598.wav,train,60.0746875,16000,0.04434805363416672,0.038447871804237366,0.601531982421875,0.2928647497337593,0.6560170394036209,221.27444703492776,53.019233173550916,32.259352396384116,0.14621657431443025,0.10661986543250705,1851.0298547309742,1026.9253719792266,1587.882899571642,436.64195064755864,3465.5259917465387,1616.3843901762793,-276.80145263671875,75.94654083251953,95.2996826171875,44.598915100097656,-6.614503860473633,35.47428512573242,21.696548461914062,30.658241271972656,-16.667583465576172,29.448223114013672,-0.04478316381573677,18.17693519592285,-3.7975258827209473,18.325014114379883,4.373044967651367,17.025606155395508,-11.7000093460083,15.679906845092773,-5.19119930267334,11.75416374206543,-1.7568385601043701,12.671041488647461,-4.722099781036377,11.85010814666748,-0.467204749584198,12.01152515411377
audio_99.wav,train,45.06,16000,0.0035152228083461523,0.003036069218069315,0.090484619140625,0.33427963094393187,0.47267565649396737,176.64303400994282,45.49011611044307,25.08037427749659,0.15101128626242016,0.10496497419220321,1907.1823871422876,876.2831505461997,1726.1323107764333,356.0102945220187,3611.1659421575587,1581.3160902130794,-511.3435363769531,77.36165618896484,79.90950775146484,45.97187423706055,2.5696356296539307,30.09844207763672,13.277616500854492,29.60443687438965,-13.749382019042969,21.926284790039062,-3.246906280517578,17.33144187927246,-13.305937767028809,15.518257141113281,-2.3185887336730957,15.28074836730957,-5.893307209014893,12.930168151855469,-3.8822386264801025,10.386746406555176,-11.173527717590332,10.668160438537598,-2.3591885566711426,10.021222114562988,-6.324804306030273,8.764033317565918
audio_194.wav,train,26.53875,16000,0.04085439816117287,0.03615111485123634,0.99993896484375,0.3409638554216867,0.5313253012048192,183.93170582347207,55.85725000601352,29.81332525770867,0.1710066829819277,0.0875446258466173,1579.0739286862292,492.43543895413484,1085.2535349176455,171.50371786617882,2817.7522590361446,699.9070261813237,-336.5609130859375,137.3928985595703,103.81361389160156,54.63191223144531,-58.23955535888672,45.05228805541992,44.2967414855957,27.117116928100586,-19.086193084716797,21.29060935974121,-13.257730484008789,18.043350219726562,8.80530834197998,10.84300708770752,-25.401002883911133,17.253170013427734,2.569154977798462,13.41407585144043,-4.2656683921813965,11.264132499694824,-1.6831690073013306,7.999554634094238,1.988492727279663,8.323323249816895,-10.42463493347168,9.060919761657715
audio_5055.wav,train,60.08,16000,0.07998228818178177,0.016998644918203354,0.949981689453125,0.0,0.4680511182108626,90.38593460443693,22.081711689963992,41.78616153091704,0.4619008024660543,0.06863927732055697,3882.1941964931298,231.07690562479365,2346.991552666328,70.5245614701305,6749.213757987221,119.66181923067352,-34.858097076416016,10.036520004272461,2.641395092010498,10.964567184448242,3.535433292388916,6.932713031768799,2.2971396446228027,5.333780288696289,1.423440933227539,4.104415416717529,0.13715708255767822,3.6862168312072754,-0.7746724486351013,4.364208221435547,-0.6531111598014832,3.7752747535705566,-0.6012213230133057,3.3108155727386475,-0.5195322036743164,3.4067609310150146,-0.657162606716156,3.2356393337249756,-0.3212244510650635,3.267561435699463,-0.12575122714042664,3.1647560596466064
audio_178.wav,train,60.0746875,16000,0.05302463471889496,0.05240657553076744,0.7689208984375,0.3966986155484558,0.6080937167199149,222.55627686642293,190.74797546168566,56.073206751487675,0.166534586328541,0.1359294115840077,1959.6023001673013,1100.2835531659493,1688.5352835601886,429.50386759832304,3587.913505058573,1681.3069840170567,-277.4445495605469,69.81828308105469,86.77769470214844,37.18406295776367,-7.750340461730957,32.236480712890625,13.101709365844727,26.52840805053711,2.379401922225952,19.53866958618164,-13.696497917175293,17.35519790649414,-18.391502380371094,21.073122024536133,-3.1617839336395264,13.721691131591797,-9.050054550170898,14.1744966506958,-9.925835609436035,13.345824241638184,-1.9427106380462646,12.023270606994629,-0.06934598088264465,11.530123710632324,-0.6756891012191772,10.35594367980957
audio_609.wav,train,45.9733125,16000,0.04255730286240578,0.03702417016029358,1.0,0.31941544885177453,0.5956854558107167,173.60841241450115,203.0362119096128,23.417127193737485,0.18796449580288796,0.1139723882753394,2093.7736648981813,1014.5197572235654,1566.2428035771584,472.13395692196775,3807.775530619346,1558.8285617011204,-364.9929504394531,153.13272094726562,57.2680549621582,68.68698120117188,-7.76458740234375,44.91804504394531,40.68986129760742,42.52781295776367,-22.295618057250977,32.17578887939453,-6.733620643615723,24.3485050201416,-20.489299774169922,24.08098602294922,-1.6942676305770874,17.92254066467285,-9.532227516174316,17.26287078857422,-12.123411178588867,14.894251823425293,-14.675516128540039,15.571335792541504,-9.979713439941406,14.652302742004395,-1.6956312656402588,12.618293762207031
audio_77.wav,train,39.96,16000,0.03952606022357941,0.024765966460108757,0.518402099609375,0.1176941553242594,0.5932746196957566,159.19961611844158,21.880601130213574,18.615507005255466,0.2575189057495997,0.14838196451541377,2767.7580195878318,1075.2331752426735,1928.5154736134164,277.63518983174197,4915.5949759807845,1200.0914983743346,-247.90594482421875,91.19075012207031,26.560012817382812,54.47970199584961,7.709417343139648,34.36272430419922,17.288619995117188,34.35944366455078,-20.605928421020508,18.664228439331055,-5.683944225311279,18.75543975830078,-1.271294355392456,15.302751541137695,-11.283434867858887,16.073795318603516,-10.614161491394043,12.424811363220215,-6.3818359375,11.230104446411133,-14.502927780151367,10.539778709411621,0.48420265316963196,10.239953994750977,-11.985408782958984,9.373828887939453
audio_18.wav,train,45.012,16000,0.05388179421424866,0.04281168803572655,0.66998291015625,0.28073916133617627,0.673773987206823,202.90956258890662,34.14546607237299,33.234960672670326,0.17694347736762617,0.14239009560132798,2038.4607132314204,1138.1056992347897,1670.0821171042448,467.35153429859156,3590.8237828713577,1876.500492646675,-318.0937805175781,123.41156005859375,63.686317443847656,60.412723541259766,-10.239288330078125,41.70894241333008,3.4819915294647217,40.11571502685547,-6.720427513122559,24.800662994384766,-18.558029174804688,23.109094619750977,-27.295381546020508,22.224584579467773,-25.344058990478516,22.868810653686523,-14.352561950683594,15.467873573303223,-21.440439224243164,16.9206600189209,-7.39522123336792,14.752399444580078,-12.623611450195312,13.381205558776855,-5.8556389808654785,10.84186840057373
audio_9.wav,train,45.06,16000,0.032883647829294205,0.027323389425873756,0.33966064453125,0.30731014904187365,0.8076650106458482,136.21039964151845,27.54538151305824,23.496890777154547,0.15635604262775019,0.14367179391460824,1811.614499020471,1086.450820454003,1619.5682798824082,404.96446949786554,3408.356990773598,1823.8798768180434,-371.5447998046875,120.82750701904297,80.3410415649414,55.333961486816406,15.044817924499512,23.572511672973633,30.008220672607422,28.18193817138672,-18.011493682861328,24.04839515686035,-5.961113452911377,16.3021297454834,-17.161640167236328,14.740032196044922,-3.154541492462158,13.70470142364502,-19.99701499938965,15.478994369506836,-2.2214901447296143,11.284700393676758,-5.254031181335449,9.850255012512207,-1.0800029039382935,9.195507049560547,-12.386405944824219,11.35093879699707
audio_138.wav,train,42.96,16000,0.04447932168841362,0.03691154718399048,1.0,0.45793000744601636,0.652271034996277,211.28204791122093,76.37222716923638,61.82360882098138,0.11848837141660462,0.053294619713633834,1652.3394370852925,420.2423685445335,1578.4352119242876,289.23254610786887,3210.9316827997022,824.3495094428112,-213.72361755371094,41.512699127197266,95.7789077758789,19.234189987182617,-25.717552185058594,19.296131134033203,34.935001373291016,18.305465698242188,-5.251138210296631,13.769206047058105,-5.209537982940674,13.455911636352539,-2.1688787937164307,9.994560241699219,3.2469849586486816,7.883697986602783,1.2408959865570068,9.3316650390625,5.7823262214660645,7.569075584411621,0.11238669604063034,6.624809265136719,3.2046124935150146,6.71237325668335,-0.9204267263412476,6.724757194519043
audio_269.wav,train,60.08,16000,0.020385904237627983,0.02195270173251629,0.684814453125,0.4222577209797657,0.4728434504792332,92.4986056779086,24.034717434685298,15.55748285165842,0.14621631431376464,0.1223334537501395,1828.0486840313665,1011.8802411509923,1683.7446177156248,416.9183242365608,3567.866413738019,1595.0083132852963,-390.86627197265625,112.04535675048828,87.57627868652344,53.3304328918457,11.729584693908691,30.433605194091797,19.51312828063965,34.656307220458984,-9.354342460632324,23.835054397583008,3.570833444595337,15.533842086791992,-6.802720546722412,15.866580963134766,-13.861968994140625,20.182592391967773,-2.5970499515533447,14.01224136352539,2.1460368633270264,14.573892593383789,-8.645454406738281,11.442530632019043,-3.4181275367736816,11.079355239868164,-0.5810247659683228,10.896371841430664
audio_717.wav,train,60.0746875,16000,0.05638886243104935,0.051188863813877106,0.652252197265625,0.33386581469648563,0.7705005324813632,189.3213161937526,32.389179404804295,20.848247626286735,0.09117443340654952,0.08416132328440341,1078.9906204947947,880.0244523245357,1175.3707604809629,725.257458910508,1953.1749201277955,2010.9694080574088,-381.0423889160156,66.64861297607422,122.99932861328125,53.87504577636719,41.34906005859375,28.99850845336914,-4.173775672912598,30.979379653930664,-23.032835006713867,18.929414749145508,-27.3306827545166,21.69570541381836,-10.517683982849121,13.325691223144531,-15.351758003234863,12.48096752166748,-16.4266300201416,11.586359977722168,-8.094500541687012,8.119451522827148,-5.457503795623779,8.566789627075195,-7.284671306610107,8.378560066223145,-6.852768898010254,6.998368263244629
audio_529.wav,train,60.0746875,16000,0.03489360213279724,0.03371302783489227,0.734710693359375,0.3887113951011715,0.3865814696485623,126.35681904967383,134.59210308970975,66.77276106707629,0.11924072525625666,0.05685652295779555,1536.8249812645354,587.870331270652,1426.7025077020858,386.5388638140143,2978.426184771033,1160.6472182661694,-291.4617614746094,72.95069885253906,113.85663604736328,30.414772033691406,-24.03455352783203,24.841148376464844,28.366151809692383,29.83357810974121,-11.542704582214355,19.278535842895508,-11.532419204711914,16.564828872680664,-16.494749069213867,15.949551582336426,-9.794341087341309,13.987013816833496,-7.436118125915527,13.84952449798584,-8.399093627929688,15.139896392822266,5.430716037750244,16.934846878051758,-6.465439319610596,11.264843940734863,-3.808851718902588,10.215818405151367
audio_578.wav,train,60.0746875,16000,0.06441506743431091,0.047648217529058456,0.95574951171875,0.2571884984025559,0.7103301384451545,211.28204791122093,251.5561683807596,17.090437411093347,0.0847924570686901,0.06428604553982964,1144.6685142267613,644.7202162816357,1109.4603587912306,439.09244902179137,2114.674853567625,1208.2950733016946,-313.6005859375,107.79936218261719,120.13997650146484,57.46686935424805,-13.515660285949707,36.09587097167969,28.18507957458496,28.635385513305664,9.435891151428223,16.80349349975586,-7.898714065551758,20.337261199951172,-10.95716667175293,13.744523048400879,-10.199886322021484,17.457120895385742,-10.044839859008789,17.438966751098633,-4.480644702911377,10.403407096862793,-4.672264575958252,10.551408767700195,-5.827091693878174,10.788705825805664,-0.5398476123809814,9.038352012634277
audio_171.wav,train,60.08,16000,0.028772810474038124,0.037623509764671326,0.668914794921875,0.5649627263045793,0.45260915867944623,200.5789474828077,464.3336304233993,23.589937170660477,0.22280315037606496,0.14849750569747014,2312.270991154723,1149.4479512652688,1760.4698382262213,510.72362803781806,4219.515441959531,1875.9158970739775,-398.42626953125,147.7860107421875,48.36036682128906,63.90655517578125,10.747954368591309,39.652862548828125,18.501426696777344,32.5046501159668,-11.054338455200195,23.77141761779785,-9.479747772216797,19.527055740356445,-11.63615894317627,18.57660675048828,-5.4378204345703125,18.02626609802246,-11.778898239135742,17.198278427124023,-4.008127689361572,12.15023136138916,-7.503573894500732,12.22638988494873,-7.193909645080566,13.958155632019043,-2.1517014503479004,11.131312370300293
audio_596.wav,train,60.0746875,16000,0.04448673874139786,0.04442587122321129,0.93927001953125,0.3961661341853035,0.6522896698615549,269.2917795270241,54.59409226939861,39.033625721666965,0.16490542215788073,0.1330959544651082,2110.204490795276,1204.268379738719,1641.604169017474,426.32286865294793,3773.9200612353566,1618.9357574576259,-284.904296875,103.53351593017578,74.32638549804688,39.993934631347656,-2.0350582599639893,45.73200988769531,19.986083984375,35.08535385131836,-13.769407272338867,32.352115631103516,4.340106964111328,15.539216041564941,-3.3485500812530518,14.584582328796387,-6.732321739196777,16.004100799560547,-4.930787086486816,13.001646995544434,-3.043735980987549,11.098588943481445,-5.280079364776611,11.513643264770508,-3.988468885421753,11.831528663635254,6.146798610687256,13.61280345916748
audio_5066.wav,train,60.0746875,16000,0.1581813246011734,0.025410255417227745,0.95001220703125,0.0,0.13791267305644303,81.46036537576103,87.3825574800446,40.47968104726229,0.44979881148495743,0.06620575508512494,3874.268275424858,183.2981748780855,2348.918315905756,52.15934264700882,6747.1878328008515,103.44657621664537,31.918123245239258,7.170598030090332,2.35041880607605,7.090890884399414,2.3796839714050293,4.507091999053955,0.6517691612243652,3.9380316734313965,-0.7619431018829346,3.6197402477264404,-2.3620128631591797,4.617197513580322,-2.650045394897461,4.561059951782227,-2.0778310298919678,4.153453826904297,-1.4236871004104614,3.6152048110961914,-0.9644794464111328,3.5988457202911377,-0.5312132835388184,3.3802237510681152,-0.14822819828987122,3.493656635284424,-0.6789868474006653,3.400703191757202
audio_501.wav,train,60.0746875,16000,0.0782780572772026,0.053244080394506454,0.91357421875,0.21458998935037274,0.8349307774227902,216.22053167995523,27.553599251439895,27.495144431631246,0.16000726961861023,0.15923852218323362,1893.6494674066537,1365.3034433160597,1566.1715600969844,523.9863424766785,3315.1956869009587,2103.2643718792324,-279.8317565917969,88.96265411376953,75.91119384765625,68.83528900146484,13.32126522064209,45.993019104003906,11.976017951965332,35.76227569580078,-15.592439651489258,26.245872497558594,1.5209095478057861,21.841306686401367,-10.90640640258789,17.352975845336914,-19.855070114135742,21.10749053955078,-3.764493465423584,16.262920379638672,-10.358288764953613,13.114624977111816,0.578439474105835,12.02791976928711,-3.5763587951660156,12.945018768310547,0.03324753791093826,12.457656860351562
audio_8.wav,train,45.06,16000,0.046427469700574875,0.03251814842224121,0.558746337890625,0.19730305180979418,0.7984386089425124,188.23090565017245,33.368924161442735,36.279665857162286,0.1357622870830376,0.11503169552488675,1577.2296600220475,979.0883853318414,1395.5236016849453,485.29082455490084,2836.3977111426543,1624.9201076677866,-339.5346984863281,74.72747039794922,91.12588500976562,49.40601348876953,-15.105257987976074,42.97666549682617,29.92571449279785,33.12485122680664,7.610540866851807,20.52948760986328,-38.789390563964844,22.097047805786133,-6.710469722747803,15.922813415527344,-24.10742950439453,16.301097869873047,-39.003665924072266,16.147109985351562,1.9628899097442627,11.431561470031738,-17.043575286865234,11.037012100219727,-5.392767906188965,10.66386890411377,-14.579760551452637,9.256926536560059
audio_84.wav,train,45.06,16000,0.007788032293319702,0.005584860686212778,0.064788818359375,0.21078779276082327,0.7239176721078779,124.90548719779652,22.507553986237056,14.354518211981144,0.05717499667317246,0.04123328480692716,1333.423110275586,542.7438561251715,1694.6575658751092,387.9064891287732,2933.7351401703336,1358.635404827643,-455.5836486816406,58.872764587402344,104.67530059814453,33.26361846923828,9.346403121948242,17.12697982788086,22.196041107177734,17.03532600402832,7.437391757965088,10.428439140319824,3.059807300567627,15.116317749023438,1.4515448808670044,10.26175594329834,6.566873550415039,10.294511795043945,2.096914052963257,10.03606128692627,6.025050163269043,8.56466007232666,-2.860769033432007,8.179896354675293,4.94965934753418,6.722494125366211,-0.017265237867832184,6.889549732208252
audio_11.wav,train,42.66,16000,0.01059794519096613,0.009849629364907742,0.164398193359375,0.3733133433283358,0.6559220389805097,129.31026969119696,16.267449905731162,13.095144139840656,0.09879642698182159,0.10412838883720296,1522.4185156590895,930.8105897900923,1631.0128673774173,438.5185645328528,3039.0683564467768,1613.1035544735737,-461.16571044921875,109.44913482666016,104.36717224121094,45.26592254638672,11.962467193603516,28.254873275756836,29.824071884155273,28.7460880279541,6.078310012817383,15.415184020996094,-10.626556396484375,15.83551025390625,-7.082667350769043,13.46239948272705,-4.97078800201416,12.136512756347656,-4.204503536224365,11.367738723754883,-4.185693264007568,10.788620948791504,-1.3981349468231201,9.668136596679688,-1.9356179237365723,9.99683952331543,-0.1968098282814026,8.279239654541016
audio_142.wav,train,60.08,16000,0.012802530080080032,0.02739185281097889,0.663360595703125,0.7971246006389776,0.38232161874334397,233.08188075904494,422.24930075917575,80.50109608077261,0.3125777401990149,0.18053072127994615,3013.7788632839734,1331.09108225414,1970.825344568241,414.8632802798724,5172.365881256656,1712.8996205675599,-447.26092529296875,116.81509399414062,20.084970474243164,41.96484375,5.127309799194336,24.447282791137695,-1.1042733192443848,23.201383590698242,-5.418703079223633,16.6716251373291,-3.3617990016937256,12.791404724121094,-6.495626926422119,12.980239868164062,-3.2775509357452393,10.20431900024414,-4.296773433685303,10.790770530700684,-2.648383617401123,7.6527838706970215,-5.946143627166748,9.710625648498535,-1.1645628213882446,7.175311088562012,-4.3613810539245605,8.653841018676758
audio_610.wav,train,46.08,16000,0.04762304574251175,0.03738757595419884,0.833099365234375,0.2789729354614851,0.7057598889659958,175.62564499846297,233.5618481059129,23.68922110520768,0.17762899299531576,0.11991362846397789,2001.2483722874272,1076.391123529698,1524.4712224388968,475.13863094542563,3627.9005464954894,1662.5252852032706,-356.400146484375,142.16419982910156,64.48174285888672,68.19627380371094,-4.933963298797607,45.73399353027344,44.26907730102539,46.09950637817383,-19.799711227416992,34.511470794677734,-9.45694351196289,25.72247314453125,-18.801925659179688,21.45704460144043,-7.509989261627197,20.122360229492188,-13.205849647521973,18.32662010192871,-11.408926010131836,15.201009750366211,-15.05178165435791,13.662943840026855,-8.71805191040039,13.582596778869629,-3.651611089706421,12.234790802001953
audio_654.wav,train,60.0746875,16000,0.03837701678276062,0.03850391134619713,0.6907958984375,0.42598509052183176,0.5915867944621939,120.65074776640884,51.827240331123896,18.560513035293482,0.1852231741713259,0.17564411608303662,2121.041082906549,1540.2415049295798,1762.6214225099034,541.8665717395713,3792.244908146965,2321.4980899300713,-358.7893981933594,89.22017669677734,76.03943634033203,64.40855407714844,34.5860481262207,37.464839935302734,8.931563377380371,23.812368392944336,3.7662460803985596,18.71746063232422,3.690032482147217,19.722536087036133,-7.394472122192383,16.271757125854492,-21.88241958618164,17.697948455810547,-5.424576282501221,14.308988571166992,-10.077654838562012,12.514608383178711,-7.913583278656006,10.220023155212402,-4.530004501342773,12.503788948059082,-10.683701515197754,9.883622169494629
audio_170.wav,train,60.08,16000,0.03339773789048195,0.03693962097167969,0.689208984375,0.45633652822151227,0.46059637912673057,207.65234878997256,208.61139331055966,27.52795484377512,0.19281467360556442,0.14247465078485605,2098.56594059721,1144.444575293333,1730.279619922247,461.9763202061927,3889.5808373269438,1848.8893999670877,-343.35595703125,121.53077697753906,60.715354919433594,65.5312271118164,14.320024490356445,43.56956481933594,18.90204429626465,39.02427291870117,-13.021100044250488,24.546632766723633,-9.778321266174316,22.57044792175293,-10.13693904876709,19.325775146484375,-5.042694091796875,18.5455265045166,-17.440637588500977,17.01531219482422,-5.060586452484131,14.409870147705078,-9.791934967041016,13.59553337097168,-13.685694694519043,14.982609748840332,-4.109961986541748,12.329166412353516
audio_255.wav,train,60.08,16000,0.040770914405584335,0.03522288799285889,0.632080078125,0.33759318423855167,0.597444089456869,168.66611791365605,20.043804351041004,15.774796446849734,0.2580550806210064,0.20365357533380593,2318.2511983696795,1480.3913203349946,1710.3728772604136,479.02194190304886,3979.57850772098,2195.321094731604,-346.04669189453125,124.33267211914062,61.305137634277344,72.72115325927734,18.192983627319336,36.911495208740234,6.727243900299072,28.287141799926758,-22.140920639038086,23.550704956054688,-3.787846326828003,17.58676528930664,-11.390974044799805,13.623883247375488,-4.612326622009277,14.578536987304688,-12.924474716186523,12.694174766540527,-8.834364891052246,10.78349781036377,-12.933843612670898,10.674886703491211,-4.454955577850342,8.741205215454102,-7.808039665222168,8.494206428527832
audio_162.wav,train,60.08,16000,0.03565923869609833,0.03847259655594826,0.689178466796875,0.3913738019169329,0.520234291799787,176.64303400994282,64.41838206525964,20.53623309203863,0.2561906158479766,0.16215047250569037,2673.746662798152,1225.9840823935085,1924.839843110906,386.01001822754563,4792.020267571885,1583.5196930957345,-325.5374450683594,150.75840759277344,31.28668975830078,56.171302795410156,-7.149776935577393,41.42377471923828,-3.480792760848999,32.88731384277344,-18.39849853515625,19.73428726196289,-15.540974617004395,21.38142204284668,-12.536905288696289,16.060848236083984,-10.589410781860352,16.006441116333008,-5.006568431854248,15.837903022766113,-9.003551483154297,11.06940746307373,-12.737571716308594,11.325209617614746,-5.83427619934082,11.211674690246582,-2.6721158027648926,9.196965217590332
audio_5069.wav,train,60.0746875,16000,0.11250883340835571,0.02002260647714138,0.95001220703125,0.0,0.20820021299254526,76.44550209132854,28.663005811501925,24.561402765321574,0.45290217942957933,0.061555283383508845,3858.8996076411495,197.7242412100562,2361.082736811048,64.04396462041912,6745.690228966986,103.44591976439693,-0.934160053730011,7.557127952575684,4.3052520751953125,9.052369117736816,5.2371673583984375,6.168917655944824,2.9188880920410156,4.494235038757324,0.7082509398460388,4.519257545471191,-0.9860977530479431,5.151785850524902,-1.737079381942749,5.562499523162842,-1.3678767681121826,4.585322856903076,-0.25913017988204956,3.668504238128662,0.6507720351219177,3.6191225051879883,1.1069997549057007,3.4821462631225586,1.2453299760818481,3.6102492809295654,0.9297552108764648,3.389214038848877
audio_769.wav,train,60.0746875,16000,0.04242565855383873,0.036322951316833496,0.712982177734375,0.34132055378061765,0.6592119275825347,192.63059450929475,28.54760038310937,18.977856765434552,0.12424573806908945,0.07824728964389603,1207.0200504919735,598.9385776822137,920.0973187366602,340.32036735320855,2089.7272697018107,868.863808538846,-387.6756591796875,115.20215606689453,108.86836242675781,66.00798034667969,-31.839399337768555,40.45265197753906,16.624902725219727,34.40060806274414,-5.449329853057861,18.561887741088867,-28.4246826171875,25.39434242248535,-7.160008430480957,14.005532264709473,-19.863508224487305,17.286727905273438,-8.269694328308105,16.17947006225586,-3.234853744506836,11.906567573547363,-18.870174407958984,12.42109203338623,-4.363261699676514,10.742475509643555,-0.4369383156299591,8.34260082244873
audio_720.wav,train,60.0106875,16000,0.05940142646431923,0.044897280633449554,0.76788330078125,0.22494669509594883,0.6897654584221748,115.20235351026894,81.91812939815064,20.956501038465703,0.12139853536447229,0.08572747127556288,1502.8519596734739,766.7449747780115,1369.976607739494,415.05484265712533,2806.261660447761,1312.646241182254,-290.09869384765625,111.52177429199219,107.70667266845703,51.86345291137695,-14.229898452758789,40.49274444580078,42.55301284790039,41.426055908203125,-3.954998016357422,26.20496368408203,-15.93498706817627,21.18174171447754,3.5647330284118652,22.690927505493164,-20.057964324951172,18.772886276245117,-12.279088973999023,17.44075584411621,-15.029548645019531,18.254240036010742,-0.6668434143066406,15.629270553588867,0.9065479040145874,12.593076705932617,-8.117805480957031,12.6485595703125
audio_623.wav,train,60.0746875,16000,0.04308297857642174,0.04136456176638603,0.985382080078125,0.34345047923322686,0.5378061767838126,126.35681904967383,27.00030855094544,14.775137701531946,0.19495005907215124,0.13275340899820018,2287.4638004805415,1049.9381605020253,1674.8308414811054,411.06022734464756,4070.4414603301384,1525.224706796974,-308.263916015625,153.1082763671875,50.873939514160156,66.75514221191406,-9.190403938293457,37.18501281738281,32.83277130126953,35.761898040771484,-7.793972015380859,23.595304489135742,-2.5203325748443604,17.01846694946289,-11.587125778198242,16.577653884887695,-4.90761661529541,15.892746925354004,-6.402596473693848,15.61150074005127,-9.090383529663086,14.988109588623047,-0.7101693153381348,13.149175643920898,-9.502331733703613,11.414163589477539,-0.4640282690525055,11.240093231201172
audio_718.wav,train,60.0746875,16000,0.0503767654299736,0.04537630453705788,0.940185546875,0.37433439829605963,0.7816826411075612,205.2672581380976,36.79056163779439,34.208819355138075,0.10403536633053781,0.11026103086936363,1190.6370369569152,1092.1957261827943,1229.2516434140687,749.2782754615279,2090.197350905218,2134.415205947778,-380.718994140625,58.184383392333984,117.1684341430664,50.454429626464844,41.70733642578125,28.508352279663086,-6.4661760330200195,27.443737030029297,-19.25947380065918,17.302013397216797,-27.364906311035156,21.74983787536621,-10.662177085876465,14.704721450805664,-14.082828521728516,11.7110595703125,-16.442974090576172,10.524230003356934,-9.40601634979248,8.365683555603027,-6.805324077606201,9.00646686553955,-7.655819416046143,8.76115608215332,-8.355633735656738,7.178477764129639
audio_136.wav,train,45.06,16000,0.03272148221731186,0.021871080622076988,0.693267822265625,0.050390347764371894,0.47906316536550747,160.1218501126406,36.334492431834896,12.131180697093384,0.11541839014815472,0.02648405697235156,1436.9438214542022,176.37255178188533,1347.168864616218,150.2513834632405,2686.341155074521,358.8337417680071,-211.78477478027344,32.65374755859375,120.7649917602539,12.369243621826172,-46.02179718017578,10.797945022583008,25.310171127319336,10.369281768798828,-3.473149061203003,6.684689998626709,5.835587978363037,5.545703411102295,-2.1658129692077637,5.5037841796875,-1.7112282514572144,9.29069995880127,-6.44354772567749,6.427465438842773,-1.5785032510757446,6.031394004821777,-10.12741756439209,5.165022373199463,-5.932712078094482,4.7463483810424805,-2.63346004486084,4.413183212280273
audio_119.wav,train,45.06,16000,0.010227225720882416,0.0047434112057089806,0.119964599609375,0.0113555713271824,0.49467707594038324,148.5384940785009,43.604256848974636,94.71545878749095,0.048808025416962386,0.029263534652927563,987.2322589174564,406.69609787266137,1340.9410281917849,303.8665324554358,2062.660796664301,929.9761390947625,-417.4345703125,48.47809982299805,131.4987335205078,24.07211685180664,-11.976512908935547,18.92056655883789,37.03984451293945,16.249177932739258,16.883930206298828,10.995870590209961,1.4984956979751587,13.051615715026855,2.5827629566192627,11.89661979675293,6.740795612335205,7.9234724044799805,5.644797325134277,7.923839569091797,5.213247299194336,8.356671333312988,5.545321464538574,7.24495792388916,9.931219100952148,6.345564365386963,6.746824741363525,6.68593168258667
audio_542.wav,train,60.0746875,16000,0.06342516839504242,0.05441177636384964,0.906890869140625,0.32215122470713525,0.805111821086262,267.74077300753,74.72430114026648,52.363272384589834,0.14850718017838124,0.13303949772689888,1884.0409145608928,1095.627593556345,1663.6781723001207,418.8965994091354,3519.364849574015,1682.2384419790135,-296.59954833984375,104.07947540283203,66.95087432861328,38.37131118774414,10.931001663208008,37.607295989990234,11.54052448272705,32.07204055786133,-18.444040298461914,27.908599853515625,-3.8801021575927734,22.648393630981445,-11.218729972839355,18.460052490234375,-6.02142333984375,17.304683685302734,-1.7418416738510132,12.944562911987305,-18.494348526000977,16.723661422729492,4.243345737457275,13.482548713684082,-2.584934949874878,12.823434829711914,-6.428422927856445,9.258237838745117
audio_5073.wav,train,60.0746875,16000,0.1267963945865631,0.01907527633011341,0.95001220703125,0.0,0.08093716719914804,74.69948441050268,8.37844799812271,12.019309285798442,0.45067579373003197,0.05618820280675721,3869.6019934641686,170.66867016683892,2343.5982629549508,44.93016464428388,6739.787173855165,104.86772192662589,10.707093238830566,7.641390800476074,2.185481071472168,6.474692344665527,1.7395778894424438,4.5332865715026855,0.794387698173523,5.487551212310791,-0.36976921558380127,4.1086859703063965,-1.1746424436569214,4.030587673187256,-1.0009797811508179,3.6736555099487305,-0.8403160572052002,3.518334150314331,-0.9437975883483887,3.658867597579956,-0.8844974637031555,3.3581655025482178,-1.0636701583862305,3.635917901992798,-1.3749560117721558,3.6352651119232178,-1.7246614694595337,3.4236392974853516
audio_322.wav,train,60.0746875,16000,0.03563337028026581,0.03203006461262703,0.9305419921875,0.34291799787007454,0.5670926517571885,187.14677540918822,48.166166983524136,28.96459775986554,0.13782505283213525,0.12703511094261943,1767.073163831316,1235.9875669685935,1707.1331105630416,527.2306058341749,3299.1255657614483,2162.2813511765676,-358.0797119140625,76.87821960449219,98.588623046875,58.73994064331055,49.81891632080078,33.317569732666016,19.438785552978516,29.131732940673828,-7.56157922744751,20.042070388793945,-21.00374984741211,20.955171585083008,-22.204614639282227,18.650718688964844,-8.099175453186035,18.50857925415039,0.7409100532531738,18.14617347717285,-7.436755180358887,12.615972518920898,-14.150680541992188,12.389644622802734,-3.248495101928711,12.56202220916748,1.4890344142913818,11.107855796813965
audio_5039.wav,train,60.0746875,16000,0.06472951918840408,0.017094960436224937,0.95001220703125,0.0,0.5244941427050053,79.59980805922079,12.560458144754348,19.994168032786433,0.4710874059837593,0.0614383778824438,3900.9982840726025,228.04469589665348,2336.9230391556985,53.53486005708432,6756.922257720979,133.46689879161423,-55.18871307373047,9.879566192626953,1.425108790397644,9.269059181213379,2.1697936058044434,5.472614765167236,1.681801676750183,5.552735805511475,1.086766004562378,4.176479816436768,0.26154521107673645,3.7111854553222656,-0.007022146601229906,3.8519704341888428,-0.869602620601654,4.133604049682617,-1.547271490097046,5.426168918609619,-1.8844658136367798,5.47072172164917,-1.2873351573944092,4.689544200897217,-0.6434065103530884,4.004258632659912,-0.49772459268569946,3.623032569885254
audio_707.wav,train,60.0746875,16000,0.049498118460178375,0.04327636584639549,0.91259765625,0.32161874334398294,0.6656017039403621,147.682975305829,18.858616597165778,25.329229614676564,0.15455193565295527,0.13941097070043032,1712.3375684023706,1335.5673482345953,1392.8919185413758,587.2464733187195,2961.4242212460063,2096.170020313392,-367.7988586425781,115.6737289428711,78.25835418701172,82.70600128173828,28.954227447509766,43.5584831237793,14.462150573730469,38.19550704956055,-5.351719379425049,29.45052719116211,10.33948040008545,22.41033363342285,-1.5880285501480103,21.37478256225586,-7.903891086578369,17.295513153076172,-8.37446403503418,16.497692108154297,-15.543798446655273,15.544953346252441,-1.956336259841919,14.713347434997559,-6.021124362945557,12.054844856262207,-10.768799781799316,12.456320762634277
audio_148.wav,train,60.08,16000,0.03083266317844391,0.027899786829948425,0.6844482421875,0.3077742279020234,0.2944621938232162,96.87324609557632,491.37888177071136,18.44017368250151,0.22976310819355697,0.16317629455854613,2246.4441530975473,1417.3053743315552,1622.9057880619469,461.30370031769564,3829.140042598509,1993.7666039335334,-350.2552185058594,137.039794921875,64.94952392578125,82.9945297241211,5.484128475189209,44.7556037902832,19.955013275146484,43.010581970214844,-2.9833791255950928,25.209138870239258,-4.702437877655029,23.354598999023438,-18.187639236450195,20.49212646484375,-14.07595157623291,17.932167053222656,-2.0147926807403564,17.378921508789062,-5.912186622619629,15.435659408569336,-10.57909870147705,12.710789680480957,-6.126445293426514,12.457979202270508,-2.3119163513183594,10.751493453979492
audio_316.wav,train,60.0746875,16000,0.06363935023546219,0.058737240731716156,1.0,0.3109691160809372,0.6400425985090522,136.21039964151845,18.185341364937436,9.497979959320872,0.1350256256656017,0.11589722939859354,1708.8246154248682,1124.4200993894174,1278.0571800878236,480.5086203588986,2897.593017838126,1761.098878289634,-287.0179443359375,134.053466796875,92.8284683227539,69.71830749511719,-28.64225959777832,41.61684799194336,19.0447998046875,34.7830924987793,4.6923675537109375,17.246137619018555,-13.378948211669922,20.933237075805664,-11.847044944763184,18.363759994506836,-12.138842582702637,14.80581283569336,-14.917545318603516,16.617448806762695,-9.12511157989502,16.594646453857422,-6.765283584594727,11.041993141174316,2.412907123565674,9.75057315826416,-9.339040756225586,9.668143272399902
audio_647.wav,train,60.0746875,16000,0.057433757930994034,0.04513711854815483,0.92462158203125,0.30564430244941426,0.7183173588924388,109.36644661993022,110.14170768139127,8.2858405970957,0.14662477535942492,0.13264867727462942,1813.1007995086989,1342.621648706879,1627.3605560407013,530.5075768078674,3256.6934571352504,2154.974854533767,-310.4931335449219,97.22960662841797,83.66167449951172,70.32825469970703,29.5145320892334,41.36053466796875,17.016786575317383,30.70464515686035,16.704092025756836,24.0725040435791,3.506946086883545,18.166486740112305,-6.1351237297058105,22.810897827148438,-4.931621074676514,17.933488845825195,-0.7610093951225281,16.98967933654785,-4.734216213226318,17.947715759277344,-23.712913513183594,14.48454475402832,-15.969440460205078,12.867680549621582,3.280799150466919,12.339905738830566
audio_286.wav,train,60.0746875,16000,0.040746916085481644,0.03918738290667534,0.964324951171875,0.38817891373801916,0.6693290734824281,164.81377845643496,31.874973669603452,29.63696798848406,0.12706310528154952,0.10314567819983271,1565.5047125766357,937.0435832809414,1390.0733218640264,397.2095931589571,2843.995440628328,1460.7670313538265,-345.4891357421875,107.89787292480469,91.16304779052734,51.96921157836914,2.257483959197998,37.397422790527344,36.708412170410156,41.8767204284668,-6.056650161743164,23.66036033630371,2.279690980911255,19.05202865600586,-5.162105560302734,15.366985321044922,-13.969554901123047,19.423126220703125,-1.3202779293060303,14.261062622070312,-5.807788848876953,10.77833366394043,-8.131665229797363,10.006610870361328,4.805922031402588,11.68544864654541,-5.780008792877197,8.52839469909668
audio_92.wav,train,41.4,16000,0.0869750827550888,0.07087570428848267,1.0,0.30061823802163834,0.6769706336939721,173.60841241450115,71.69420648562274,28.711437156242624,0.18221078958172335,0.15081553884591145,2002.4345016959612,1329.331237289637,1490.811722213049,539.033311243777,3496.570710973725,1873.9746645701325,-301.6171875,141.1422119140625,66.7885971069336,74.15324401855469,9.309587478637695,52.84485626220703,13.203420639038086,43.3385009765625,-4.381651401519775,26.7406063079834,-6.414706230163574,30.533851623535156,-23.18389892578125,26.813186645507812,-6.503015041351318,21.82026481628418,-13.992459297180176,24.146690368652344,-6.264070510864258,16.401264190673828,-12.15698528289795,16.6474666595459,-0.9462422728538513,16.31291389465332,-9.894865036010742,13.197436332702637
audio_462.wav,train,60.0746875,16000,0.03988584876060486,0.04806854575872421,0.91058349609375,0.5175718849840255,0.674653887113951,226.44649206156825,119.68996044082822,150.87799850174105,0.17018161566493611,0.1287550879747743,2161.983431084394,1150.1782929621058,1882.5498590444101,595.0277185118279,4264.17731629393,1932.45219195928,-367.83062744140625,139.11978149414062,47.82086944580078,51.7567024230957,4.591610431671143,36.88113021850586,15.347827911376953,30.04564666748047,-7.731039524078369,29.097393035888672,-14.404731750488281,22.080232620239258,-3.0763487815856934,13.996191024780273,-5.51466178894043,15.725606918334961,-4.057215690612793,12.666727066040039,-6.306588172912598,12.771956443786621,-2.864659309387207,8.999770164489746,-2.437089204788208,10.390755653381348,-2.8568103313446045,9.250387191772461
audio_376.wav,train,45.8453125,16000,0.05809832736849785,0.04431838169693947,0.808074951171875,0.2847173761339846,0.7466852756454989,237.15608026942812,43.8176678675613,24.811622586801462,0.18541398617411026,0.16258306353797708,2113.149520598781,1392.4605405155444,1612.402825439701,535.8164099664524,3724.507152826239,1990.9606573071262,-345.9942626953125,133.1839599609375,57.22489547729492,72.05815887451172,17.60474967956543,43.61752700805664,12.211681365966797,31.993507385253906,-17.323036193847656,23.951786041259766,-20.178438186645508,21.798309326171875,-20.060928344726562,21.041013717651367,4.159626007080078,13.990077018737793,-9.968889236450195,14.323774337768555,-8.060242652893066,11.90743350982666,-6.099254131317139,13.373382568359375,-13.512149810791016,12.977017402648926,2.577800989151001,9.757744789123535
audio_76.wav,train,45.06,16000,0.01097069215029478,0.011780100874602795,0.37847900390625,0.46983676366217175,0.36550745209368346,170.6259238017108,504.32838946756726,51.187686788271606,0.30244015868967355,0.17568582589042844,3368.163519953172,1189.266535454525,2005.1332911125644,344.9506305767493,5539.860938608943,1071.2173683839158,-431.2979431152344,150.02879333496094,7.226666450500488,57.36302185058594,33.398555755615234,31.457050323486328,21.74433708190918,27.75141143798828,-7.298974514007568,24.654253005981445,16.443574905395508,16.997852325439453,-11.380572319030762,18.120487213134766,11.842607498168945,12.825218200683594,-7.519827365875244,16.037517547607422,8.83553695678711,9.925049781799316,-7.098351955413818,11.173584938049316,5.2948527336120605,10.736720085144043,4.194972991943359,8.829813003540039
audio_105.wav,train,45.06,16000,0.008664460852742195,0.007763728499412537,0.10968017578125,0.37899219304471254,0.7409510290986515,242.6993408760242,27.25425469841415,29.542865824736538,0.17164939950762953,0.10427745921842162,1922.8411132115953,885.7643323001015,1699.9078519137915,416.4901120024442,3698.838937189496,1629.6588628736229,-481.6192321777344,97.97817993164062,73.33626556396484,38.998565673828125,-6.556345462799072,30.283985137939453,8.239201545715332,24.165637969970703,-30.072322845458984,22.637523651123047,4.174896240234375,15.629379272460938,-23.62728500366211,13.370433807373047,-12.275571823120117,13.310850143432617,-11.380988121032715,11.849912643432617,-12.466450691223145,8.918503761291504,-10.811301231384277,8.16015911102295,-11.477167129516602,7.855039119720459,-9.788290977478027,8.217286109924316
audio_355.wav,train,60.2026875,16000,0.024005617946386337,0.04447729140520096,0.749481201171875,0.7614240170031881,0.9139213602550478,108.73654223881857,28.970070828358118,18.97853081597242,0.07903721938097769,0.028478081162822425,1251.8507674461687,615.4379956806691,1389.952339227771,593.9267210787203,2523.2589997343252,1626.3619708006386,-453.79290771484375,52.54317092895508,60.53662109375,52.30607604980469,31.463903427124023,27.311222076416016,11.781929969787598,22.26616096496582,0.24486610293388367,15.688459396362305,-6.0592360496521,12.217703819274902,-9.78853988647461,11.714430809020996,-12.167311668395996,11.824392318725586,-11.824724197387695,12.065528869628906,-10.658805847167969,11.075075149536133,-10.708385467529297,9.55036735534668,-9.52254867553711,8.600415229797363,-6.765143394470215,7.581238746643066
audio_663.wav,train,60.0746875,16000,0.0329197496175766,0.03612123429775238,0.69952392578125,0.46059637912673057,0.5990415335463258,207.65234878997256,343.04695108247904,125.7825485942137,0.12589440228966986,0.10763253184151092,1658.6744888651956,943.2045256341669,1529.2808425813714,492.72652466250344,3053.7681376464325,1557.4872687240506,-371.60870361328125,130.14666748046875,65.49258422851562,55.7940559387207,-4.399726390838623,38.34647750854492,13.626741409301758,33.337745666503906,-2.6552255153656006,27.08021354675293,-3.7103424072265625,19.66699981689453,-7.979775905609131,17.558929443359375,-5.708507061004639,17.45611572265625,5.603971004486084,13.342201232910156,15.007146835327148,13.301441192626953,10.253717422485352,11.327940940856934,-2.2369096279144287,12.963356018066406,-6.4742431640625,11.059584617614746
audio_767.wav,train,60.0746875,16000,0.05221885070204735,0.04884222149848938,0.930389404296875,0.3759318423855165,0.6203407880724174,187.14677540918822,154.78064287324477,17.30219079250284,0.12697730506190097,0.08291310629749503,1203.0618804245526,600.0952662972107,904.6393771281655,306.1470222204201,2083.2168530351437,843.0903852794313,-352.0750732421875,112.23489379882812,101.51034545898438,67.17434692382812,-25.57962417602539,37.89996337890625,15.340825080871582,31.313814163208008,-1.5457783937454224,17.106210708618164,-26.00909996032715,24.091583251953125,-10.252628326416016,14.273612976074219,-17.016407012939453,15.977025985717773,-6.24541711807251,15.491994857788086,-4.314064025878906,11.907270431518555,-18.931154251098633,12.775834083557129,-5.4632368087768555,10.286417007446289,-0.08026721328496933,8.711528778076172
audio_655.wav,train,60.0746875,16000,0.04909365251660347,0.048709895461797714,0.949462890625,0.3599574014909478,0.4366347177848775,188.23090565017245,67.44391550584331,37.026424988261766,0.19402731670993079,0.16582345769357873,2119.4077328201893,1339.1431103751845,1636.8391076661164,548.7483487349729,3700.063232161874,2087.8478428563126,-318.0585632324219,143.45059204101562,66.3221435546875,71.70701599121094,0.2124585658311844,45.66046905517578,5.749170303344727,35.6769905090332,-10.018831253051758,25.591934204101562,-8.651962280273438,18.28691864013672,-5.094601154327393,14.543526649475098,-8.6577787399292,16.150245666503906,-8.291729927062988,12.629179954528809,-5.312401294708252,10.10842514038086,-11.034279823303223,10.821298599243164,-7.847616672515869,11.955876350402832,-7.48090124130249,9.271133422851562
audio_372.wav,train,60.0106875,16000,0.037724655121564865,0.03205002471804619,0.940399169921875,0.3006396588486141,0.6871002132196162,93.57338770459413,12.359700665818698,11.390331872120726,0.15265634370002665,0.11473274577561855,1846.9823517819539,1036.2849441939477,1591.7201276196006,465.57879760395514,3283.015724946695,1824.401648014634,-322.9342346191406,150.68063354492188,82.27478790283203,69.25708770751953,-6.319699287414551,37.91355895996094,14.196185111999512,37.80233383178711,4.644928932189941,22.665447235107422,-10.386748313903809,22.05204963684082,-2.714390277862549,17.08023452758789,-5.527909278869629,15.243024826049805,-4.900118350982666,15.182404518127441,-2.5075464248657227,12.704618453979492,-6.626009941101074,11.325482368469238,1.7977877855300903,14.97815990447998,-11.668745040893555,12.39786434173584
audio_667.wav,train,60.0746875,16000,0.0558227114379406,0.048487767577171326,0.91119384765625,0.3083067092651757,0.3966986155484558,217.47308447763714,327.51630946638284,80.85369609172477,0.21619393345646964,0.15855335602681006,2331.119226574134,1361.3335834350326,1546.9349953722049,412.87769327330636,3906.7492012779553,1844.2992716705764,-269.3500671386719,120.6126480102539,52.26690673828125,81.72378540039062,-7.447158336639404,49.95956802368164,6.035147190093994,34.17353820800781,-27.774499893188477,32.452598571777344,0.18737611174583435,24.550453186035156,-16.44369888305664,20.620691299438477,-9.407964706420898,18.226354598999023,-2.458061456680298,14.919855117797852,-5.083548069000244,13.303034782409668,-10.568048477172852,13.47590446472168,-4.961730003356934,13.058995246887207,-1.1881511211395264,11.15411376953125
audio_517.wav,train,60.0746875,16000,0.027593858540058136,0.0292433500289917,0.424713134765625,0.48775292864749736,0.6096911608093717,115.20235351026894,42.69937866306499,7.986817299944548,0.12921617079339723,0.07317025628830959,1723.2833540073889,594.3300042708445,1723.6456350709777,304.4257586824054,3555.2532614483493,1211.78890451333,-291.70721435546875,53.07551193237305,92.46067810058594,27.646821975708008,-5.727658271789551,13.922545433044434,21.844778060913086,18.595399856567383,-5.737921237945557,11.22448444366455,3.525967597961426,11.334739685058594,-8.428367614746094,10.653112411499023,-1.3274108171463013,9.858973503112793,-9.798604965209961,9.343879699707031,-7.464157581329346,10.568861961364746,-7.32355260848999,9.794032096862793,-3.3456225395202637,8.164959907531738,-7.775289535522461,8.266717910766602
audio_765.wav,train,60.167,16000,0.040836915373802185,0.03992115333676338,0.9388427734375,0.3599149388623073,0.4869750132908028,171.61434972294217,42.42337465393423,37.56242069229336,0.22464493828083465,0.14929905006796315,2539.1601227961664,1213.3882143650476,1808.7304730066555,358.77560726410013,4503.625897129186,1608.810887085339,-321.8439636230469,140.53665161132812,37.62562942504883,68.80125427246094,6.597019672393799,39.88423156738281,11.001372337341309,31.721677780151367,-13.517818450927734,25.149425506591797,-15.4967622756958,21.684961318969727,-10.562853813171387,17.417221069335938,-2.6714584827423096,13.831926345825195,-17.748502731323242,19.192899703979492,0.9657747745513916,13.287555694580078,-11.27827262878418,12.954286575317383,-3.351583242416382,11.27830696105957,-4.829317092895508,9.659843444824219
audio_38.wav,train,45.06,16000,0.01056662853807211,0.008639487437903881,0.101654052734375,0.3584102200141945,0.8637331440738112,114.5388367788287,33.66283365225049,66.92636264388318,0.050498816203867994,0.06056681421471874,1205.3867149659093,865.1352395031703,1603.7923195811284,460.5720302471001,2402.102555003549,1649.076724871752,-477.4412841796875,78.35002136230469,104.2955322265625,41.070465087890625,33.5262336730957,29.73871612548828,34.15560531616211,21.602392196655273,28.03176498413086,15.248446464538574,5.240213871002197,16.559303283691406,1.2039092779159546,13.814817428588867,10.615579605102539,9.63308048248291,0.6401696801185608,11.592580795288086,0.8711625337600708,10.5151948928833,-3.516458034515381,7.972072601318359,1.7699320316314697,7.6709160804748535,-1.8878302574157715,8.278176307678223
audio_371.wav,train,60.0746875,16000,0.03663748502731323,0.03268890082836151,0.94476318359375,0.3397231096911608,0.3908413205537806,182.87233715141332,782.5186496980846,1585.049367462448,0.23067675053248135,0.12252164799727461,2356.368467583484,1050.031111543492,1647.3887206904037,413.15003576120284,4010.0297856762513,1585.0152436416888,-312.3447265625,145.2738800048828,52.7739372253418,62.94416809082031,-28.64841651916504,42.7916145324707,21.46563148498535,38.118282318115234,4.850340366363525,25.702922821044922,-9.219303131103516,23.844961166381836,-17.110118865966797,19.431133270263672,1.3990216255187988,15.54210090637207,1.9199397563934326,16.615108489990234,-7.927089691162109,13.401761054992676,-10.926305770874023,13.002163887023926,-6.429165363311768,14.069384574890137,-2.3972249031066895,11.17003059387207
audio_507.wav,train,60.0746875,16000,0.045954976230859756,0.046976011246442795,0.966888427734375,0.44621938232161873,0.7374866879659212,222.55627686642293,57.853804191531296,24.36695749797491,0.12162129135050585,0.11392299822808437,1593.6410435213388,949.4112506257317,1504.974058901324,523.0368914218599,3090.1890308839193,1683.8789648544337,-361.51531982421875,113.55807495117188,75.958984375,55.3715705871582,9.03293514251709,31.37724494934082,29.833105087280273,32.301513671875,-5.9799675941467285,21.334596633911133,-11.57296371459961,23.272981643676758,-8.252070426940918,20.009675979614258,-4.257481575012207,15.960694313049316,-6.199566841125488,15.44343376159668,0.6688188314437866,11.118501663208008,0.17880964279174805,10.717954635620117,-3.224994659423828,11.806724548339844,-0.6097015738487244,9.528421401977539
audio_5056.wav,train,60.08,16000,0.09517423808574677,0.017087245360016823,0.95001220703125,0.0,0.5181043663471778,95.20902171067573,13.346010642471155,20.112040817871346,0.46079137962593186,0.05711368842749399,3876.7972721296014,198.26891871889518,2347.9262512986475,75.69489356668204,6744.346545527156,107.20294051503164,-17.109487533569336,7.831038475036621,2.8164827823638916,9.261295318603516,5.3870673179626465,6.6048078536987305,4.865358352661133,5.756357192993164,2.571230411529541,5.178732395172119,1.3658158779144287,4.563406467437744,-0.20876984298229218,4.537431716918945,-0.24837318062782288,4.08842134475708,0.39148589968681335,4.071528434753418,-0.7497254610061646,4.0495100021362305,-0.058401577174663544,3.8649301528930664,0.8028678894042969,3.466109275817871,0.16051898896694183,3.5550057888031006
audio_282.wav,train,60.0746875,16000,0.04719342663884163,0.048229414969682693,0.981170654296875,0.4020234291799787,0.46325878594249204,173.60841241450115,44.13021105266557,35.25954194141633,0.14389684837593184,0.12505577588833303,1961.8920522709382,1303.866172572417,1568.5838623816685,583.1503430766248,3481.729233226837,2131.6784402699463,-342.58343505859375,142.71221923828125,74.24675750732422,78.65408325195312,2.8263447284698486,34.95329284667969,-3.716231107711792,30.000272750854492,-4.158074378967285,18.70928955078125,-13.54279613494873,21.275917053222656,-9.405220031738281,16.448009490966797,2.072554349899292,12.915337562561035,-5.867446422576904,12.63308048248291,6.498691082000732,12.222881317138672,-5.209044933319092,11.09312629699707,-4.947961330413818,8.590958595275879,-11.961409568786621,10.222739219665527
audio_459.wav,train,60.0746875,16000,0.07702763378620148,0.05963156372308731,0.939178466796875,0.2992545260915868,0.7523961661341853,207.65234878997256,122.12009963315273,25.131145797480656,0.12560320154419596,0.10585997778027173,1696.7238246336512,914.8906359837598,1585.6768151822796,520.7689273937226,3369.242545260916,1698.618670620802,-291.1024475097656,110.0458984375,80.83908081054688,51.35511016845703,4.076491832733154,42.37539291381836,29.99042320251465,39.09697341918945,-8.33397388458252,25.790864944458008,3.3635518550872803,18.069658279418945,-16.669815063476562,18.79179573059082,-8.526093482971191,16.051448822021484,-7.397118091583252,15.214168548583984,-2.7091073989868164,11.37467098236084,-6.2111592292785645,10.267986297607422,-16.92577362060547,15.19851016998291,1.3432804346084595,10.774581909179688
audio_303.wav,train,60.0746875,16000,0.034819670021533966,0.03651900589466095,0.962738037109375,0.40042598509052185,0.4249201277955272,108.1102658399776,290.6315937586256,10.052967227565247,0.23857323074747072,0.1633029876068969,2611.0653318619557,1282.3629622219123,1713.4871309815157,444.37327900583557,4538.401058306709,1591.9173745990654,-327.0818176269531,163.00613403320312,40.06131362915039,70.16360473632812,-9.648801803588867,44.41831588745117,20.794357299804688,34.5821533203125,-13.047659873962402,30.117237091064453,1.429975986480713,17.439071655273438,-10.268844604492188,17.581165313720703,-4.449427604675293,16.070127487182617,-1.314099907875061,12.480489730834961,2.617814064025879,13.164018630981445,-7.0698723793029785,9.817416191101074,-1.8617688417434692,9.061498641967773,-1.025948166847229,8.518448829650879
audio_297.wav,train,43.7546875,16000,0.06877172738313675,0.05288589373230934,0.8536376953125,0.2777777777777778,0.7171052631578947,234.43211035826653,41.00842813333554,18.963027615635383,0.1782405027869152,0.15590052319737702,2051.0581629158323,1368.6764397195,1596.6299488706304,532.3292660773981,3609.9746436403507,2034.663836368493,-338.1504821777344,140.06442260742188,59.87819290161133,71.4818115234375,17.617483139038086,43.35783004760742,15.774055480957031,31.161209106445312,-16.231531143188477,24.292781829833984,-22.693004608154297,22.20008087158203,-18.98078727722168,21.026609420776367,2.6040396690368652,14.087535858154297,-13.004327774047852,15.429655075073242,-7.706585884094238,11.247634887695312,-7.04063606262207,13.795280456542969,-12.51089096069336,11.768776893615723,2.6720292568206787,9.7587890625
audio_432.wav,train,60.0746875,16000,0.07431686669588089,0.056677404791116714,0.811737060546875,0.2715654952076677,0.7784877529286475,198.27510177438265,50.523856752239986,27.668137754874607,0.121886232028754,0.11593047516217764,1651.6168852295598,1012.7657888272995,1575.5436222530893,504.61394322722776,3114.8079739084133,1770.773144731462,-299.79052734375,122.51915740966797,86.95365905761719,50.591915130615234,5.201284408569336,47.269187927246094,17.787263870239258,31.82813262939453,-5.723575592041016,27.040523529052734,1.2286219596862793,21.155654907226562,1.6438932418823242,16.292837142944336,9.67557144165039,17.089183807373047,-2.5909576416015625,18.084543228149414,-4.036741733551025,12.463716506958008,-13.83335018157959,14.073736190795898,-0.9143903851509094,11.615276336669922,-0.8412780165672302,9.855774879455566
audio_454.wav,train,60.0746875,16000,0.05813058465719223,0.04897110164165497,0.94720458984375,0.3109691160809372,0.7401490947816827,277.1826309768721,54.378520876125016,66.0661069133811,0.1127305685902556,0.0736272790098744,1298.0160701889276,690.0262246658731,1182.719403354464,495.37699141095527,2256.073615548456,1326.4323504841561,-324.9882507324219,92.25032043457031,88.7607650756836,43.70861053466797,-16.29716682434082,43.88307571411133,4.902654647827148,28.444744110107422,-6.589558124542236,23.333742141723633,-12.63277530670166,19.36516761779785,-21.78424644470215,20.03097152709961,-12.831311225891113,16.417383193969727,1.9125396013259888,16.452049255371094,-8.375792503356934,12.816742897033691,-22.27935791015625,12.995054244995117,-18.00635528564453,12.038076400756836,-7.746513366699219,11.930451393127441
audio_482.wav,train,60.0746875,16000,0.04426538199186325,0.03978407010436058,0.930908203125,0.35303514376996803,0.8274760383386581,275.58617649730814,63.903195787775786,54.69265378708488,0.1268005046092918,0.09142996504226159,1657.3578430360621,866.618647696114,1441.9856925164463,513.437214009243,3152.4810303514378,1592.8305857510074,-372.3062438964844,134.073974609375,68.6741714477539,50.344337463378906,-21.75391960144043,42.926002502441406,17.72256088256836,28.385679244995117,-21.350231170654297,26.151119232177734,-13.827836036682129,18.54935646057129,-14.837320327758789,16.41387367248535,-12.191662788391113,15.03993034362793,-4.08989143371582,11.968818664550781,-9.535043716430664,13.522377967834473,-10.896379470825195,12.4973726272583,-6.862397193908691,12.209237098693848,-4.863189697265625,10.152145385742188
audio_484.wav,train,54.2506875,16000,0.04083117097616196,0.047003477811813354,0.955902099609375,0.5165094339622641,0.7712264150943396,273.99891691894106,117.8431201201917,52.76271894454101,0.14536271005306603,0.10152564482285097,1848.0745813808448,917.7667933679278,1573.5405827934187,521.2453570089716,3562.794811320755,1658.0926276772689,-360.5271301269531,115.57581329345703,49.513275146484375,45.90922164916992,-12.37848949432373,35.926998138427734,14.118443489074707,26.774444580078125,-18.467336654663086,22.66314125061035,-15.03477668762207,18.83966827392578,-14.451010704040527,15.852421760559082,-14.130887031555176,15.503744125366211,-6.719192981719971,12.408227920532227,-5.254324913024902,10.43887996673584,-10.141274452209473,12.268826484680176,-9.097630500793457,11.046615600585938,-0.9321605563163757,8.72673225402832
audio_757.wav,train,60.0746875,16000,0.04617945849895477,0.04476669803261757,0.940643310546875,0.37326943556975506,0.45154419595314166,108.1102658399776,128.96809015468324,7.645497554131097,0.194394697650426,0.1376054228739268,2105.7891972709513,1069.3951918347323,1814.021379702227,373.1387553560017,3953.112519968051,1806.8140924460909,-316.24041748046875,146.83331298828125,64.3336410522461,62.29658126831055,7.43853759765625,37.518856048583984,2.7307136058807373,37.29422378540039,3.1506192684173584,25.841800689697266,-11.099209785461426,19.67589569091797,-21.01970672607422,19.295738220214844,-2.0974745750427246,14.468517303466797,-15.401824951171875,18.894819259643555,0.31082096695899963,15.688210487365723,-15.134775161743164,12.73271369934082,-6.27550745010376,10.06151294708252,-10.923470497131348,12.323541641235352
audio_773.wav,train,60.0746875,16000,0.032720357179641724,0.04992331936955452,0.9678955078125,0.661874334398296,0.47657082002129925,206.4563592676515,58.45221454912132,61.63271360513329,0.15008746422390842,0.0826427611394888,1750.8051713383945,800.8057742652283,1599.984247577026,527.7734132297077,3422.8068423855166,1673.9697817581884,-387.5743713378906,85.23291015625,66.03334045410156,55.05897903442383,3.441560745239258,24.819625854492188,0.7873708605766296,22.568382263183594,-0.42959272861480713,13.473312377929688,-6.013953685760498,18.46584701538086,-2.9127402305603027,11.359991073608398,-3.9506752490997314,12.815997123718262,-8.134272575378418,15.253437042236328,-7.236044406890869,11.476227760314941,-1.622833251953125,8.256695747375488,-1.774632453918457,10.782215118408203,-1.4783762693405151,9.496797561645508
audio_668.wav,train,60.0746875,16000,0.0569201298058033,0.04501424729824066,0.916259765625,0.24387646432374868,0.4845580404685836,235.7901617579845,214.8895289419706,78.10218873930987,0.2083853334664537,0.17226388349060393,2239.003190760058,1439.0290518075683,1525.9323773394487,431.7695115056417,3711.49494142705,1969.6904861531457,-286.5468444824219,115.73780822753906,52.474632263183594,82.00529479980469,0.5688832998275757,50.164695739746094,1.1500952243804932,36.81605911254883,-26.77468490600586,31.72466278076172,1.0395395755767822,23.60978126525879,-17.17437171936035,18.74997329711914,-10.363276481628418,16.719404220581055,-3.839397430419922,14.870752334594727,-8.443841934204102,14.373161315917969,-10.477460861206055,12.308372497558594,-5.3691487312316895,12.250855445861816,-3.258476495742798,11.803346633911133
audio_240.wav,train,60.08,16000,0.009114895947277546,0.006951198913156986,0.118927001953125,0.2827476038338658,0.8130990415335463,122.05264192746294,44.062205600791664,69.36546560057427,0.08254371131190096,0.07460939616296955,1691.849418948013,888.6915754900295,1784.538445585218,439.7203830200277,3423.505724174654,1667.5703417157658,-436.44500732421875,56.53752136230469,88.44670104980469,41.97174072265625,16.212913513183594,24.338232040405273,19.515628814697266,26.00519371032715,0.8675975203514099,18.396602630615234,2.536741256713867,15.693994522094727,-0.8033470511436462,13.579821586608887,-5.366855621337891,12.380859375,-6.309931755065918,11.599630355834961,-11.056036949157715,9.838052749633789,-10.507061004638672,9.351459503173828,0.14766955375671387,8.555362701416016,-3.500091552734375,7.9613938331604
audio_163.wav,train,60.0746875,16000,0.060017120093107224,0.05962296575307846,0.938934326171875,0.44036208732694354,0.6943556975505857,152.01041679645533,19.261869990394914,14.975979927622262,0.08803856537872737,0.07878598923614319,1595.629964309574,825.2263949326233,1762.7149834332008,457.8557173316604,3404.6151158146963,1563.1288125717779,-334.7607727050781,145.9424591064453,73.36849975585938,41.83829116821289,12.66014289855957,33.387943267822266,35.3156852722168,28.18543243408203,10.993046760559082,18.442720413208008,0.6539202928543091,15.705452919006348,-5.072691917419434,15.755537986755371,-11.060135841369629,15.165568351745605,-6.161672592163086,14.508362770080566,-9.62922477722168,16.042322158813477,5.101299285888672,12.932353973388672,-16.074647903442383,15.059184074401855,-1.7532460689544678,8.959940910339355
audio_659.wav,train,60.0746875,16000,0.04925303906202316,0.0523272380232811,0.97344970703125,0.43024494142705005,0.6112886048988285,135.4258854679408,521.9566651042777,29.590608231017697,0.19333753494408945,0.13296434642149949,1801.3574261679,1058.138087605855,1482.8907660410061,607.1511399490728,3216.882155218317,2064.131699020768,-338.93341064453125,108.90998840332031,101.68858337402344,65.9688720703125,-18.771787643432617,44.83881378173828,-1.4892367124557495,31.957067489624023,27.935379028320312,26.652240753173828,-4.279708385467529,19.620439529418945,-18.744314193725586,16.970075607299805,0.27589234709739685,13.718400001525879,-14.886991500854492,15.42773151397705,-15.737110137939453,14.7962646484375,-16.928817749023438,11.364627838134766,-1.529236078262329,9.524237632751465,-10.613006591796875,9.16555404663086
audio_532.wav,train,60.0746875,16000,0.08085085451602936,0.061592068523168564,0.93597412109375,0.25452609158679446,0.8359957401490948,206.4563592676515,81.61689266559067,37.5565496325101,0.12508164020899892,0.11520049363968952,1614.3526030992896,1114.2686755923742,1490.1339388058805,502.4751053311945,2887.779552715655,1928.4905014762328,-282.16253662109375,82.09616088867188,91.37345123291016,57.40531539916992,13.977823257446289,35.13542556762695,6.142687797546387,28.258241653442383,-8.311169624328613,18.03850746154785,-23.357839584350586,23.419937133789062,-17.014404296875,17.17293357849121,4.079020023345947,16.98912811279297,-11.410539627075195,15.9241304397583,-9.326708793640137,14.760919570922852,-0.7471921443939209,12.584517478942871,-11.740506172180176,11.877638816833496,-0.12019967287778854,13.804959297180176
audio_464.wav,train,60.0746875,16000,0.03473072126507759,0.04348503425717354,0.999969482421875,0.5543130990415336,0.4739084132055378,204.08500572708806,204.9688014282255,30.678683806247363,0.1747110872603834,0.0964260149048522,2055.527504594212,831.060169211907,1848.2048902094537,492.1405132372983,4227.939463525026,1671.875220255145,-344.35931396484375,119.39520263671875,80.72300720214844,43.61581802368164,3.692288637161255,27.00197982788086,27.320762634277344,25.510908126831055,-12.266213417053223,24.469385147094727,-0.2924022078514099,15.516914367675781,-5.681254863739014,11.452201843261719,-6.5198974609375,14.008124351501465,-4.064462661743164,9.938008308410645,-2.8824822902679443,9.489873886108398,-6.890065670013428,8.839174270629883,0.11089629679918289,7.945657730102539,-8.204771041870117,6.989448070526123
audio_5.wav,train,45.06,16000,0.003918507136404514,0.002216924913227558,0.045684814453125,0.1156848828956707,0.6643009226401704,109.99999999999999,20.016537123285723,20.59786063300963,0.12930408312633074,0.1344269309045408,1903.6742450451654,1190.782482518428,1798.2178072174559,381.86853227868386,3643.6856813342797,1755.5089583847791,-482.6357421875,71.31986236572266,82.5333023071289,55.112693786621094,15.23375129699707,32.55912780761719,26.227455139160156,23.82861328125,20.7708797454834,17.92452621459961,12.69699764251709,14.083253860473633,-6.814781188964844,14.171518325805664,3.948234796524048,13.126032829284668,5.125391960144043,11.847996711730957,3.8856680393218994,11.636482238769531,-7.284188747406006,8.743814468383789,8.538033485412598,8.77764892578125,3.406750440597534,11.161589622497559
audio_231.wav,train,60.02,16000,0.056552495807409286,0.0504639632999897,0.638671875,0.34594882729211085,0.7665245202558635,214.97519305553408,94.61527836251207,26.024138190697414,0.15065090285181237,0.1511726958444058,1586.850443241103,1303.6850793980182,1534.123890139788,629.092748324855,2840.535047974414,2323.6639328069973,-358.6527099609375,70.64610290527344,106.14736938476562,57.10855484008789,19.658517837524414,31.07752227783203,6.475063323974609,25.248779296875,2.384078025817871,14.496678352355957,-13.886021614074707,18.413619995117188,-9.28798770904541,13.168704986572266,-3.6096115112304688,13.133102416992188,-5.668173789978027,13.014636993408203,-7.039026260375977,10.462827682495117,-3.0063014030456543,9.020652770996094,-5.181062698364258,10.572022438049316,-8.199014663696289,9.656015396118164
audio_384.wav,train,60.0106875,16000,0.04021798446774483,0.0446217805147171,0.999969482421875,0.5202558635394456,0.47867803837953093,146.8323839587038,346.9001169962838,43.46410801842285,0.17660294717817165,0.13750462120704487,2108.351684951252,1017.448194463408,1639.5993233304155,384.6949566930809,3838.1571495202556,1379.2897806420094,-318.43524169921875,120.99978637695312,52.54074478149414,64.2907485961914,10.353617668151855,33.18212890625,23.976104736328125,32.38938522338867,-9.96334171295166,27.617755889892578,3.784217596054077,24.855566024780273,-15.503339767456055,20.939838409423828,0.3626810610294342,16.407390594482422,-12.517017364501953,21.111835479736328,0.147220179438591,15.939754486083984,-3.197634220123291,14.033862113952637,5.445867538452148,11.521678924560547,2.667640209197998,12.888914108276367
audio_54.wav,train,36.42,16000,0.011821066029369831,0.008725591003894806,0.22259521484375,0.3353819139596137,0.7304653204565408,198.27510177438265,249.03716417008502,38.32153978567172,0.07859699091856892,0.08474664196663384,1587.6422125528331,897.5611526549379,1686.49623288795,410.2655276434011,3433.8646839332746,1484.7271431047127,-411.7371520996094,53.4302978515625,90.45974731445312,35.75861740112305,10.573470115661621,27.691192626953125,22.469247817993164,20.337261199951172,-18.017215728759766,22.222888946533203,17.226533889770508,11.394805908203125,-7.306166648864746,12.939708709716797,1.103332281112671,10.18801212310791,2.2831826210021973,9.246965408325195,-6.032818794250488,6.513193607330322,-0.18886680901050568,6.443990230560303,3.0963549613952637,6.105889320373535,7.825063228607178,5.772411823272705
audio_656.wav,train,60.0746875,16000,0.043895360082387924,0.04118776321411133,0.9722900390625,0.3466453674121406,0.553248136315229,184.9972113558172,69.40677170421993,26.815196216899125,0.1840222310969116,0.16192137393302902,2099.189729185152,1298.1472038455643,1628.466425251678,497.1180294401886,3671.1927582534613,1952.2008070207958,-329.05670166015625,153.53636169433594,61.6818962097168,68.36339569091797,1.6118452548980713,46.7537841796875,13.27237606048584,33.8436393737793,-14.445430755615234,26.387723922729492,-9.018016815185547,17.970020294189453,-4.469593048095703,15.001667976379395,-6.412688255310059,16.11092758178711,-9.33234977722168,12.625473022460938,-5.414722919464111,10.446535110473633,-10.995917320251465,10.476489067077637,-9.202677726745605,13.495866775512695,-8.01702880859375,10.066666603088379
audio_444.wav,train,60.0746875,16000,0.07003327459096909,0.07778166234493256,0.95501708984375,0.4281150159744409,0.777422790202343,239.91170118635668,70.00125993733127,33.67222086440435,0.12572722186168797,0.06915928671651685,1676.598490728198,657.5328606027692,1558.2331779747308,465.06351234154187,3264.1897963258784,1432.5321588695856,-295.71405029296875,119.69989013671875,69.75251007080078,42.917137145996094,-9.612617492675781,36.70383071899414,8.523715019226074,26.80470085144043,-19.558271408081055,27.856212615966797,-14.897379875183105,19.339466094970703,-15.029300689697266,16.757972717285156,-1.6270838975906372,13.478896141052246,-7.673048973083496,13.204730033874512,-2.089322566986084,11.784400939941406,-14.044673919677734,10.954859733581543,-10.438319206237793,10.610724449157715,-6.434010982513428,10.57535457611084
audio_5062.wav,train,61.0346875,16000,0.15213966369628906,0.02182428166270256,0.95001220703125,0.0,0.19811320754716982,92.76652516368397,53.90841819804901,102.01188037500935,0.44798576306996857,0.05458993058676921,3850.2516719829096,168.01303400308092,2361.2869661073755,52.41916401140004,6739.910901467505,92.2804594118852,29.185487747192383,7.2735419273376465,4.627562999725342,7.588572025299072,3.918884038925171,4.395821571350098,0.3716685473918915,4.059222221374512,-2.100634813308716,4.310494899749756,-3.161342144012451,4.245694160461426,-2.8758206367492676,4.112401962280273,-2.4032552242279053,4.060980796813965,-1.8566515445709229,3.664599895477295,-1.5316784381866455,3.420889139175415,-1.4801844358444214,3.1323423385620117,-0.7520925402641296,3.114623546600342,-0.18730050325393677,3.0249080657958984
audio_312.wav,train,60.0746875,16000,0.013713611289858818,0.012580683454871178,0.34405517578125,0.5346112886048988,0.8370607028753994,108.1102658399776,9.9597948152259,13.05114936528284,0.06326986197084665,0.05499467825747068,1187.7044951705404,739.8074296851364,1349.6679243740236,450.1950139932457,2217.834797657082,1363.4532743952705,-424.54669189453125,76.65840148925781,119.4530258178711,51.80809783935547,-0.056110482662916183,35.52873992919922,22.332536697387695,30.922998428344727,27.406869888305664,20.422618865966797,6.284644603729248,24.486270904541016,-5.693845748901367,15.416781425476074,-5.330840587615967,17.365787506103516,-3.1227405071258545,17.585906982421875,1.314292550086975,14.997419357299805,-3.4264583587646484,14.323931694030762,-0.08344734460115433,12.031811714172363,0.7694758772850037,10.966912269592285
audio_120.wav,train,45.0,16000,0.006534147541970015,0.006831400562077761,0.24139404296875,0.4918265813788202,0.5657427149964463,251.2581146483697,261.3887863030851,41.392469218887584,0.12128843783315565,0.08885187394656424,2116.4321116342826,731.6147055407632,1992.7430795932705,406.7344091355514,4497.390280739161,1256.4891137880381,-493.8782043457031,124.97086334228516,62.185733795166016,25.627506256103516,-1.2191466093063354,34.107662200927734,21.97049331665039,21.74100112915039,-5.045233726501465,25.324806213378906,4.388705253601074,14.406474113464355,-10.045254707336426,16.856245040893555,-1.9992364645004272,14.31025505065918,-1.2149662971496582,12.928528785705566,0.9337042570114136,10.33073616027832,-4.097153663635254,9.1521635055542,-0.47697338461875916,10.974431991577148,7.0908403396606445,8.395838737487793
audio_446.wav,train,50.7093125,16000,0.06557856500148773,0.05591017007827759,0.938995361328125,0.32302839116719245,0.7589905362776025,282.02769802256034,43.500048847891776,41.9083171035731,0.10751583448343849,0.09903385910291437,1392.763858848426,909.5752751821245,1444.6506056272483,520.6472506954852,2463.2048501577287,1711.662649660194,-324.6418762207031,94.08369445800781,103.88269805908203,44.494564056396484,16.951499938964844,37.03131866455078,-19.711576461791992,30.099323272705078,-11.101455688476562,20.582731246948242,-7.532184600830078,21.52094841003418,-7.9827470779418945,14.85837459564209,-14.9968900680542,17.167760848999023,-8.76061725616455,11.709650993347168,2.0909459590911865,11.118023872375488,-20.8124942779541,16.848735809326172,-3.6339049339294434,10.532730102539062,-7.332119941711426,9.510807991027832
audio_546.wav,train,60.0746875,16000,0.06802113354206085,0.06487980484962463,0.94720458984375,0.362087326943557,0.7689030883919062,248.37216905734888,151.4518186959051,26.135596471753644,0.07812786000732162,0.03966626629601303,934.8450103528781,417.80304191889326,929.592634192322,447.7763297086678,1616.9462193823217,873.8165347974791,-354.4263916015625,88.65809631347656,102.96186828613281,56.53828430175781,1.8199503421783447,34.55140686035156,4.5117363929748535,29.534536361694336,2.4425888061523438,16.6098690032959,-16.638572692871094,20.948787689208984,-12.336837768554688,14.272446632385254,-6.897316932678223,12.335793495178223,-8.144373893737793,13.242733001708984,-5.189140319824219,11.046002388000488,-6.557528972625732,9.932276725769043,-6.5933122634887695,10.039252281188965,-5.159369945526123,8.736369132995605
audio_430.wav,train,60.0746875,16000,0.031323496252298355,0.03070584498345852,0.931549072265625,0.42438764643237487,0.5926517571884984,208.85526660911424,50.60327526986425,40.92130755546518,0.12624540318823216,0.07024878965532283,1561.579959018531,607.8905683193135,1566.650051869243,393.2901719224781,3017.6051650692225,1270.7803520105497,-287.5274353027344,44.58506393432617,105.2618637084961,23.67538833618164,-17.77028465270996,25.738079071044922,15.316795349121094,20.817583084106445,-3.6710591316223145,15.500290870666504,2.6740453243255615,14.891918182373047,-4.197025299072266,13.85247802734375,-7.910656452178955,13.69393539428711,-4.535516262054443,12.404630661010742,-1.6981241703033447,10.793356895446777,-11.88990306854248,9.373923301696777,-2.5996294021606445,8.586613655090332,5.000641822814941,8.490056991577148
audio_179.wav,train,60.0746875,16000,0.03897576406598091,0.04022284969687462,0.737152099609375,0.4845580404685836,0.5883919062832801,212.505992363466,226.77131344001668,35.00841260408225,0.1690846728567625,0.13286733879174845,1947.574633767227,1088.9112258123203,1651.4381673978735,366.27803826638666,3557.686867678381,1538.779764292167,-297.26763916015625,66.5566635131836,83.39920806884766,37.54062271118164,-5.415702819824219,28.584444046020508,13.965249061584473,26.34595489501953,4.07137393951416,16.8159122467041,-9.67496395111084,17.78106689453125,-15.072741508483887,19.002090454101562,-4.55789041519165,14.509472846984863,-10.30837345123291,15.031717300415039,-8.728053092956543,12.80987548828125,-0.6329348087310791,13.337666511535645,-3.1980767250061035,10.301961898803711,-0.032123830169439316,9.56065845489502
audio_674.wav,train,60.0746875,16000,0.06231366842985153,0.05051777884364128,0.945037841796875,0.23855165069222578,0.7603833865814696,120.65074776640884,21.83772973531057,21.29925838411978,0.1522992898861821,0.1316640861128426,1892.9830391174778,1324.713328097053,1503.1352406550066,502.9365094659965,3298.3850838658145,1956.6528545166007,-268.7767333984375,115.80744934082031,75.37821197509766,74.25973510742188,10.421615600585938,44.3682975769043,22.776185989379883,43.02011489868164,-9.650307655334473,26.20693016052246,-3.5416531562805176,20.007356643676758,-7.080142021179199,18.011911392211914,2.9595022201538086,13.650919914245605,-7.8871846199035645,12.871421813964844,-2.5037147998809814,13.531693458557129,-3.879592180252075,11.692112922668457,-6.239168167114258,11.070432662963867,-5.114773273468018,9.148917198181152
audio_737.wav,train,60.0746875,16000,0.03483309596776962,0.0417039729654789,0.558685302734375,0.533013844515442,0.48668796592119273,130.8127826502993,26.356790861041013,27.408651522528444,0.11166222585529818,0.08956924738434402,1830.8261164955372,1158.6066001144973,1590.170918703328,750.4152728019845,3544.516273961661,2315.5671109394334,-406.4339294433594,124.62555694580078,73.82695007324219,75.1432876586914,4.585536956787109,29.066926956176758,4.340429306030273,28.043733596801758,-6.866527557373047,19.865299224853516,-7.998679161071777,15.983149528503418,-17.78851318359375,22.258214950561523,-7.463537693023682,12.34996223449707,-10.973392486572266,13.208698272705078,-11.695171356201172,13.816394805908203,-8.330856323242188,11.480301856994629,-6.746301174163818,9.264517784118652,-5.942395210266113,9.302607536315918
audio_669.wav,train,60.0746875,16000,0.06233862042427063,0.054691266268491745,0.887115478515625,0.34717784877529284,0.8280085197018104,128.565497341737,25.34037158160836,19.326359755280023,0.11672131880657614,0.09286171304332246,1502.6356252896462,883.6316853288522,1572.2926514170433,464.9692058201667,2943.648495740149,1649.7703412162825,-302.3334045410156,81.1654281616211,104.0362777709961,44.30302810668945,5.583551406860352,26.30136489868164,24.87274932861328,26.612884521484375,14.0797119140625,19.69049644470215,0.6773404479026794,14.317352294921875,-10.172738075256348,16.907320022583008,2.6466407775878906,12.434258460998535,-4.143173694610596,12.651390075683594,-17.633968353271484,16.51018714904785,-7.766735553741455,12.199450492858887,-3.461089611053467,10.104533195495605,-10.850944519042969,11.10899543762207
audio_540.wav,train,60.0746875,16000,0.05265079438686371,0.04208425432443619,0.944580078125,0.2790202342917998,0.9046858359957402,145.14587018501834,14.41538983257766,15.185377271256101,0.1132055898063099,0.06569331118204595,1589.9100694194221,751.2626233819319,1400.329644992991,436.82888824087627,2980.8681110223642,1280.65379507929,-266.25927734375,91.33269500732422,109.76314544677734,42.67686462402344,-23.05460548400879,41.8104362487793,42.96256637573242,41.445316314697266,-2.648080348968506,20.672269821166992,-14.499617576599121,19.091384887695312,-5.094065189361572,19.745847702026367,-5.181689739227295,15.01296615600586,-5.865279197692871,12.874156951904297,-14.117891311645508,15.887063980102539,-6.2464752197265625,11.517071723937988,2.184436321258545,10.341038703918457,-11.95616626739502,11.438352584838867
audio_692.wav,train,44.7786875,16000,0.024907002225518227,0.025313960388302803,0.566162109375,0.4542857142857143,0.7564285714285715,143.47872767421205,30.82989373296925,26.485852151037946,0.10826416015625,0.10495526094148863,1421.4492170071996,1014.3781305429799,1490.5902794644253,448.39902226082694,2576.7243303571427,1696.1616074213168,-332.15057373046875,47.55643081665039,126.71204376220703,42.50352478027344,12.934962272644043,27.945676803588867,4.461766719818115,16.800537109375,-2.0014092922210693,11.747271537780762,1.9784609079360962,10.72049331665039,-7.5198493003845215,16.380809783935547,-0.9259688854217529,12.282524108886719,-5.5377373695373535,11.100091934204102,5.613861083984375,10.323037147521973,-10.826891899108887,8.895759582519531,-8.124287605285645,7.5900654792785645,-5.020554065704346,7.147159099578857
audio_572.wav,train,54.848,16000,0.059408996254205704,0.04456186667084694,0.95709228515625,0.23498542274052478,0.6962099125364432,123.47082531403103,155.3767403246244,9.354419098018624,0.13641638575072887,0.12179503192550577,1542.7555140740938,1019.0885011673696,1307.866150003928,446.35143697796553,2753.0156705539357,1593.9338181111166,-295.66455078125,115.76994323730469,107.29639434814453,70.36162567138672,-15.505853652954102,40.6200065612793,26.053447723388672,38.00106430053711,-9.829202651977539,30.844636917114258,-3.3038885593414307,18.925426483154297,-10.747174263000488,21.126296997070312,-11.88858413696289,17.86811065673828,-5.616667747497559,17.86907196044922,-0.995353639125824,15.872980117797852,-0.43113696575164795,14.154722213745117,-7.4299774169921875,13.762001037597656,0.3143821656703949,12.013944625854492
audio_479.wav,train,60.615,16000,0.03707113116979599,0.038366835564374924,0.97021484375,0.45171503957783643,0.6385224274406333,125.62905732418486,18.55662340586541,13.995141997103246,0.16145000206134566,0.13198881089436618,1774.9516647559824,1142.0897907365174,1312.0888667656407,479.08812035091654,3154.3782981530344,1760.955324346045,-351.5611877441406,132.4105987548828,87.75537109375,68.91511535644531,-20.40567970275879,37.97080612182617,28.88033103942871,31.135690689086914,-9.920215606689453,18.957422256469727,-5.69757080078125,18.31528091430664,-5.906605243682861,15.780470848083496,-19.06591033935547,17.54561424255371,-4.945304870605469,11.957785606384277,-2.836531162261963,9.877826690673828,-13.189068794250488,10.305617332458496,-7.121779441833496,8.619037628173828,-4.082489013671875,8.646514892578125
audio_419.wav,train,60.7003125,16000,0.008699699304997921,0.00982118584215641,0.131103515625,0.4849762783342119,0.7480231945176594,205.2672581380976,196.4299020441732,37.340239823751546,0.0971373385608856,0.08741851404428148,1600.4451587710826,1147.0160226003734,1385.2040635212238,829.5377880586539,3079.9411900369005,2369.606392983078,-582.8203735351562,87.13159942626953,72.33649444580078,68.74472045898438,22.758882522583008,35.951271057128906,12.359612464904785,34.98701858520508,-9.176767349243164,23.378515243530273,-18.408994674682617,29.671342849731445,-13.155224800109863,20.093408584594727,-12.206720352172852,17.09035873413086,-6.3346123695373535,15.701034545898438,-2.243590831756592,13.449051856994629,-3.970860719680786,12.100791931152344,-5.0566816329956055,11.78005599975586,-3.310612678527832,10.063193321228027
audio_5037.wav,train,45.06,16000,0.12466320395469666,0.020695727318525314,0.95001220703125,0.0,0.0723917672107878,74.26924703925044,8.211114038276863,11.763281969972624,0.4499593156715756,0.05096168217887927,3857.4856008265706,160.5452911376321,2343.6377785807426,39.189767561581796,6734.541341376863,106.72771225964863,9.819547653198242,7.725949764251709,2.8034110069274902,5.451406478881836,1.2987293004989624,5.267632007598877,0.5850688219070435,4.250951290130615,-0.7243486642837524,4.216962814331055,-2.57463002204895,4.49372673034668,-2.3827500343322754,4.029007434844971,-0.9971001148223877,3.912358045578003,-0.027373580262064934,3.859614610671997,-0.4395163357257843,3.5005457401275635,-0.18569129705429077,3.4049365520477295,0.39943814277648926,3.1996872425079346,-0.4183821380138397,3.205461263656616
audio_433.wav,train,60.0746875,16000,0.06088640168309212,0.04569665715098381,0.922027587890625,0.2673056443024494,0.777422790202343,218.73289323986043,42.038606874327236,39.560606027790044,0.14444388977635783,0.1324421277931051,1840.6138643955626,1137.693045902674,1627.8559914453172,516.7111775212722,3334.656216719915,1915.1857255197076,-304.3275146484375,111.73857116699219,75.11802673339844,54.14588928222656,3.579322099685669,45.07486343383789,-2.333228588104248,37.02336120605469,-10.418058395385742,23.88852310180664,-1.5404177904129028,21.995473861694336,-7.217695236206055,16.356748580932617,1.3344182968139648,16.522987365722656,1.174494743347168,18.254451751708984,-2.8454644680023193,12.43504524230957,-15.920425415039062,13.202858924865723,-6.205824851989746,11.711338996887207,-3.205406665802002,10.41986083984375
audio_405.wav,train,60.0746875,16000,0.04541318863630295,0.047660164535045624,0.931365966796875,0.41959531416400425,0.6352502662406816,164.81377845643496,24.01075908909092,24.918834438679653,0.17839269668530353,0.1387467835947314,2190.4647200509776,1115.5779728116345,1815.4295249999475,424.4717830808857,4037.5232960596377,1726.4868191198393,-316.9522705078125,128.19107055664062,54.87425231933594,58.673423767089844,8.130410194396973,37.73719024658203,11.075979232788086,34.0689811706543,-15.12769603729248,24.192659378051758,-21.7799015045166,23.7850399017334,5.0655412673950195,17.241092681884766,-11.159320831298828,16.17067527770996,-18.878877639770508,16.87564468383789,-5.195713520050049,12.603713989257812,-5.950128555297852,10.855107307434082,-0.12003931403160095,10.362569808959961,-12.315698623657227,10.52933406829834
audio_267.wav,train,60.08,16000,0.04580659046769142,0.06457288563251495,0.7353515625,0.5356762513312034,0.7992545260915868,195.99771799087463,212.24837113114378,94.32444528912524,0.13290740024294462,0.0956058167493492,1742.5406162031761,1002.1267850239085,1679.9742627021503,599.3454233469555,3360.5398029818957,2203.4830434794694,-362.8085632324219,86.38477325439453,85.7153549194336,51.27116775512695,18.94447135925293,30.362028121948242,11.32325553894043,23.42315673828125,-8.168611526489258,23.918275833129883,3.4026572704315186,19.017637252807617,-6.812404155731201,18.3482608795166,-4.788639545440674,15.188249588012695,0.460080087184906,12.135961532592773,-7.725048542022705,11.123589515686035,-2.794490337371826,10.397551536560059,0.23944896459579468,9.333324432373047,-1.9866575002670288,7.9541168212890625
audio_358.wav,train,60.0746875,16000,0.045387472957372665,0.04136546328663826,0.958709716796875,0.3146964856230032,0.5591054313099042,98.56656061031477,21.420138396526305,14.988990849858453,0.17636469149361023,0.1313006112257518,2238.1013453199243,1116.0769300387487,1800.5858917933688,366.17807362846224,4190.990248935037,1598.1612572701267,-295.2734375,156.03443908691406,52.72460174560547,63.41439437866211,10.645438194274902,37.662322998046875,19.694223403930664,30.61363410949707,-3.661139488220215,31.108356475830078,5.67385721206665,17.990291595458984,-15.384778022766113,19.298452377319336,-7.6910552978515625,17.22993278503418,2.4164302349090576,13.681292533874512,-5.527726650238037,17.23357391357422,-9.923482894897461,14.320714950561523,-9.5756254196167,13.474017143249512,-0.4123173654079437,12.389873504638672
audio_331.wav,train,60.0106875,16000,0.03668879717588425,0.038623493164777756,0.950408935546875,0.4136460554371002,0.593816631130064,96.31529725464738,12.856641868461589,14.478410795800372,0.17259414770455758,0.1266040768622456,1931.3639914834846,1119.5702701918349,1593.1192382020813,511.3774064458651,3419.746968283582,1971.4473393856274,-334.23687744140625,149.61343383789062,77.37847900390625,76.75497436523438,-5.3750529289245605,39.745391845703125,8.753510475158691,36.448219299316406,3.7083370685577393,21.96255874633789,-7.936927795410156,21.441303253173828,-3.598827838897705,16.24698829650879,-5.5975165367126465,15.701376914978027,-5.837387561798096,14.988517761230469,-0.2184225171804428,11.466772079467773,-7.0685906410217285,10.263493537902832,-0.3478183448314667,12.877970695495605,-9.186241149902344,11.12889289855957
audio_487.wav,train,60.0746875,16000,0.04901145026087761,0.054512687027454376,0.999969482421875,0.46485623003194887,0.7550585729499467,261.6255653005986,47.17656410575336,34.046587374852436,0.11349861055644303,0.08899521407213372,1512.8162395687089,838.081353293642,1354.902447696608,520.604140084512,2819.2225772097977,1617.6873017881426,-341.30328369140625,118.14238739013672,90.81549835205078,56.8185920715332,-10.723334312438965,39.63644790649414,16.851276397705078,30.248157501220703,-16.28964614868164,19.77567481994629,-14.240387916564941,16.811376571655273,-5.802402973175049,16.025753021240234,-10.020519256591797,15.72532844543457,-5.104790687561035,12.17870044708252,-8.506882667541504,12.746779441833496,-8.163862228393555,10.908135414123535,-4.019959926605225,10.950045585632324,-10.516596794128418,10.704404830932617
audio_494.wav,train,60.0746875,16000,0.04780074208974838,0.043895453214645386,0.764617919921875,0.35250266240681577,0.7997870074547391,115.86971395503193,14.637922751501696,14.268263680332637,0.14328688681443025,0.11882167225578016,1675.2380078910724,1094.1275841795314,1709.950022837505,474.3818755323818,3144.443889776358,2086.683498519397,-331.4041442871094,85.06394958496094,87.45853424072266,48.626487731933594,28.70020866394043,30.53387451171875,23.839157104492188,28.145795822143555,16.02910614013672,19.48537254333496,11.918822288513184,19.10382652282715,-14.827784538269043,19.806419372558594,-5.455545425415039,14.440388679504395,-10.395721435546875,14.677865982055664,-5.201272964477539,14.978689193725586,-4.724459648132324,12.813992500305176,0.04891321063041687,9.618484497070312,-6.118311405181885,10.28618049621582
audio_536.wav,train,54.1866875,16000,0.03102678433060646,0.0344475656747818,0.509063720703125,0.49586776859504134,0.6316410861865407,135.4258854679408,24.39634015761853,11.569152246214458,0.11950265643447462,0.10398869515065243,1508.424637672527,1005.1528737485982,1570.9742156594086,502.9638233436493,2842.4540658205433,1852.9765999764052,-357.7674255371094,72.38621520996094,113.153564453125,48.55532455444336,13.831339836120605,28.343847274780273,3.246594190597534,17.039636611938477,14.109880447387695,13.848335266113281,2.354173183441162,16.335180282592773,-10.701607704162598,20.420690536499023,-5.477540016174316,15.641178131103516,1.4762128591537476,9.802145004272461,4.0420331954956055,9.721930503845215,1.0762641429901123,8.893635749816895,4.42020845413208,9.464526176452637,-1.7186118364334106,8.05997371673584
audio_634.wav,train,60.0746875,16000,0.05403584614396095,0.04470830038189888,0.943359375,0.30085197018104365,0.6842385516506923,94.6606580968763,393.8270005880024,12.247694464611882,0.13307952068357295,0.11050553502904514,1760.1598762522974,994.3728687803631,1623.3095943743058,451.8156111504342,3356.0178714057506,1721.6875037557127,-298.7218322753906,127.73804473876953,95.5777587890625,62.741844177246094,5.954224109649658,37.5035400390625,22.611413955688477,30.41973304748535,2.7159080505371094,30.2547607421875,1.499338984489441,19.93914222717285,-20.91294288635254,21.52471923828125,-14.330838203430176,18.013511657714844,19.720863342285156,17.351652145385742,-13.508902549743652,19.413545608520508,-8.593107223510742,13.184897422790527,1.2729229927062988,11.638797760009766,-4.101395606994629,11.862070083618164
audio_317.wav,train,60.0746875,16000,0.04845820739865303,0.03862793743610382,0.816864013671875,0.25452609158679446,0.5910543130990416,91.96585291173604,21.314622412661617,14.65057508720274,0.16081613168929712,0.15265449722349209,1770.59515294963,1414.6008644743883,1428.476199632727,554.0706786667982,3035.476570820021,2184.025342632173,-338.3065185546875,107.61489868164062,86.5578384399414,94.85940551757812,25.12076187133789,44.992271423339844,29.178197860717773,35.05851745605469,19.050790786743164,24.529577255249023,8.449126243591309,23.13833999633789,-13.406864166259766,19.952171325683594,-11.891616821289062,16.036550521850586,-6.764705657958984,18.0753116607666,-6.099664688110352,14.42257022857666,-15.583626747131348,13.115157127380371,-8.923992156982422,12.829730033874512,0.31941723823547363,12.363875389099121
audio_5054.wav,train,58.6666875,16000,0.12667664885520935,0.024975916370749474,0.95001220703125,0.0,0.12595419847328243,85.80717486147108,85.35120152714158,161.01469361749866,0.4554556510700654,0.057682191566893436,3878.4197703502136,171.00162816540094,2338.6580284383235,44.56638858422021,6742.234357960741,115.12736917373496,10.851999282836914,7.807646751403809,1.6531938314437866,6.065119743347168,1.685383915901184,4.643210411071777,1.4504520893096924,4.930032730102539,-0.2561890482902527,3.5856781005859375,-1.5425329208374023,3.9525649547576904,-1.4911155700683594,3.8222553730010986,-1.7378987073898315,3.7330007553100586,-1.341550350189209,3.9630441665649414,-1.4584695100784302,3.5049219131469727,-2.028653144836426,3.8141918182373047,-1.3932808637619019,3.5324885845184326,-0.5666471719741821,3.5592074394226074
audio_723.wav,train,60.0746875,16000,0.043134961277246475,0.03925422206521034,0.923858642578125,0.3210862619808307,0.6027689030883919,127.08879665595002,53.834468977926726,29.107537977850413,0.22023876381123536,0.1508116324846861,2279.9016407478443,1176.566432977075,1626.6915884429084,379.95129640090255,3959.997337593184,1580.646431720692,-293.3153991699219,108.70587158203125,61.9342041015625,59.842201232910156,-8.355718612670898,42.37982940673828,17.9201717376709,33.46652603149414,-9.01878833770752,25.040279388427734,-2.9006621837615967,20.746997833251953,-21.22256088256836,19.830150604248047,-8.049996376037598,17.65184783935547,-9.650060653686523,13.763050079345703,5.585468292236328,12.160595893859863,-7.894330978393555,13.566596031188965,-0.10121253877878189,10.874960899353027,-6.465933799743652,10.761687278747559
audio_155.wav,train,60.08,16000,0.03276868909597397,0.027583185583353043,0.617462158203125,0.2577209797657082,0.4898828541001065,229.0776735576574,330.0470697829425,25.372390615065456,0.29032142322284343,0.19468197056390682,2861.904421397698,1557.3294830943387,1641.6905733479161,458.39481409618935,4593.271598775293,1906.3109496427207,-351.6775207519531,122.44384002685547,23.63593864440918,90.11650085449219,-1.8492375612258911,49.89787292480469,11.607193946838379,39.556488037109375,-23.242429733276367,27.200969696044922,-18.32645606994629,22.150856018066406,-12.691442489624023,18.42013168334961,2.698514461517334,17.383678436279297,-16.275108337402344,16.193756103515625,-16.29134178161621,16.171077728271484,-14.960405349731445,15.735947608947754,-5.047850131988525,15.6365966796875,-13.659505844116211,12.141834259033203
audio_410.wav,train,46.208,16000,0.05626726523041725,0.05408681929111481,0.9002685546875,0.38269896193771624,0.6581314878892733,258.62053938239393,50.863012469047625,42.99817186516918,0.1576391517084775,0.1383849328777771,1802.247135412189,1120.6144489273852,1514.836704299494,391.67229662113994,3175.259515570934,1677.7635663836963,-303.6029968261719,81.98320007324219,88.37271118164062,50.63310241699219,-10.853106498718262,32.49127197265625,6.906650066375732,24.23923683166504,-13.475481033325195,18.635726928710938,-3.264312982559204,15.995794296264648,-11.329842567443848,16.532747268676758,-15.91969108581543,17.387313842773438,-3.632885456085205,15.0451078414917,-9.968966484069824,11.50920295715332,-7.050096035003662,10.217190742492676,-6.686642169952393,10.14995002746582,-0.3769034147262573,9.277167320251465
audio_251.wav,train,20.06,16000,0.016075173392891884,0.020200150087475777,0.55035400390625,0.5550239234449761,0.8405103668261563,89.86534992826049,64.40420279600944,108.92733817519675,0.07022060655901116,0.06745494385652306,1209.0113922033695,673.426175865977,1472.5414547201874,348.99137652394234,2348.596989633174,1179.3821732797553,-416.815673828125,73.57427215576172,98.71890258789062,34.27760314941406,21.56269073486328,32.91046905517578,24.278667449951172,22.431825637817383,2.4149675369262695,21.552703857421875,2.5573363304138184,19.797510147094727,-0.5994470119476318,14.1248197555542,3.968611478805542,11.541402816772461,2.55820894241333,11.999521255493164,-3.3668456077575684,8.570215225219727,2.557283401489258,9.075098991394043,1.7365273237228394,8.407209396362305,-0.8500546216964722,7.879817962646484
audio_779.wav,train,60.0746875,16000,0.03715198114514351,0.03186136484146118,0.907562255859375,0.33706070287539935,0.6714589989350372,76.88834637984607,267.8672667173332,13.986786395049862,0.16980877471046327,0.13115676221613812,1861.472355674773,1184.4436849151145,1710.9695006148897,487.88072030665876,3528.001031682641,2029.3998423176786,-316.9390869140625,95.55220031738281,95.8300552368164,62.238555908203125,20.550477981567383,33.69021987915039,16.58852767944336,28.23273277282715,4.723230361938477,25.125823974609375,6.282382965087891,17.991737365722656,-4.021149158477783,17.191789627075195,-3.2617225646972656,15.02985668182373,-11.035433769226074,13.180933952331543,6.373529434204102,14.183294296264648,-9.191303253173828,12.029492378234863,-0.35092392563819885,10.592193603515625,-0.9141126275062561,10.00975227355957
audio_382.wav,train,60.0746875,16000,0.04858428239822388,0.03901904821395874,0.600067138671875,0.29020234291799785,0.5553780617678381,87.81282249923149,11.229585432505974,10.09171644969112,0.14757611779486154,0.12450438473145961,1729.3561652382105,1216.4918553539069,1528.281587512324,584.0980214598333,3225.655617678381,2089.105433033964,-344.9080810546875,130.25064086914062,91.09651947021484,84.68504333496094,22.587358474731445,39.81874465942383,35.543731689453125,34.14134979248047,16.3185977935791,21.83009910583496,10.486305236816406,23.165781021118164,-12.645161628723145,19.680505752563477,-14.783646583557129,16.540956497192383,-7.755376815795898,16.982837677001953,-5.457156658172607,15.101725578308105,-10.645729064941406,13.199597358703613,-8.5045747756958,11.272360801696777,0.18653342127799988,11.884316444396973
audio_559.wav,train,60.0746875,16000,0.029416371136903763,0.0422721691429615,0.763092041015625,0.6107561235356762,0.520234291799787,200.5789474828077,60.63798845628495,119.23194417138373,0.15594059920793396,0.1107523218078644,1828.846133255437,992.7331910232333,1584.6342525720215,348.1736783459651,3291.2881056975507,1482.545642104285,-353.76483154296875,95.34278869628906,82.6231918334961,43.91294860839844,-4.621984958648682,24.740087509155273,9.057306289672852,29.945280075073242,-1.377930998802185,19.501554489135742,-7.573408126831055,14.811647415161133,-10.189685821533203,15.073005676269531,-4.326474189758301,13.464761734008789,4.333514213562012,12.005354881286621,-6.425620079040527,15.210915565490723,1.1947224140167236,10.932103157043457,-2.806804895401001,11.049323081970215,-7.809669017791748,8.922506332397461
audio_161.wav,train,60.08,16000,0.014922146685421467,0.02842746302485466,0.67205810546875,0.744408945686901,0.21565495207667731,163.86452094349724,30.42628924430042,13.178528793172518,0.31305380141773165,0.13900941662331895,3112.543615819291,977.2550607919968,2181.053149932925,322.2394433561513,5727.136581469648,1293.1187324259183,-476.7313537597656,160.60952758789062,16.886917114257812,45.77811050415039,4.6795454025268555,24.90618896484375,1.1948710680007935,22.21259117126465,-6.801207542419434,16.65423011779785,-7.735337734222412,18.159996032714844,-3.5082857608795166,12.24949836730957,-5.63497257232666,13.55307388305664,-5.988863468170166,12.592362403869629,-6.289995193481445,10.622223854064941,-6.592231750488281,10.077109336853027,-2.7007133960723877,9.337793350219727,-2.9898171424865723,6.9100823402404785
audio_535.wav,train,60.0746875,16000,0.04795098677277565,0.046265412122011185,0.8155517578125,0.3801916932907348,0.6485623003194888,140.20166900511882,53.22233497138431,20.357634333057632,0.1160429770700213,0.10984496862050185,1467.8825296760676,1080.5084305542462,1536.904153616661,491.1828814842609,2694.1019369009587,1895.770394204142,-303.3694152832031,67.2943115234375,116.43197631835938,49.35837173461914,17.262903213500977,28.32342529296875,8.610189437866211,18.629440307617188,12.016535758972168,13.788018226623535,4.276465892791748,19.72516441345215,-12.555177688598633,21.76919937133789,-1.6196260452270508,13.761702537536621,4.7988457679748535,10.28699779510498,4.419864654541016,9.831649780273438,5.145147800445557,9.064309120178223,5.839910507202148,9.940661430358887,-3.307422637939453,9.392620086669922
audio_363.wav,train,44.1173125,16000,0.04033593833446503,0.04067320376634598,0.565765380859375,0.41044234952864395,0.7229876722262509,233.08188075904494,74.15182542204546,41.431590188126734,0.18559290586475707,0.14254319968137605,2176.365470121912,1241.0786212379558,1749.7581122060055,515.3326935577694,4009.687726613488,1963.1997179546806,-398.60369873046875,140.07730102539062,44.980289459228516,61.74592971801758,13.284283638000488,38.26275634765625,13.524681091308594,29.884401321411133,-5.97613000869751,20.739055633544922,-16.865468978881836,22.802387237548828,-20.637664794921875,23.930498123168945,-0.04626139625906944,12.403332710266113,-4.512293815612793,12.781201362609863,-10.02122974395752,11.791749954223633,-2.232529640197754,11.553384780883789,-8.647719383239746,12.477336883544922,-5.4071364402771,9.571931838989258
audio_5057.wav,train,60.0746875,16000,0.12600120902061462,0.01953980140388012,0.949981689453125,0.0,0.34132055378061765,113.87914162255151,33.40339653244258,66.40082098295557,0.45096491447018106,0.05981831280192503,3860.200887617188,189.15144416851808,2351.9767254887515,50.35296874545475,6740.602535942492,110.02673032687903,10.842145919799805,8.68928337097168,3.568847894668579,7.894463062286377,3.4946606159210205,4.491762638092041,2.6090261936187744,4.894461631774902,1.1796696186065674,4.101535320281982,-1.2605913877487183,4.422865390777588,-2.2130892276763916,4.787119388580322,-1.5853281021118164,3.640979290008545,-0.7386615872383118,4.027037143707275,0.03361879289150238,3.9059319496154785,0.08727220445871353,3.5891504287719727,0.280264675617218,3.616487503051758,0.9885011911392212,3.830312490463257
audio_660.wav,train,60.0746875,16000,0.04611927270889282,0.045822206884622574,0.9429931640625,0.4323748668796592,0.5138445154419595,141.8307339283537,572.1670402046454,31.1695937407585,0.194213217185836,0.13400532752584682,1729.759054759087,1117.4045889526014,1343.3532712425415,638.3836001391295,2924.5374068157616,2059.462609409762,-357.48468017578125,108.02259063720703,112.31312561035156,72.98018646240234,-26.119436264038086,45.98888397216797,-11.886417388916016,36.12247085571289,29.434589385986328,31.954566955566406,-5.220527172088623,18.897722244262695,-20.925451278686523,18.606008529663086,-4.580838203430176,13.261350631713867,-5.663949012756348,14.487082481384277,-12.613249778747559,13.946296691894531,-21.59130859375,12.84640121459961,-0.20218349993228912,11.00753116607666,-7.72365140914917,9.113950729370117
audio_293.wav,train,60.0746875,16000,0.03147755190730095,0.02309667319059372,0.441864013671875,0.27422790202342917,0.6512247071352503,177.66631669600923,29.757402387740253,17.40277138526261,0.1842684517272364,0.16219672471266006,2312.251108510796,1437.0503071412168,1870.8034879803736,466.4232921061444,4213.021665335464,2102.8794911614623,-389.8149719238281,124.62969970703125,56.06068801879883,68.45053100585938,26.81660270690918,44.6400032043457,20.279672622680664,37.47593688964844,9.265141487121582,24.58201789855957,6.385358810424805,17.415645599365234,-6.423349857330322,18.655973434448242,-12.399388313293457,18.233510971069336,-11.607465744018555,16.18915367126465,-0.4614374339580536,14.199715614318848,-3.891880989074707,11.876824378967285,-8.86762809753418,12.42241096496582,11.867742538452148,11.935537338256836
audio_74.wav,train,45.06,16000,0.05386700853705406,0.053735632449388504,0.6500244140625,0.37189496096522356,0.6799148332150461,126.35681904967383,23.72122523000918,25.66283222629012,0.1582606513928318,0.12114986913617265,1821.276478275143,960.1160744217119,1486.023197029067,380.7955832723288,3110.5615684882896,1545.4275658466627,-299.2882385253906,134.6471405029297,75.79492950439453,59.169368743896484,-22.07625389099121,35.01527786254883,6.92990255355835,29.20549964904785,1.6400420665740967,22.2639102935791,-9.31539535522461,18.321115493774414,-15.312577247619629,17.08818817138672,-8.040071487426758,13.857913970947266,-9.550409317016602,15.950407981872559,-1.792624831199646,12.263611793518066,-9.415642738342285,11.960973739624023,-2.1725056171417236,10.073208808898926,-7.238388538360596,9.899554252624512
audio_215.wav,train,60.07475,16000,0.08289378881454468,0.0588371716439724,0.931793212890625,0.2124600638977636,0.7071352502662407,201.74088950502764,34.96288312310288,23.589937170660477,0.12621654311435038,0.08664538742286625,1150.9162315783794,600.797955661646,899.1641300521111,243.20335809247524,2014.9302782215123,1062.400952712343,-274.57177734375,83.081787109375,127.6923828125,48.887813568115234,-28.355730056762695,41.46087646484375,33.38430404663086,31.89605712890625,-20.863788604736328,18.98097801208496,-18.733163833618164,19.280241012573242,-1.3464102745056152,14.48169231414795,-23.422487258911133,16.32444190979004,5.494261741638184,13.681318283081055,-9.023139953613281,9.535998344421387,-12.651902198791504,10.714076042175293,1.8881213665008545,8.964766502380371,-11.621172904968262,7.902229309082031
audio_228.wav,train,60.231,16000,0.025855880230665207,0.03512375056743622,0.9415283203125,0.6160382368560807,0.4349442379182156,101.45478129445331,369.0144770826564,23.7124762232593,0.11164992905270844,0.07692820104310796,1231.7288150818454,494.56020823010675,1035.954452851672,178.11776365741758,2311.022968667021,782.7080934705457,-375.80767822265625,118.26475524902344,85.00223541259766,50.72865295410156,-18.756986618041992,48.09905242919922,28.555910110473633,28.753469467163086,-2.598985433578491,15.445995330810547,-5.726282596588135,13.490127563476562,2.828489065170288,12.836640357971191,-15.083503723144531,15.610408782958984,0.5749828219413757,10.07863712310791,-0.8138856887817383,10.4319486618042,1.9126790761947632,8.140548706054688,5.565293312072754,7.991262435913086,-5.629328727722168,7.836733818054199
audio_602.wav,train,60.0106875,16000,0.0333954282104969,0.03354894742369652,0.6630859375,0.4552238805970149,0.6396588486140725,114.2089892006901,17.978815147905564,14.023143450505984,0.10012941014792111,0.06367023018450509,1264.7643757146222,657.5174300701998,1254.549749203769,383.70530194190053,2300.2482009594883,1204.2082183011994,-315.2964782714844,66.60549926757812,135.9344024658203,34.128196716308594,-29.084882736206055,26.40622329711914,8.374359130859375,31.062728881835938,-1.169023871421814,13.993548393249512,4.32019567489624,12.430855751037598,-6.693514347076416,12.697579383850098,-11.942821502685547,14.336191177368164,-0.5409538149833679,12.677047729492188,-6.506246566772461,10.35810661315918,-8.743764877319336,9.566622734069824,-11.131933212280273,9.285243034362793,-11.432019233703613,8.483431816101074
audio_396.wav,train,60.0746875,16000,0.03663822263479233,0.03701505810022354,0.84234619140625,0.43503727369542067,0.5995740149094781,101.45478129445331,72.30483944209278,23.629301781865408,0.09284935769435569,0.08876543941918007,1394.7383798729766,846.8589282787996,1407.6971501215862,546.2730468147032,2732.132754259851,1596.1937875156343,-349.27294921875,109.02951049804688,93.11357116699219,64.79950714111328,8.83604907989502,34.84940719604492,23.19574546813965,32.31461715698242,7.782188415527344,22.226329803466797,-5.694857120513916,21.53506088256836,-21.41502571105957,24.08084487915039,-11.29521656036377,16.938962936401367,-4.8915934562683105,15.330842971801758,-6.258557319641113,14.632550239562988,3.740386962890625,12.783918380737305,-6.8754658699035645,11.58150863647461,-0.8356170654296875,10.759313583374023
audio_576.wav,train,60.0746875,16000,0.04455053061246872,0.04729875177145004,0.899017333984375,0.4488817891373802,0.6922257720979765,263.1411467822288,46.93964440443641,45.9204421002145,0.16039129060170393,0.11045042134866394,1945.175598572688,954.298018757144,1650.0505454592403,435.54346283118565,3575.6081935569755,1572.840001778713,-295.1212158203125,90.47095489501953,79.99393463134766,37.275978088378906,-8.323874473571777,32.85696029663086,0.22121168673038483,24.7318115234375,-17.288400650024414,25.96053123474121,-13.760970115661621,20.25798797607422,-17.764299392700195,17.433013916015625,-7.524134159088135,15.776571273803711,-4.235651969909668,13.331892013549805,-3.96124267578125,11.766286849975586,-7.403268337249756,12.116339683532715,-6.052881240844727,11.983922958374023,-8.866206169128418,11.381721496582031
audio_5040.wav,train,60.0746875,16000,0.08914969116449356,0.0149283641949296,0.95001220703125,0.0,0.5654952076677316,82.40688922821748,11.60639654366627,15.777320875471531,0.46396598775292863,0.04369743817812133,3840.279192939358,220.82677099188277,2344.50981004429,58.808833279720574,6713.445986421725,131.15297955748923,-20.340787887573242,10.98282527923584,5.010436534881592,10.616876602172852,3.075194835662842,5.893061637878418,1.6164857149124146,6.640278339385986,0.5093991756439209,5.710987091064453,-0.508691132068634,4.3279948234558105,-1.5105522871017456,4.744450569152832,-0.4894176423549652,4.303684234619141,0.0837404727935791,4.796108722686768,-0.79923415184021,4.46641206741333,-1.7211955785751343,4.04684591293335,-1.233275055885315,3.6846632957458496,-0.8017046451568604,3.5005717277526855
audio_198.wav,train,60.01075,16000,0.033209409564733505,0.03300515189766884,0.640472412109375,0.40085287846481876,0.42217484008528783,106.252996181733,13.563133382138961,9.93749905059643,0.13633848405850213,0.07988699516028362,1455.6482246074177,660.1194166772316,1169.0314821663624,374.84562803774446,2602.824327025586,964.5889780888973,-401.01806640625,154.22109985351562,96.73882293701172,76.36821746826172,-31.50133514404297,41.833980560302734,34.089324951171875,38.187095642089844,-17.1744441986084,22.7274112701416,-9.337455749511719,14.560064315795898,4.294841289520264,12.073007583618164,-26.116580963134766,21.727088928222656,-1.6135233640670776,12.997644424438477,-5.273446559906006,10.746611595153809,-6.575647830963135,9.541232109069824,-3.216883897781372,8.577804565429688,-11.7900390625,10.661022186279297
audio_600.wav,train,60.0746875,16000,0.04193392023444176,0.03722609579563141,0.90618896484375,0.37433439829605963,0.6837060702875399,115.86971395503193,31.397165327840845,16.45157313848614,0.10381774577342918,0.06889682770054055,1309.6739474518738,734.7566217725413,1282.9345849918695,420.02970769812794,2383.382421458999,1332.7910039086864,-292.165771484375,61.62881851196289,133.7727813720703,37.674983978271484,-26.632688522338867,30.714191436767578,7.586119651794434,31.311338424682617,-1.9485265016555786,16.851160049438477,6.701416492462158,13.136516571044922,-4.352348804473877,12.990692138671875,-9.94570541381836,14.698777198791504,1.2519922256469727,13.020159721374512,-7.6803789138793945,10.563150405883789,-9.094688415527344,9.622993469238281,-10.974618911743164,9.74653148651123,-11.701668739318848,9.147683143615723
audio_710.wav,train,60.0746875,16000,0.038929346948862076,0.047728683799505234,0.595855712890625,0.5138445154419595,0.7747603833865815,126.35681904967383,35.91057787565755,64.4254947304863,0.12668376431043663,0.10578483948272671,1678.2923289446783,1043.6590384295769,1672.453193619784,578.6935677442734,3364.633253461129,2018.335965458253,-409.90283203125,104.16942596435547,77.30696105957031,62.989593505859375,33.75322341918945,26.461288452148438,28.294902801513672,28.858484268188477,4.158524513244629,18.960020065307617,-11.245767593383789,22.92905616760254,-12.560522079467773,19.16439437866211,-3.6034703254699707,11.518524169921875,-1.1334733963012695,11.657282829284668,-10.052860260009766,12.990508079528809,-3.945223569869995,10.214288711547852,2.304334878921509,11.698166847229004,-9.282218933105469,11.899508476257324
audio_246.wav,train,60.08,16000,0.029770467430353165,0.025889912620186806,0.669036865234375,0.3407880724174654,0.5963791267305645,177.66631669600923,39.38108254785975,23.9644765956387,0.19969611122204473,0.1550095779732606,2155.753815012082,1266.9235605416277,1580.028266227084,464.29871058991563,3813.7688032481365,1862.1724731934519,-382.5356750488281,158.73605346679688,57.73552322387695,64.5613021850586,-12.7488374710083,46.202999114990234,16.092973709106445,37.441070556640625,-20.87820816040039,29.090248107910156,1.4003502130508423,20.81541633605957,-14.191387176513672,17.890031814575195,1.3866987228393555,17.617809295654297,-16.462085723876953,15.6453218460083,-7.823483467102051,13.235098838806152,-12.3541898727417,12.212831497192383,-12.483386993408203,14.850293159484863,-3.1991724967956543,11.382864952087402
audio_490.wav,train,60.0746875,16000,0.06897437572479248,0.049909766763448715,0.93609619140625,0.26464323748668794,0.8120340788072418,218.73289323986043,104.03215231593352,30.522903619886904,0.14267614525093184,0.08417891234980822,1915.625725875717,792.817126124446,1760.8034664359975,403.6945450970672,3755.611854366347,1558.4256357358781,-236.16506958007812,81.56892395019531,82.1932373046875,35.796974182128906,-1.5301885604858398,33.924644470214844,18.77710723876953,39.58878707885742,-13.545710563659668,24.587846755981445,-4.801745414733887,20.231294631958008,-7.9118571281433105,19.543859481811523,-6.282168388366699,15.67576789855957,-6.532926082611084,16.007612228393555,-4.210824489593506,14.614730834960938,-3.665708303451538,12.990562438964844,-5.428469657897949,15.060980796813965,3.777113199234009,14.054823875427246
audio_657.wav,train,60.0746875,16000,0.04426219314336777,0.041773516684770584,0.968231201171875,0.3903088391906283,0.47550585729499467,188.23090565017245,38.78286038648963,22.912630786798474,0.19357569555378062,0.1718651290733024,2073.0942567521574,1424.7738900873333,1494.3300927207968,536.8076316173502,3477.3113019169327,2077.818158948847,-315.5551452636719,126.92365264892578,69.68045043945312,72.71141052246094,-1.9778364896774292,48.811885833740234,8.328744888305664,35.30515670776367,-12.20320987701416,28.593294143676758,-7.263350486755371,17.660781860351562,-11.775028228759766,16.06485366821289,-7.673498153686523,14.922236442565918,-9.602117538452148,13.356110572814941,-2.097654342651367,10.789402961730957,-8.337030410766602,10.312335014343262,-10.088591575622559,12.739387512207031,-7.464776515960693,9.273641586303711
audio_688.wav,train,61.0346875,16000,0.028237953782081604,0.034941233694553375,0.4232177734375,0.5429769392033543,0.5115303983228512,199.42369775418427,108.05693729257327,30.151642381036567,0.13742455696409853,0.12580872345539393,1727.2368863683107,1066.3376894529604,1580.4792283675579,490.3301006050674,3206.8797497379455,1797.605135284817,-446.2154846191406,161.04527282714844,64.8133773803711,61.90055465698242,4.4803900718688965,36.12737274169922,6.712939739227295,29.17153549194336,-9.799837112426758,24.669919967651367,4.754421710968018,15.21993637084961,-6.909060955047607,18.559703826904297,-7.917639255523682,15.252434730529785,-3.3692519664764404,12.254125595092773,-2.8520169258117676,11.097517013549805,-4.3553385734558105,10.944758415222168,-6.8104729652404785,12.105316162109375,-2.9655349254608154,9.120965003967285
audio_698.wav,train,60.0746875,16000,0.0471760630607605,0.04457768797874451,0.673919677734375,0.37912673056443025,0.593716719914803,198.27510177438265,268.37387890220435,42.026462268664375,0.17404548555644303,0.16089954827456684,2004.2473067724632,1363.0465576158551,1664.6554056818088,537.3955503269613,3595.7967252396165,2062.4145533874175,-355.7031555175781,121.82785034179688,60.88186264038086,64.38935852050781,14.649165153503418,43.365291595458984,19.948307037353516,32.40409469604492,2.7335662841796875,20.231199264526367,-13.1996488571167,22.73759651184082,-14.666778564453125,20.315906524658203,-9.866682052612305,15.145730972290039,-3.4007489681243896,15.016115188598633,-8.602897644042969,12.251812934875488,-5.47878360748291,10.352410316467285,-11.499679565429688,11.318117141723633,-7.186758041381836,9.473030090332031
audio_499.wav,train,60.0746875,16000,0.03387364000082016,0.043627284467220306,0.996124267578125,0.549520766773163,0.6650692225772098,269.2917795270241,85.77222790861708,80.17530133031974,0.11863388370274228,0.0646617553062141,1411.0396452821767,689.8850270158246,1346.360551830057,711.7591909511743,2872.7161541533546,1806.2660515023656,-421.7923889160156,99.17195129394531,83.49239349365234,66.53120422363281,-9.083684921264648,32.499427795410156,-16.520349502563477,31.04702377319336,-2.674015760421753,17.745290756225586,-9.331621170043945,19.55722999572754,-11.123327255249023,15.572654724121094,-8.821184158325195,14.1697359085083,-6.076242446899414,12.660703659057617,-1.2433769702911377,8.215605735778809,-5.309300422668457,8.243535995483398,-4.720937252044678,8.248150825500488,-4.23820161819458,7.343271255493164
audio_463.wav,train,60.0746875,16000,0.03390742465853691,0.042325809597969055,0.98223876953125,0.5335463258785943,0.4984025559105431,201.74088950502764,46.387738686878606,26.89921548620262,0.18514465397031415,0.10965459293792819,2093.74301048667,928.464821986121,1811.0136583330336,492.42215154594055,4173.139643237487,1651.701029139135,-349.82098388671875,115.66236114501953,78.9491958618164,50.09552001953125,7.392819404602051,29.88048553466797,27.965579986572266,27.114973068237305,-13.857425689697266,24.951091766357422,0.9319789409637451,16.52906036376953,-7.195558547973633,14.151467323303223,-6.390783786773682,15.132800102233887,-6.914146900177002,12.138551712036133,-2.1667072772979736,10.24100399017334,-6.427185535430908,8.542158126831055,0.14983409643173218,9.072972297668457,-6.174337863922119,8.655604362487793
audio_604.wav,train,60.0746875,16000,0.05371614545583725,0.04393655061721802,0.9364013671875,0.31789137380191695,0.5750798722044729,153.77669275969214,41.79292871101329,22.289807287991266,0.16317381772497339,0.12222424564484888,1952.1592029270084,1133.521277649274,1630.4739776007757,475.28673955312144,3522.7053381256655,1750.9524900684758,-260.7052917480469,85.56232452392578,92.7248764038086,53.93842697143555,4.96081018447876,43.89603042602539,13.049969673156738,36.57280349731445,3.6102144718170166,23.483896255493164,9.74939250946045,22.80620574951172,-5.729300498962402,17.483654022216797,-4.526609420776367,19.00762367248535,-14.708524703979492,18.530641555786133,-5.347663402557373,14.177181243896484,-11.233602523803711,12.732342720031738,-0.9840092062950134,14.064167022705078,3.6586873531341553,11.619691848754883
audio_97.wav,train,45.06,16000,0.016971420496702194,0.01118879672139883,0.338409423828125,0.16891412349183818,0.7139815471965933,98.56656061031477,9.39870959123471,9.11272680873951,0.14522468561479773,0.1202973620748846,1723.9998522303117,1036.3146854035933,1338.0722577912893,401.9174284426435,2994.1780518097944,1572.1683101154767,-363.91778564453125,101.18531799316406,110.97527313232422,69.68647003173828,-29.817550659179688,47.30757141113281,20.10744285583496,33.30044937133789,-21.09174346923828,22.471385955810547,-3.341975450515747,20.557098388671875,0.13984744250774384,20.494829177856445,-18.612411499023438,16.625,-4.9923415184021,14.605490684509277,3.7608187198638916,12.283059120178223,-14.080378532409668,10.912176132202148,1.2423839569091797,9.716024398803711,-5.558732986450195,9.117554664611816
audio_234.wav,train,60.08,16000,0.03551388159394264,0.04245734587311745,0.6722412109375,0.5021299254526091,0.8466453674121406,182.87233715141332,43.942926631303635,74.91300360934098,0.18826128194888178,0.14654750209976408,2086.92975513994,1217.2687278324424,1786.759471678311,580.5641172784318,3955.125965122471,2230.2514011078188,-366.0657653808594,99.72945404052734,73.28795623779297,53.65623474121094,13.515098571777344,29.464866638183594,4.793658256530762,29.62535285949707,-14.803829193115234,26.54317283630371,-8.329556465148926,19.15445899963379,-10.962593078613281,14.264163970947266,-5.026437282562256,11.39350414276123,-4.519328594207764,10.486997604370117,-2.548581600189209,8.864489555358887,-4.055570125579834,9.536147117614746,-2.720067262649536,8.728861808776855,-0.7267898917198181,8.446867942810059
audio_782.wav,train,60.7003125,16000,0.04403088986873627,0.038610104471445084,0.67864990234375,0.32999472851871375,0.5113336847654191,130.0593564629863,201.4163391062984,16.067849628798044,0.20320813908473906,0.17849779506292596,2083.9220123176924,1531.9324380355476,1495.0792111062976,669.8551937553714,3581.8315102793886,2391.980271370098,-375.8080139160156,148.9694061279297,83.36221313476562,94.41752624511719,8.266022682189941,40.62501525878906,24.140859603881836,37.892189025878906,-3.1398704051971436,22.16608428955078,-8.369734764099121,21.998308181762695,-5.605663776397705,21.05231475830078,-8.815382957458496,17.174575805664062,-10.340479850769043,17.1522216796875,-3.495483636856079,14.723030090332031,-3.9158246517181396,13.007259368896484,-8.60800552368164,12.604069709777832,-6.844910144805908,11.448808670043945
audio_758.wav,train,55.6373125,16000,0.029703842476010323,0.034118685871362686,0.684906005859375,0.48476135710178264,0.43013225991949394,113.22324603078411,239.63372370635605,11.219308354359768,0.23281019758122484,0.14378367572135692,2496.6864354365607,1119.8568554948429,1923.7457393656982,368.53342089117655,4668.37532346176,1677.81358436666,-380.34832763671875,169.43309020996094,42.824363708496094,61.99119186401367,3.4448583126068115,31.375490188598633,-3.4405086040496826,28.745615005493164,-1.801071286201477,21.591829299926758,-9.318636894226074,18.216163635253906,-18.404062271118164,18.6740665435791,-0.45025837421417236,15.778389930725098,-14.368285179138184,18.73225212097168,0.43751242756843567,13.044825553894043,-11.427839279174805,12.183101654052734,-5.838891983032227,9.561145782470703,-6.91170597076416,11.55574893951416
audio_727.wav,train,60.0746875,16000,0.05201853811740875,0.04897402226924896,0.889007568359375,0.3876464323748669,0.7641107561235356,121.34967043801211,12.157390225352884,10.547856276427552,0.12276997429113419,0.08776033963540283,1693.7277023566628,895.1391528649659,1567.661011467775,565.9501933778122,3363.8303714057506,1759.2844186275047,-321.22833251953125,130.94517517089844,88.46460723876953,66.21465301513672,-4.755405902862549,40.58131408691406,30.66142463684082,36.164859771728516,5.546608924865723,24.29522132873535,-4.3059401512146,21.953628540039062,-1.1897943019866943,17.244375228881836,-13.150915145874023,18.448699951171875,-4.174559116363525,15.1163330078125,-4.031141757965088,13.463482856750488,0.006460902746766806,10.484651565551758,0.20322778820991516,10.500465393066406,-10.886555671691895,13.10916805267334
audio_643.wav,train,60.0746875,16000,0.018415488302707672,0.031850311905145645,0.96734619140625,0.7710330138445154,0.8961661341853036,90.38593460443693,7.367183528753836,5.72738679120836,0.07633125540801385,0.045889210573423385,1337.5520373570216,442.10026096892796,1554.7945472341885,326.65000283262697,2632.3715388711394,918.9291660931543,-392.25555419921875,77.5313491821289,104.7289810180664,30.109468460083008,1.5929944515228271,27.52109718322754,15.054535865783691,26.044504165649414,6.241078853607178,14.560157775878906,-1.087174892425537,12.0219087600708,6.1789727210998535,11.727947235107422,-4.744581699371338,12.880126953125,-10.709921836853027,11.42348575592041,-13.116246223449707,12.303622245788574,-9.687935829162598,12.092513084411621,-3.940430164337158,9.22646427154541,-5.738138198852539,9.214908599853516
audio_261.wav,train,60.02,16000,0.02644115500152111,0.02744128555059433,0.668701171875,0.43976545842217485,0.5954157782515992,222.55627686642293,43.12908611848457,30.877562676339465,0.18710489822094883,0.15229968145651537,2005.452388858209,1274.5824736590787,1776.753209710954,568.1747684428285,3801.330956823028,2213.0185941050013,-401.52838134765625,126.5321044921875,72.78263854980469,60.77242660522461,27.75798797607422,38.4158935546875,13.897698402404785,31.163375854492188,-13.725081443786621,31.6032657623291,2.3342883586883545,18.227806091308594,-5.68360710144043,13.98843765258789,-5.5216898918151855,13.881952285766602,-4.673191070556641,11.308107376098633,-5.2725372314453125,9.504429817199707,-5.594376087188721,8.554957389831543,-4.907171726226807,9.521355628967285,-6.191335678100586,8.588735580444336
audio_205.wav,train,60.07475,16000,0.05920897796750069,0.0455176867544651,0.7222900390625,0.28647497337593186,0.6272630457933972,182.87233715141332,133.39341130843493,72.04431794031242,0.12474857935636315,0.09311890925751026,1163.3065917979366,676.8249857732335,932.9620692976973,326.29089923703503,2002.936967518637,1166.521381210193,-349.13067626953125,124.0895767211914,112.52120208740234,68.8897933959961,-9.699398040771484,44.52177429199219,26.411205291748047,33.38963317871094,-10.99295711517334,21.00579071044922,-10.493301391601562,19.19915008544922,-3.928018569946289,17.6580867767334,-21.161012649536133,16.90711784362793,-1.6387839317321777,16.463443756103516,-11.796127319335938,12.41312026977539,-13.796282768249512,14.149477005004883,-4.649493217468262,9.69909954071045,-9.447057723999023,10.409361839294434
audio_128.wav,train,45.06,16000,0.00626479834318161,0.003285354934632778,0.0550537109375,0.07594038325053229,0.8452803406671399,108.1102658399776,7.387844959079984,7.495132826738384,0.08086235528300213,0.07915330519848375,1551.152882273897,852.268680919427,1663.935787480211,394.17632011951446,3141.0907558552167,1547.100286439495,-447.16845703125,57.10575485229492,96.89495086669922,43.39031982421875,-2.709944009780884,25.80076026916504,32.894859313964844,19.237943649291992,15.058746337890625,16.317169189453125,15.273507118225098,13.408945083618164,5.817506790161133,10.797537803649902,-8.156030654907227,13.62085247039795,6.883781909942627,11.460323333740234,1.714938759803772,10.24440860748291,1.004754900932312,9.960454940795898,-2.1236703395843506,8.1674165725708,-1.726117730140686,7.34928560256958
audio_650.wav,train,61.0346875,16000,0.06288861483335495,0.05263591185212135,0.93359375,0.3390985324947589,0.5833333333333334,165.76853496220332,39.95090429497478,55.34915998334593,0.10923731901860587,0.12413946493208759,1483.748852677648,1202.3814716517145,1451.1842905319384,485.9287112689558,2705.8356263102723,1890.9991648357368,-310.74462890625,111.84242248535156,101.49071502685547,53.827335357666016,34.634132385253906,35.847190856933594,24.330421447753906,32.121917724609375,-3.8875277042388916,23.20341682434082,-5.70021915435791,20.211042404174805,-28.871559143066406,22.66164207458496,11.382543563842773,19.010807037353516,-10.580081939697266,15.105607986450195,-5.725758075714111,10.923595428466797,-3.3012819290161133,11.823365211486816,-10.293720245361328,12.053903579711914,-5.389732837677002,10.468981742858887
audio_35.wav,train,45.06,16000,0.0301910899579525,0.030873913317918777,0.626190185546875,0.40525195173882184,0.7012065294535131,195.99771799087463,126.27961401340413,33.73568188404323,0.16760037315915544,0.08392576135531746,1728.6990735465522,742.5714204490821,1179.3993238209505,514.4100578750943,2777.4740507452093,1363.7891020454483,-404.2574157714844,126.62239074707031,56.50810241699219,45.00201416015625,-56.78549575805664,56.95191192626953,-0.9953406453132629,44.09790802001953,-27.92409896850586,32.58773422241211,-32.70736312866211,28.081867218017578,-17.610422134399414,21.99097442626953,-8.89037036895752,18.923490524291992,-9.598573684692383,17.649465560913086,8.660222053527832,14.23196029663086,-0.16546998918056488,13.430449485778809,-6.295983791351318,11.437335014343262,-2.290224552154541,10.164299964904785
audio_141.wav,train,60.08,16000,0.018383024260401726,0.029957639053463936,0.663360595703125,0.6480298189563365,0.34717784877529284,217.47308447763714,433.90164957010484,74.97203405934857,0.332941252329606,0.17392815889797422,3105.6111610840603,1246.3850720734326,1950.000823569485,388.00063266184566,5282.057042066028,1521.4501288572155,-442.15960693359375,161.2481689453125,18.275197982788086,52.727256774902344,4.249029159545898,33.12052917480469,4.671790599822998,24.628028869628906,-10.897677421569824,21.2496395111084,-6.281560897827148,17.454620361328125,-10.768754959106445,16.052549362182617,-2.536076068878174,14.115457534790039,-6.807834625244141,12.92225456237793,-4.455520153045654,11.510930061340332,-7.181236267089844,10.700446128845215,-1.1490548849105835,7.878078937530518,-6.007090091705322,9.622566223144531
audio_260.wav,train,60.08,16000,0.02801140397787094,0.030379900708794594,0.715667724609375,0.45420660276890307,0.5633652822151225,212.505992363466,117.29616337005984,30.802571783274743,0.1430352061701278,0.1000268363974118,1753.959597899597,1085.9412512691638,1639.1656653272519,607.2424824104331,3310.9441560170394,2208.335767909325,-405.37493896484375,126.79862976074219,90.87650299072266,61.59907913208008,5.770317554473877,37.78759765625,8.792603492736816,27.584339141845703,0.5123499631881714,18.363561630249023,2.734548568725586,15.105369567871094,-5.177255153656006,13.668697357177734,-8.511556625366211,14.70797061920166,-3.3031108379364014,11.49012279510498,-5.008701801300049,11.250589370727539,-8.153597831726074,10.300532341003418,-1.747397780418396,9.843344688415527,-2.671020746231079,8.199786186218262
audio_722.wav,train,60.0106875,16000,0.046104732900857925,0.04200311005115509,0.93365478515625,0.30810234541577824,0.5410447761194029,124.90548719779652,45.11187339725759,35.745485418969025,0.22872306644789445,0.14901578561332612,2326.4223864732216,1222.4185283596419,1601.7549912828042,401.2362509541025,3944.4171441897656,1674.7180312531004,-286.14886474609375,106.71800231933594,62.17698287963867,63.6104621887207,-8.456449508666992,42.46108627319336,12.244933128356934,34.172515869140625,-8.826217651367188,26.585235595703125,-0.8505938649177551,21.640636444091797,-21.468536376953125,21.64129638671875,-7.099355220794678,15.573472023010254,-12.669516563415527,14.81234359741211,2.125878095626831,12.13219165802002,-8.927043914794922,13.132678985595703,0.4987289607524872,11.63980484008789,-3.8375649452209473,11.515962600708008
audio_5047.wav,train,58.624,16000,0.13470874726772308,0.021753044798970222,0.949981689453125,0.0,0.25150027277686854,85.80717486147108,76.56376153146994,146.5577175134603,0.4494345207651391,0.060217137304840344,3858.3844886486067,198.9237808062467,2356.3052409224006,57.09334956726443,6743.747442716857,106.97790550046024,16.263927459716797,8.200238227844238,3.5285520553588867,8.435234069824219,3.0289268493652344,4.518864154815674,0.2501324713230133,5.295019626617432,-1.0778725147247314,5.027057647705078,-1.2947596311569214,4.088484287261963,-1.080830693244934,3.8017754554748535,-1.231233835220337,3.6798293590545654,-1.1052006483078003,3.4672133922576904,-0.6928520202636719,3.3350625038146973,-0.5533406138420105,3.365196704864502,-1.0107964277267456,3.343194007873535,-1.4826853275299072,3.3942508697509766
audio_324.wav,train,60.0746875,16000,0.05098896473646164,0.033631689846515656,0.90484619140625,0.2012779552715655,0.6629392971246006,218.73289323986043,175.94483618272864,41.43436565156108,0.22738800211328541,0.18518751509215373,2791.496940796461,1463.1996336877055,1860.8277917568869,454.35290843647704,4870.012147231097,1650.937225156781,-291.9536437988281,125.89765930175781,32.1301383972168,57.32571029663086,11.825262069702148,51.53492736816406,9.857918739318848,37.678558349609375,-11.626676559448242,35.246551513671875,13.804569244384766,26.67608070373535,-21.247236251831055,21.71415138244629,-5.0594482421875,15.785379409790039,-4.0995025634765625,15.748255729675293,-11.129936218261719,13.352638244628906,-4.446029186248779,11.391926765441895,3.278651237487793,12.246918678283691,-12.073600769042969,13.011119842529297
audio_279.wav,train,60.0746875,16000,0.047872696071863174,0.04300078749656677,0.79144287109375,0.38977635782747605,0.6086261980830671,102.63362906904881,457.9179050882806,108.61309457107167,0.14939534245207667,0.12696071741221393,1757.5447844282137,1126.6308149171512,1567.1044698782275,487.75191524299606,3223.987453407881,1876.9152524948584,-328.89825439453125,119.19174194335938,64.80052185058594,73.05476379394531,12.337068557739258,40.730979919433594,15.241876602172852,31.56526756286621,1.8166699409484863,21.545759201049805,0.28501835465431213,19.38689613342285,-20.68378448486328,20.82826042175293,-18.462600708007812,20.22682762145996,-1.233886957168579,16.545639038085938,-9.034439086914062,12.890118598937988,-10.786056518554688,11.747709274291992,-2.0455679893493652,9.825263977050781,-5.544406890869141,11.581823348999023
audio_450.wav,train,49.6213125,16000,0.04571353271603584,0.04751543700695038,0.874847412109375,0.4655061250805932,0.7375886524822695,125.62905732418486,50.77452505253745,27.938288940173734,0.10215152270712444,0.06772609241273654,1364.161478942059,697.5682448133152,1378.090355250131,409.9360961466192,2538.0903449387492,1346.012069673533,-307.7589416503906,74.75643920898438,117.54121398925781,38.10171890258789,-4.0415802001953125,27.743032455444336,20.409324645996094,28.28697967529297,4.158788681030273,17.947795867919922,-14.908552169799805,24.941713333129883,-13.881911277770996,18.954713821411133,-10.981986999511719,16.896751403808594,-3.0557162761688232,12.265300750732422,-9.167196273803711,13.113397598266602,-6.4419636726379395,11.142121315002441,5.895699977874756,13.084991455078125,-7.512597560882568,10.599203109741211
audio_32.wav,train,43.14,16000,0.049632079899311066,0.040841877460479736,0.823333740234375,0.2950333580429948,0.7739065974796145,108.1102658399776,21.0632395795987,21.51319687921753,0.10822469769273536,0.08795335928611021,1688.340006371396,826.1635349126466,1669.2826448169506,486.1877944448578,3410.072275759822,1617.4824683822667,-262.5540771484375,105.77760314941406,97.79548645019531,49.09341812133789,-4.7395429611206055,33.22867202758789,29.778823852539062,27.851736068725586,-1.150673270225525,22.604429244995117,-0.6874579191207886,14.821821212768555,1.4895989894866943,11.87348747253418,-7.43098783493042,17.7670841217041,-0.5420650243759155,11.711580276489258,-2.7069332599639893,13.901895523071289,0.20478762686252594,9.059771537780762,6.9214277267456055,9.050092697143555,-5.054059028625488,10.433110237121582
audio_254.wav,train,60.08,16000,0.02734074369072914,0.03891496732831001,0.6871337890625,0.6022364217252396,0.6975505857294995,151.1349012203898,37.91247133983226,49.276253363698686,0.11268402847111289,0.11219157292896902,1420.5345431754322,877.8472457860629,1418.880794875292,415.91498550503195,2653.3795926517573,1431.3919801798631,-413.56878662109375,102.4015884399414,76.20661926269531,51.97163391113281,11.481677055358887,31.292890548706055,24.13376808166504,29.230525970458984,-6.848788738250732,21.326419830322266,-16.117931365966797,28.213106155395508,0.4110274910926819,15.009233474731445,-4.718050479888916,12.18266773223877,-0.6535865664482117,11.866307258605957,-1.8577837944030762,10.209420204162598,-5.7606520652771,10.072599411010742,-0.19647525250911713,8.664432525634766,-2.2466635704040527,8.267756462097168
audio_544.wav,train,60.0746875,16000,0.045019473880529404,0.06063859909772873,0.943267822265625,0.582534611288605,0.46006389776357826,297.0769881570017,242.7947852164968,51.71355709067552,0.12817330812366878,0.0634944635195707,1526.8585161628241,572.5099651490482,1389.632686407919,369.55520798638634,2689.9128061767838,1084.9539284325972,-367.0605163574219,109.87074279785156,60.59441375732422,41.125030517578125,-11.585118293762207,36.25532913208008,3.3567028045654297,28.153806686401367,-14.06664752960205,21.486858367919922,-8.539502143859863,15.379810333251953,-13.927130699157715,15.888592720031738,-8.411381721496582,13.392983436584473,-5.614720821380615,11.269485473632812,-9.742979049682617,9.53541374206543,-9.947792053222656,9.111135482788086,-5.729869842529297,9.141654968261719,-5.644251823425293,8.941266059875488
audio_176.wav,train,60.02,16000,0.03487100824713707,0.038442328572273254,0.666748046875,0.4594882729211087,0.4936034115138593,248.37216905734888,415.9981882196807,50.57958709766248,0.3114882999900053,0.1874864397402473,3095.0087592028426,1338.9009286174423,1898.5666162280409,380.2009520898027,5198.111007462687,1548.2480612230484,-340.3608703613281,147.9796905517578,15.379608154296875,55.708587646484375,4.0013933181762695,40.9819221496582,3.8759047985076904,30.56097984313965,-19.824440002441406,27.359573364257812,-7.749200344085693,20.410598754882812,-16.989667892456055,19.002391815185547,-1.8568830490112305,15.360682487487793,-14.373122215270996,15.725543022155762,-3.961790084838867,13.466097831726074,-13.362163543701172,13.997370719909668,-3.2098841667175293,10.278636932373047,-7.833709716796875,10.213220596313477
audio_301.wav,train,60.0746875,16000,0.010923239402472973,0.00819640327244997,0.2437744140625,0.002129925452609159,0.8674121405750799,108.73654223881857,8.966714799208418,4.967423569854176,0.06149067741613418,0.07159233641879204,1246.4421910107596,850.4168183079236,1457.7877932479255,456.2085201153012,2387.1680311501595,1566.1088566256046,-444.70379638671875,72.61827087402344,114.67198944091797,55.03873062133789,4.183443546295166,27.978031158447266,24.107789993286133,27.701082229614258,21.257654190063477,22.10750389099121,16.22361946105957,18.24476432800293,-0.7251186966896057,13.329438209533691,-3.8260364532470703,17.039915084838867,-2.4314637184143066,16.837961196899414,5.586963653564453,13.482872009277344,-4.8767266273498535,11.3394775390625,-4.003102779388428,9.937457084655762,-1.6447927951812744,9.953998565673828
audio_213.wav,train,60.07475,16000,0.06643876433372498,0.06045065075159073,0.946685791015625,0.31629392971246006,0.7369542066027689,217.47308447763714,194.03949311969993,26.31970129344981,0.11955870607028754,0.08117625095202077,1180.7210634629375,831.9931003380095,809.0212525415492,509.62613147411344,1877.5584065495207,1312.5868076649447,-367.22528076171875,96.96341705322266,103.64059448242188,68.10184478759766,0.5002778768539429,51.97163391113281,1.9501991271972656,38.30695343017578,-17.36745834350586,24.79779624938965,-29.202871322631836,27.384536743164062,-17.70073699951172,19.694561004638672,-12.225652694702148,19.20442771911621,-6.30833625793457,14.380929946899414,-10.910122871398926,13.096521377563477,-11.898909568786621,12.533646583557129,-8.427799224853516,10.800162315368652,-8.392318725585938,10.245950698852539
audio_295.wav,train,60.0746875,16000,0.0287608802318573,0.042513102293014526,0.978912353515625,0.646964856230032,0.5117145899893504,181.8190699939266,343.1406630511981,26.660752051440483,0.2158808926550852,0.1630438664926911,2797.695410860729,1341.4737358239354,1672.5668331460172,483.9590279438168,4620.220147763578,1767.1656855343135,-394.489501953125,152.9435272216797,14.941673278808594,71.27192687988281,-11.455375671386719,45.63003921508789,24.660011291503906,38.768348693847656,-11.637824058532715,25.799287796020508,-2.072906255722046,17.456436157226562,-10.058292388916016,16.56674575805664,-6.763176441192627,15.505475997924805,4.338627338409424,15.982621192932129,-5.159651756286621,12.140351295471191,-5.887516021728516,12.981008529663086,-6.486617088317871,11.726276397705078,-5.418920040130615,9.464160919189453
audio_40.wav,train,45.06,16000,0.008743113838136196,0.008634070865809917,0.12451171875,0.38537970191625265,0.7075940383250532,122.75968568932456,32.22114890032075,37.682975305829004,0.1499543254302697,0.12689061298909846,1751.9253433589984,1148.3590976801677,1628.2905311286231,585.3521936787629,3326.855260823279,2136.7864565720597,-494.57080078125,106.68110656738281,99.37245178222656,54.50688171386719,6.097306728363037,34.046241760253906,12.97787094116211,25.84192657470703,-2.3596506118774414,18.374223709106445,-6.159294605255127,15.793416976928711,-10.358222007751465,13.177340507507324,-10.211801528930664,13.099733352661133,-13.644033432006836,12.968111038208008,-10.855733871459961,11.436059951782227,-9.11907958984375,9.113986015319824,-6.519141674041748,8.510448455810547,-11.274398803710938,7.960061073303223
audio_496.wav,train,60.0746875,16000,0.03078307956457138,0.031354520469903946,0.667510986328125,0.483493077742279,0.6863684771033014,132.33275396903284,26.63392574747321,17.940567722027197,0.12963477186501599,0.06845065542910092,1677.33974033822,587.2814789412788,1566.517516218832,267.90458941712797,3260.637147231097,923.2999979663349,-272.4746398925781,66.13203430175781,101.63356018066406,26.60807991027832,-20.47165298461914,23.444961547851562,23.189918518066406,25.47042465209961,-7.850009441375732,15.527395248413086,11.07654094696045,13.615659713745117,-4.611892223358154,12.850296974182129,0.3670135736465454,16.597497940063477,-0.7743880748748779,11.77426528930664,-4.27781343460083,13.195136070251465,-6.88377046585083,11.31506633758545,-4.9779229164123535,9.553502082824707,0.08941435813903809,9.579565048217773
audio_45.wav,train,38.88,16000,0.008520834147930145,0.007458182983100414,0.1839599609375,0.328125,0.6743421052631579,122.05264192746294,19.862122908380307,22.786123885490326,0.14573749743009867,0.13767843718617664,2319.191814654686,1335.6833930555617,1774.1394319243745,462.3025715648699,4076.9235711348683,2063.6113075569488,-494.4736328125,165.74594116210938,57.82040786743164,73.76914978027344,5.0743021965026855,36.37653350830078,21.20351791381836,39.83358383178711,1.0082961320877075,17.972257614135742,-14.326883316040039,21.55681800842285,-12.964247703552246,16.16067886352539,-8.480010032653809,14.072246551513672,-11.37200927734375,14.294776916503906,-7.051478385925293,13.178765296936035,-4.933752059936523,10.323333740234375,-4.958130836486816,10.058793067932129,-10.661914825439453,10.939006805419922
audio_146.wav,train,60.08,16000,0.03122750110924244,0.02847292087972164,0.697418212890625,0.35197018104366345,0.3003194888178914,96.87324609557632,544.8326804148547,21.71201246571617,0.2422038800419329,0.16606339664688424,2363.103250006575,1363.5821521587982,1680.3460406189713,455.3405550416739,4078.4328407880726,1963.5233306786552,-349.46258544921875,152.54661560058594,58.637245178222656,83.35311889648438,0.1976332664489746,41.25638961791992,16.0130615234375,39.235328674316406,-4.132018566131592,24.235071182250977,-3.287010669708252,20.751358032226562,-14.980377197265625,19.74342155456543,-15.163455963134766,18.96332550048828,-1.6642911434173584,15.501299858093262,-3.1223714351654053,14.466429710388184,-11.402327537536621,12.27976131439209,-5.9536662101745605,10.632342338562012,-3.908787965774536,10.354754447937012
audio_415.wav,train,43.9893125,16000,0.036901067942380905,0.04616963118314743,0.9437255859375,0.5338181818181819,0.6581818181818182,211.28204791122093,621.3952054943601,52.6778531749635,0.17736647727272728,0.14142089364567337,2055.219859299785,1198.2002030889503,1604.7702665705021,502.72458463276496,3642.2272727272725,1750.5472988080478,-369.598876953125,133.41632080078125,51.039955139160156,61.48100662231445,-3.896937847137451,34.312339782714844,8.901430130004883,25.342456817626953,0.6054229140281677,16.633790969848633,-2.793972969055176,20.011123657226562,-15.38920783996582,16.93491554260254,3.4306015968322754,13.178864479064941,-9.337221145629883,16.637779235839844,-5.794493675231934,10.774520874023438,-4.468986511230469,10.578939437866211,-3.3560853004455566,10.669772148132324,-3.109574556350708,7.646521091461182
audio_595.wav,train,60.0746875,16000,0.044692885130643845,0.046754736453294754,0.886932373046875,0.45420660276890307,0.6309904153354633,258.62053938239393,143.7859687631338,51.16729359043961,0.1492294620274228,0.12301378008726865,1936.4332130939974,1074.7379421401893,1635.4990286979219,420.73743144129446,3586.0331802449414,1544.4118328598634,-300.4032287597656,96.37654876708984,91.23577117919922,39.425968170166016,-8.058284759521484,38.92952346801758,17.544437408447266,34.95923614501953,-12.901412010192871,33.73165512084961,4.85908317565918,15.924004554748535,-5.745427131652832,16.21314811706543,-5.868818759918213,15.225423812866211,-6.879215240478516,13.336384773254395,-1.8988598585128784,11.166382789611816,-2.1019697189331055,9.733413696289062,-3.6637632846832275,11.083715438842773,1.3088488578796387,12.378470420837402
audio_783.wav,train,60.0106875,16000,0.05555535480380058,0.04562690854072571,0.935821533203125,0.2835820895522388,0.744136460554371,177.66631669600923,36.456118262467974,29.268895674730828,0.12450521180370469,0.10027375558273396,1218.2067253737976,827.2522580534938,1062.3593751783699,456.5610185988081,2176.339285714286,1499.2692592585026,-356.39825439453125,108.05205535888672,102.15325164794922,63.986881256103516,-3.3636810779571533,42.61888885498047,22.294967651367188,35.79244613647461,-5.622197151184082,24.316654205322266,-24.6295108795166,23.30953025817871,-18.40627098083496,18.4396915435791,-7.7996015548706055,16.94777488708496,-9.794715881347656,16.34706687927246,-2.637664318084717,11.886795043945312,-5.794140815734863,10.798526763916016,-9.847265243530273,12.085432052612305,-6.310994625091553,10.974813461303711
audio_673.wav,train,60.0746875,16000,0.029327306896448135,0.03277038037776947,0.5863037109375,0.48136315228966986,0.6293929712460063,97.99885899543732,20.14929945659618,38.642346608999915,0.11356153071751864,0.0645330012970525,1209.5531327220162,617.5206661889707,1108.743164140167,424.17111986114776,2119.741746538871,1153.0491812662206,-363.8458251953125,82.50872802734375,139.71234130859375,54.4505729675293,-21.57279396057129,24.78658676147461,0.9226902723312378,26.788484573364258,6.690042972564697,19.789979934692383,-6.631570816040039,14.507805824279785,-5.164741516113281,17.009305953979492,-4.833927154541016,12.708958625793457,-6.581203937530518,10.729453086853027,-4.750500679016113,11.237445831298828,-9.87150764465332,10.45698356628418,-7.37929630279541,8.410184860229492,-0.7430564165115356,9.391783714294434
audio_48.wav,train,45.06,16000,0.02174520492553711,0.02112322673201561,0.455841064453125,0.36053938963804116,0.6855926188786373,131.95166368007364,23.614688314784363,28.091610778250256,0.16546150028832504,0.13169413375023445,1958.4431282085025,1074.519304678958,1628.114514436631,445.77136429954834,3522.1899396735275,1876.9517749717759,-397.4512634277344,134.5736083984375,77.14797973632812,60.16312026977539,-7.533722877502441,34.96024703979492,-7.254751682281494,30.831356048583984,-9.913677215576172,24.98689079284668,18.898216247558594,15.27043628692627,-8.971246719360352,14.763070106506348,-4.355670928955078,11.789713859558105,-13.276533126831055,12.622743606567383,-11.924408912658691,11.972497940063477,-3.231487989425659,12.060600280761719,-5.325916290283203,10.08084487915039,-21.90591812133789,12.577963829040527
audio_777.wav,train,60.0746875,16000,0.03787383809685707,0.05269086733460426,0.95098876953125,0.5729499467518637,0.6549520766773163,179.73069985652097,45.486342118734086,31.729025196050458,0.14249778479432906,0.14800473270335332,1971.3081526626424,1140.8028540078406,1738.7656915901414,378.39990625827835,3777.7971911608092,1509.4939007116063,-353.5603332519531,126.56228637695312,37.84507751464844,46.60316848754883,9.006908416748047,36.46470642089844,21.894044876098633,33.18849182128906,-9.76123332977295,25.42424774169922,-6.567044734954834,18.129661560058594,-13.508490562438965,19.13682746887207,-2.721486806869507,12.423937797546387,-3.9268229007720947,12.201456069946289,-7.316376209259033,12.124567985534668,2.8365426063537598,9.983013153076172,-6.606379985809326,11.060751914978027,-2.7186527252197266,7.6879658699035645
audio_330.wav,train,60.1813125,16000,0.030227012932300568,0.03436698392033577,0.597137451171875,0.4688995215311005,0.38171185539606595,106.86851352689665,280.91972762330755,12.7147659845362,0.09690682524255716,0.10218835291575952,1415.2415185790649,1035.0462955281655,1154.9571660559907,677.5883882164165,2579.528841041999,1829.457581695474,-386.3988037109375,166.9854278564453,70.26513671875,69.38235473632812,-19.02349090576172,32.7756462097168,14.920900344848633,32.72843551635742,-16.72500991821289,23.25510025024414,-0.3359481692314148,17.066482543945312,-12.666374206542969,16.496381759643555,-19.992040634155273,19.73794174194336,-14.036547660827637,15.88046646118164,-1.9088906049728394,11.498128890991211,-11.279420852661133,12.181156158447266,-8.425609588623047,10.386134147644043,2.4897403717041016,7.874154090881348
audio_200.wav,train,60.07475,16000,0.027682870626449585,0.03159521520137787,0.548919677734375,0.47976570820021297,0.4222577209797657,104.42763330455712,9.446722425960845,9.129555247486167,0.13875455521166133,0.07745682547029485,1477.16619891941,631.1297095451092,1203.9487080220124,364.6944722541313,2635.7328274760384,962.1949551968368,-412.5411376953125,144.3454132080078,81.74176025390625,74.15766906738281,-21.116792678833008,34.99997329711914,24.78838348388672,34.961814880371094,-14.128392219543457,22.99444007873535,-6.966929912567139,13.85373306274414,5.7199201583862305,12.507051467895508,-19.89097785949707,19.96711540222168,-2.115867853164673,12.828147888183594,-2.8452205657958984,9.577497482299805,-5.96133279800415,8.763355255126953,-4.369282245635986,8.162649154663086,-10.82826042175293,11.408365249633789
audio_259.wav,train,60.08,16000,0.024614747613668442,0.03262787684798241,0.714691162109375,0.5692225772097976,0.4946751863684771,213.73702705379327,121.72047634734562,31.760565254228396,0.1492305020300852,0.0929647994572931,1909.3928076387597,1110.7661812114734,1715.1336890346538,614.2785970163434,3661.670493876464,2248.5046939246427,-429.362548828125,132.97634887695312,80.25810241699219,64.37407684326172,4.058505058288574,35.77626037597656,9.72128963470459,29.162229537963867,-1.3846763372421265,18.650257110595703,5.96891975402832,15.709671020507812,-2.216797351837158,13.167290687561035,-6.2112202644348145,12.804732322692871,-1.753450632095337,10.695634841918945,-5.117228984832764,9.789731979370117,-5.511752128601074,9.203609466552734,-2.420480728149414,9.19690990447998,-1.82184636592865,7.364506244659424
audio_721.wav,train,60.0746875,16000,0.035228874534368515,0.03673483058810234,0.69207763671875,0.42545260915867944,0.6198083067092651,116.54094037952247,26.11323078427786,20.103822867940835,0.12612242287340256,0.09494128969900921,1616.6070416166006,822.4948086395232,1547.8964485676997,417.6018411602609,3118.4563032481365,1361.522110809491,-364.7734680175781,127.69007873535156,95.90296173095703,47.36305236816406,-1.849082112312317,36.75628662109375,34.266517639160156,41.150047302246094,1.7970157861709595,22.927776336669922,-12.143400192260742,22.073318481445312,1.2167632579803467,20.37334632873535,-16.110445022583008,18.767454147338867,-10.578520774841309,16.061723709106445,-9.975138664245605,13.7669038772583,-3.6111507415771484,14.189669609069824,0.3180812895298004,10.785697937011719,-9.113847732543945,12.366419792175293
audio_223.wav,train,57.96275,16000,0.03151543810963631,0.03273199871182442,0.9464111328125,0.42108167770419425,0.6484547461368654,93.57338770459413,292.20408827644826,16.72954096268863,0.14378993558567882,0.07662043796561323,1417.2000276195456,546.0862392035856,1057.5485668244266,229.36681310082508,2573.520281456954,846.1950597447782,-350.49359130859375,129.59359741210938,100.70269012451172,57.21597671508789,-29.371870040893555,48.09508514404297,47.33041763305664,37.195892333984375,-2.731983184814453,23.1384220123291,-12.652515411376953,18.135753631591797,-3.3173112869262695,14.528308868408203,-21.714006423950195,17.462352752685547,8.621556282043457,14.924588203430176,-1.7072548866271973,14.21955394744873,-7.7101850509643555,9.378013610839844,2.8332648277282715,9.0396728515625,-3.470344305038452,9.566522598266602
audio_175.wav,train,60.08,16000,0.03916861116886139,0.02634419873356819,0.640045166015625,0.19755058572949946,0.5985090521831736,233.08188075904494,201.11562651997065,36.704508834262896,0.289161040252263,0.20389611720409437,2978.750739508993,1485.134316407392,1835.6157733508062,412.99702759969955,4977.540102502662,1683.21459707814,-308.9606018066406,136.1715087890625,18.828712463378906,69.07392120361328,-0.11667776852846146,48.65418243408203,3.3964078426361084,34.658103942871094,-23.059982299804688,27.398223876953125,-8.611505508422852,21.26032066345215,-17.934797286987305,19.132863998413086,-6.337975978851318,16.94832992553711,-17.996501922607422,15.745282173156738,-8.238476753234863,12.863587379455566,-17.723003387451172,12.705451965332031,-4.418647766113281,10.446432113647461,-13.230406761169434,11.618295669555664
audio_400.wav,train,34.3253125,16000,0.035891320556402206,0.047602009028196335,0.9188232421875,0.5377446411929171,0.48182665424044735,120.65074776640884,243.77878292746874,20.887048689112092,0.2156637712604846,0.1255391393346999,2344.89420327558,1078.7123001354007,1663.36074659976,439.8854515368549,4181.900920316869,1566.7800164342332,-364.57745361328125,132.6143035888672,37.2147216796875,53.49907684326172,1.5147615671157837,34.72515106201172,37.59758758544922,42.199981689453125,-6.104820728302002,21.80925941467285,-2.092059373855591,17.675390243530273,-11.050985336303711,19.405731201171875,-2.436025381088257,14.208881378173828,-9.478443145751953,14.474486351013184,-15.211554527282715,18.19150733947754,-7.008232593536377,12.332972526550293,-8.851648330688477,14.755193710327148,-5.952669143676758,11.055793762207031
audio_506.wav,train,60.0746875,16000,0.05153825134038925,0.041861072182655334,0.549285888671875,0.29233226837060705,0.8178913738019169,219.99999999999997,119.85117717785116,21.799832847824007,0.13434390392039403,0.0953908356211358,1865.489405095127,867.6286037063678,1772.9792181758241,356.95189743068363,3875.0748801916934,1446.4518019911272,-292.19622802734375,75.64000701904297,86.1126708984375,30.20542335510254,4.062382698059082,26.017000198364258,19.765653610229492,27.7255859375,-9.5596342086792,22.768016815185547,4.940698623657227,13.323084831237793,-21.992286682128906,19.668004989624023,7.4807963371276855,12.560842514038086,-13.859389305114746,14.68928050994873,-8.217656135559082,10.254532814025879,-3.843005895614624,11.438948631286621,-13.20761489868164,12.545439720153809,-2.00742769241333,11.983053207397461
audio_153.wav,train,60.0746875,16000,0.04900107532739639,0.05181168392300606,0.968597412109375,0.4387646432374867,0.8157614483493077,204.08500572708806,68.31735853333339,144.4797386490159,0.11525439505125133,0.0890280065719532,1465.8629106684182,884.7246552397721,1471.5465537666598,435.9894760303075,2755.5619342385517,1592.0997539437296,-344.35009765625,77.77413177490234,105.18667602539062,45.65149688720703,7.837095260620117,23.793161392211914,21.837112426757812,25.467548370361328,-5.388266563415527,14.61443042755127,-5.7143049240112305,13.4950590133667,-11.261554718017578,12.934643745422363,-7.532997131347656,14.099968910217285,-11.078131675720215,12.41404914855957,-9.69411563873291,9.092025756835938,-8.45112133026123,9.138973236083984,-5.810725688934326,10.289660453796387,-0.18548142910003662,9.599815368652344
audio_5050.wav,train,60.0746875,16000,0.12786877155303955,0.02520086243748665,0.95001220703125,0.0,0.4281150159744409,103.22817963382575,18.308340061273476,30.75342515620207,0.4538283018004526,0.06541869361294507,3850.057307399724,213.36028778665292,2358.260775934789,61.353112447116416,6741.667498668797,115.93988317646539,13.146315574645996,9.824657440185547,4.878157138824463,10.18988037109375,4.268499374389648,5.829648971557617,2.249783754348755,5.7570085525512695,1.3097995519638062,4.86392068862915,0.16915073990821838,3.8807475566864014,-1.0188665390014648,4.9124064445495605,-1.4473626613616943,4.253609657287598,-1.1985031366348267,4.004792213439941,-1.1284265518188477,3.9182047843933105,-0.6402251124382019,3.887852668762207,0.25749891996383667,4.121570587158203,0.6839300394058228,4.061762809753418
audio_281.wav,train,60.0746875,16000,0.029806368052959442,0.035674598067998886,0.63909912109375,0.5260915867944622,0.5985090521831736,186.06888929891866,446.85040394940427,136.20863466346862,0.15432235506522896,0.13131880116717176,1862.1435333676197,1123.9621007256846,1645.354881196673,450.06483089786474,3444.8008186900956,1842.87189595359,-392.8730163574219,123.55653381347656,49.53612518310547,65.12702178955078,8.965738296508789,33.65122985839844,13.80820083618164,25.313146591186523,2.869246244430542,18.430522918701172,1.8545258045196533,17.199743270874023,-17.400495529174805,20.96213150024414,-17.10517692565918,21.158937454223633,-0.6653479933738708,14.038148880004883,-7.410107135772705,12.095125198364258,-9.388805389404297,11.770341873168945,-2.2466375827789307,9.84423542022705,-6.6308698654174805,11.066696166992188
audio_543.wav,train,60.0746875,16000,0.06186078116297722,0.05095389485359192,0.922119140625,0.31735889243876464,0.8120340788072418,267.74077300753,62.34878484297921,50.96542704138332,0.15769300369408945,0.13997220040465055,1902.5943537230273,1136.2137896523823,1647.8984839403315,464.3947298381917,3500.1414403620875,1779.2785362401455,-296.5772705078125,99.75630187988281,71.05754852294922,42.143917083740234,8.353204727172852,41.05693435668945,12.912579536437988,36.024356842041016,-14.366085052490234,26.427038192749023,-5.938385963439941,24.13079833984375,-14.5125732421875,19.53285789489746,-6.420219421386719,18.008756637573242,1.7313460111618042,15.325460433959961,-23.28301429748535,18.051193237304688,-4.96952486038208,12.047266006469727,0.35368314385414124,12.18437385559082,-7.69527006149292,9.889430046081543
audio_445.wav,train,60.0746875,16000,0.06604781746864319,0.04877885803580284,0.64886474609375,0.24920127795527156,0.8679446219382322,234.43211035826653,61.55462555893802,31.25811464836974,0.08176838932707668,0.055058957241094275,1089.5107057577568,661.8059041308703,1214.1576193374708,573.6479505074741,1993.0527822151225,1677.7014683414568,-356.992431640625,98.72000885009766,117.873291015625,50.66992950439453,17.0733642578125,36.6732063293457,7.979126453399658,28.958677291870117,-18.32877540588379,23.625669479370117,-15.579150199890137,18.695941925048828,-19.49041175842285,18.03999137878418,-9.944707870483398,15.157829284667969,-10.008130073547363,15.375699043273926,-9.191011428833008,12.286017417907715,-9.404939651489258,10.802650451660156,-6.124665260314941,11.280672073364258,-3.4492135047912598,9.774178504943848
audio_124.wav,train,45.0,16000,0.02026619389653206,0.016120588406920433,0.2711181640625,0.27292110874200426,0.7420042643923241,263.1411467822288,28.981594936760565,35.289298799358534,0.11573341440120824,0.09065464550756937,1688.8790087850905,772.161952373339,1630.2368017284375,433.989049987667,3232.159514925373,1472.8697678626113,-365.25714111328125,72.34163665771484,88.78793334960938,34.275760650634766,-16.44094467163086,32.21796798706055,17.96333885192871,24.285219192504883,0.49685758352279663,19.702011108398438,-2.1736154556274414,15.443328857421875,-7.594851016998291,14.379806518554688,-6.752374649047852,14.571003913879395,2.2920658588409424,11.836628913879395,2.004577875137329,9.015169143676758,2.330322504043579,8.51941967010498,4.3037872314453125,8.969467163085938,1.994348168373108,8.59166145324707
audio_249.wav,train,20.84,16000,0.00880326796323061,0.00914860237389803,0.157867431640625,0.4601226993865031,0.7684049079754601,181.8190699939266,87.15724308916383,122.44888956321631,0.06757902367714724,0.051658059003131716,1291.1390021942584,636.6504901679746,1503.5008097135878,415.64211781987683,2596.6617139570553,1215.874159620669,-482.0568542480469,85.25804138183594,113.44976806640625,33.910179138183594,8.799251556396484,41.642295837402344,28.88260841369629,22.994123458862305,-1.9493759870529175,22.769838333129883,-0.2752046585083008,18.17123794555664,-2.5934290885925293,14.95623779296875,3.8045153617858887,14.030651092529297,3.908240556716919,12.67829418182373,-4.387453556060791,10.398154258728027,-0.9736964702606201,8.801191329956055,2.212796449661255,10.008929252624512,-2.230501890182495,10.097078323364258
audio_420.wav,train,60.0746875,16000,0.07668079435825348,0.07443608343601227,0.942779541015625,0.36741214057507987,0.6080937167199149,254.91381122131236,70.94038785377141,78.10218873930987,0.13121687591520234,0.12321976967337864,1675.9745849016651,1062.050852369768,1647.9477783076222,509.5032549410563,3185.981596112886,1864.3505678952445,-283.0614929199219,115.47386932373047,95.13131713867188,50.68852233886719,11.898432731628418,34.175594329833984,13.859609603881836,28.14173698425293,-4.022302150726318,21.546850204467773,-11.30036735534668,22.306495666503906,-8.508532524108887,16.682851791381836,-9.184475898742676,15.697882652282715,-9.536202430725098,14.261842727661133,-15.217635154724121,15.046326637268066,-2.0237820148468018,11.53555679321289,-4.411518573760986,11.494601249694824,-5.478245735168457,10.0513277053833
audio_203.wav,train,60.07475,16000,0.03802821785211563,0.04247429966926575,0.95208740234375,0.4579339723109691,0.6112886048988285,116.54094037952247,20.912566285956142,16.356819049673845,0.12921591079273162,0.06918425866469817,1630.9213726800128,690.0232730068917,1243.2477484737703,409.89280658100176,2995.881589456869,1059.4227352770665,-380.9183349609375,156.05970764160156,95.61591339111328,70.2968521118164,-36.301090240478516,45.48414611816406,38.93061065673828,37.39133834838867,-11.53954792022705,24.60672950744629,-17.198974609375,19.533849716186523,11.06599235534668,16.17579460144043,-21.417255401611328,17.830163955688477,-4.009479999542236,13.76082706451416,1.446710228919983,12.379924774169922,-9.362215042114258,11.00940990447998,0.050173938274383545,7.338316440582275,-3.303483247756958,8.143023490905762
audio_278.wav,train,40.8746875,16000,0.041930340230464935,0.062412943691015244,0.953033447265625,0.5594679186228482,0.6517996870109546,113.22324603078411,28.06308863551139,21.077900813969947,0.07787551044111894,0.07320247407623091,1268.1684136355973,782.4649748496728,1436.0570421575967,602.7491380790672,2569.401652973396,1727.968453455206,-369.017578125,107.60772705078125,70.79583740234375,65.44327545166016,14.49051570892334,25.6967830657959,7.954512596130371,21.209762573242188,-2.716611623764038,19.689916610717773,-0.6147557497024536,13.713804244995117,-5.206392765045166,13.232861518859863,1.749703288078308,10.021233558654785,-8.829983711242676,11.789105415344238,-16.829011917114258,17.659812927246094,-6.8388776779174805,9.108006477355957,-3.119769811630249,6.947328567504883,-5.0284271240234375,7.118955135345459
audio_516.wav,train,60.0746875,16000,0.0480564683675766,0.04296189174056053,0.936676025390625,0.34611288604898827,0.7092651757188498,219.99999999999997,56.1259535562988,33.07107454234006,0.16669890674920126,0.165558594751061,2111.0447167556413,1479.326464038391,1650.53014078681,623.0053607850285,3732.860756123536,2255.5267302378575,-320.4358215332031,113.26580047607422,57.1873893737793,62.978050231933594,19.386003494262695,43.244529724121094,1.2120188474655151,35.505035400390625,-14.619298934936523,23.86566162109375,-11.821916580200195,22.346923828125,-21.414472579956055,17.360191345214844,-8.017007827758789,15.324837684631348,-16.52897071838379,14.595488548278809,-1.7006902694702148,11.501069068908691,-14.85979175567627,11.7142915725708,-3.985419273376465,10.171035766601562,-6.384968280792236,8.433544158935547
audio_326.wav,train,25.344,16000,0.05306354537606239,0.04584231227636337,0.935211181640625,0.2988650693568726,0.8184110970996217,208.85526660911424,212.01213922314517,28.643852525633008,0.16432234197667087,0.12759078814853272,2014.7162108990276,1077.512559751701,1713.0655642696697,419.78471908428446,3663.90487074401,1695.8046267667685,-293.549072265625,121.59058380126953,68.7002944946289,50.5147705078125,5.298305511474609,42.958030700683594,25.8953857421875,33.77622604370117,-1.1777693033218384,19.366775512695312,-10.282441139221191,22.66408348083496,-8.177755355834961,16.656463623046875,-15.906004905700684,19.15126609802246,-5.354849815368652,14.970640182495117,-8.64228343963623,13.481366157531738,-22.014389038085938,14.23246955871582,0.20325808227062225,12.7318696975708,-3.9460766315460205,13.147769927978516
audio_603.wav,train,60.0746875,16000,0.06107281520962715,0.04832184687256813,0.9085693359375,0.27689030883919064,0.5841320553780618,152.89100418265707,33.400524708821415,20.385793269285188,0.17436996638711394,0.1396572069760216,1937.743659857622,1294.7975719620713,1567.1403382240842,521.1758428777034,3394.7933306709265,1981.311944039168,-263.7234802246094,83.19819641113281,99.3925552368164,62.01112365722656,3.4844255447387695,42.57955551147461,2.511228084564209,32.96436309814453,10.332642555236816,22.233062744140625,16.553152084350586,19.45749855041504,-19.025230407714844,19.51530647277832,-4.836389064788818,19.97580909729004,-8.344474792480469,17.105737686157227,-13.05525016784668,14.989520072937012,-10.381528854370117,11.884160041809082,5.729445934295654,12.47071361541748,0.04083326831459999,10.722766876220703
audio_199.wav,train,60.07475,16000,0.03166713938117027,0.03450886905193329,0.8260498046875,0.46325878594249204,0.42971246006389774,105.03257643014581,9.447373550476478,10.467984836842191,0.1409752208965655,0.07757980750568026,1467.8312014744968,637.6565955361715,1149.370535522017,377.96756660566643,2586.744542066028,952.6044807633075,-385.59637451171875,138.96641540527344,86.59455871582031,74.27311706542969,-27.833805084228516,38.94277572631836,24.81697654724121,32.75999069213867,-11.736798286437988,20.164884567260742,-7.986618995666504,13.403857231140137,6.142914772033691,12.152750968933105,-20.589548110961914,18.123470306396484,-4.759643077850342,14.214164733886719,-5.582594871520996,10.31743049621582,-7.9993510246276855,9.98584270477295,-3.392289638519287,8.275141716003418,-9.11673641204834,10.1582612991333
audio_406.wav,train,55.6373125,16000,0.032239459455013275,0.04928383231163025,0.947479248046875,0.6848763657274296,0.6940770557791834,176.64303400994282,167.68717798048354,109.910852658807,0.17556813587190914,0.1314697696007726,2224.681901660239,1065.0658954004186,1884.8467710476039,532.2393079457072,4336.692244105808,1926.3550140832099,-360.1890563964844,99.82535552978516,52.537174224853516,47.68865966796875,14.84939956665039,33.01173782348633,16.619922637939453,28.4689884185791,-5.559879302978516,27.53057289123535,2.8319480419158936,14.420215606689453,2.752490520477295,12.379629135131836,6.147850036621094,11.639636993408203,-3.556429386138916,13.272092819213867,-1.2338027954101562,11.327167510986328,-1.2037789821624756,9.886613845825195,-7.450121879577637,12.956110954284668,-1.9617713689804077,9.330435752868652
audio_538.wav,train,60.0746875,16000,0.042362574487924576,0.03898562118411064,0.898101806640625,0.37912673056443025,0.8322683706070287,147.682975305829,19.291535006727223,15.361822855921616,0.11292400908546325,0.06178166921272682,1594.9411041779495,683.2900616054623,1449.9006922422705,470.0999491491441,3078.1998801916934,1313.0355890046787,-312.6042785644531,115.15576171875,99.26810455322266,41.221858978271484,-16.807077407836914,45.072540283203125,38.330326080322266,41.247779846191406,3.432804822921753,19.67890167236328,-17.257667541503906,18.213510513305664,-1.5243412256240845,19.186689376831055,-8.093034744262695,14.49080753326416,-7.986204147338867,14.837390899658203,-9.226241111755371,15.96810531616211,-7.072494983673096,10.748861312866211,1.2465441226959229,10.110797882080078,-9.108746528625488,11.327374458312988
audio_631.wav,train,54.3786875,16000,0.05172496289014816,0.04772672802209854,0.946258544921875,0.36,0.6288235294117647,205.2672581380976,84.5788642174051,25.131145797480656,0.09854894301470589,0.06306716936519183,1168.8298507367583,706.2515345831797,987.3272548986307,504.72110221242855,2093.970588235294,1357.9035446558757,-367.2069396972656,107.57897186279297,98.81327819824219,67.54300689697266,-5.858744144439697,36.7973747253418,23.77292823791504,28.233991622924805,-7.051321029663086,17.012786865234375,-32.46637725830078,25.390811920166016,-2.146260976791382,13.53614330291748,-12.384737968444824,14.550692558288574,-16.522193908691406,13.776583671569824,-1.7052499055862427,9.571124076843262,-10.956453323364258,10.614863395690918,-10.805486679077148,10.02808666229248,-6.499565124511719,7.583303928375244
audio_5061.wav,train,60.0746875,16000,0.1352265179157257,0.022257855162024498,0.95001220703125,0.0,0.13791267305644303,84.82159539743674,53.64869960546003,108.99844379258339,0.4429935540634984,0.06507836904142054,3867.602130086278,152.64251991453955,2358.7925294606052,53.75229911113247,6751.5100838658145,87.3097169128487,16.296356201171875,5.925910472869873,3.5642387866973877,6.782667636871338,3.9671943187713623,4.61536169052124,1.0974781513214111,3.5726335048675537,-1.3169022798538208,3.8334574699401855,-2.7499396800994873,4.423515319824219,-3.0198287963867188,4.594701290130615,-2.7423524856567383,4.360983848571777,-2.1804778575897217,3.9096474647521973,-1.372534990310669,3.4319043159484863,-0.6451970934867859,3.243809938430786,-0.12471082806587219,3.169928550720215,0.22564584016799927,3.135643720626831
audio_196.wav,train,26.47475,16000,0.039800386875867844,0.04101758077740669,0.8026123046875,0.427536231884058,0.5603864734299517,194.86885420251932,307.5085310697338,46.71579220504728,0.1732171837258454,0.08675794977444973,1597.3626084086684,482.741593731811,1109.1941508551158,160.4514186447116,2847.4392361111113,660.5591889356331,-361.93341064453125,142.83522033691406,92.09613037109375,56.12067413330078,-50.687679290771484,40.71767807006836,47.834163665771484,28.431676864624023,-11.741109848022461,19.426023483276367,-18.739444732666016,22.259164810180664,0.8025643825531006,13.22912311553955,-17.6978816986084,16.0172176361084,5.557822227478027,11.981144905090332,-9.139731407165527,10.726351737976074,-1.273300290107727,7.902320384979248,3.8861780166625977,8.493131637573242,-13.361327171325684,10.815813064575195
audio_756.wav,train,60.0746875,16000,0.045012906193733215,0.042371202260255814,0.935577392578125,0.35356762513312034,0.48775292864749736,104.42763330455712,234.16559849784952,9.823357138758155,0.19843224798655484,0.13353597553837454,2146.1512784704178,1076.0925471606831,1796.8381787907629,378.43430081723216,4023.283579605964,1768.1609350890235,-306.5187683105469,149.895263671875,65.07662963867188,65.2129898071289,0.34615448117256165,33.29244613647461,-0.6963058114051819,31.228219985961914,3.552617311477661,23.610280990600586,-9.65882682800293,18.665706634521484,-24.352598190307617,19.027406692504883,-1.9793379306793213,14.422630310058594,-15.389760971069336,17.5609130859375,-1.1853233575820923,13.984774589538574,-14.619542121887207,11.155516624450684,-6.157925128936768,10.099774360656738,-10.732068061828613,11.995966911315918
audio_649.wav,train,61.0346875,16000,0.05465275049209595,0.048337794840335846,0.699371337890625,0.3480083857442348,0.6724318658280922,168.66611791365605,37.486136920692964,58.40136096285322,0.1261774538947851,0.1547535748783479,1598.3231974827147,1401.3302535650082,1458.0868893548252,499.02582861977936,2820.2387971698113,2060.2066307650543,-335.91680908203125,110.99063110351562,85.09654998779297,58.1265869140625,38.611263275146484,34.55158615112305,31.712383270263672,32.59599304199219,8.222272872924805,23.412845611572266,-13.768902778625488,19.637624740600586,-32.33015441894531,25.463218688964844,13.82859992980957,18.644113540649414,-12.09677505493164,15.288047790527344,-5.081106662750244,10.825817108154297,-1.007849931716919,10.788783073425293,-13.945622444152832,11.718730926513672,-4.829087257385254,9.648904800415039
audio_27.wav,train,45.0,16000,0.0071110716089606285,0.006612719967961311,0.111480712890625,0.3603411513859275,0.5756929637526652,121.34967043801211,15.437161436711076,13.363143831468065,0.2215891108075693,0.1458850957651926,2245.854404063909,1098.4643015200406,1647.997952672627,395.22400567097014,3899.0482853589197,1522.5433895564986,-477.4786682128906,98.55258178710938,61.37102508544922,61.15302276611328,2.234668493270874,28.703502655029297,33.83830261230469,34.136783599853516,-26.689655303955078,24.302139282226562,-10.447155952453613,18.48845100402832,-10.737837791442871,17.29608154296875,-9.239134788513184,14.210718154907227,-8.084803581237793,13.30703067779541,-5.347288608551025,15.301393508911133,-6.687037944793701,12.12946891784668,-1.3680429458618164,10.05339527130127,-7.813713073730469,11.701654434204102
audio_681.wav,train,60.0746875,16000,0.03132053092122078,0.04540736600756645,0.95196533203125,0.5798722044728435,0.3615548455804047,154.66751207845843,50.46424454627988,49.48631602489377,0.19263033313365283,0.1101423071178179,2383.4735122022935,914.852286956891,1947.0753279784421,444.08934053595425,4619.246705271566,1555.2123517446996,-384.8724060058594,178.86488342285156,38.35612869262695,51.52791976928711,-12.196438789367676,32.40447235107422,1.4870407581329346,20.701417922973633,-6.933648586273193,17.550851821899414,-13.435068130493164,17.6966495513916,-4.420591831207275,12.564746856689453,-8.223710060119629,13.9065580368042,-5.523481369018555,10.308653831481934,-2.017003297805786,9.70828628540039,-6.659024238586426,9.997289657592773,-1.0462727546691895,6.653223514556885,-3.977015972137451,7.465230464935303
audio_556.wav,train,60.0746875,16000,0.03793029114603996,0.05369075387716293,1.0,0.6112886048988285,0.3610223642172524,134.6458897635121,19.680846367595027,7.02074209732163,0.19399507662739618,0.11758988700867434,2085.1422035864775,903.8845206287399,1670.8723293789246,348.5537052603142,3858.4431576144834,1280.5270611864676,-371.7565612792969,132.45217895507812,59.391117095947266,51.635948181152344,4.054238319396973,26.858726501464844,29.437528610229492,31.880395889282227,-3.46120285987854,17.424617767333984,8.631232261657715,17.21894073486328,-15.270142555236816,23.44343376159668,2.1339337825775146,15.398663520812988,-1.5267475843429565,12.803766250610352,-7.539643287658691,15.96512222290039,4.521829605102539,10.624178886413574,-4.979232311248779,9.115296363830566,-1.8016157150268555,9.372150421142578
audio_185.wav,train,60.07475,16000,0.02998383343219757,0.03881331905722618,0.688018798828125,0.5591054313099042,0.7795527156549521,83.8473362790669,58.098725404703984,106.67321916261864,0.0874189837925985,0.05847944819103199,1046.132017778567,412.19457132626906,1024.221287242325,259.10192745648254,2137.2678714057506,881.1929215892081,-400.0458679199219,109.4771728515625,108.30015563964844,51.382198333740234,-1.1220643520355225,37.299400329589844,23.66042709350586,23.417083740234375,-0.9576388597488403,18.649681091308594,3.9081718921661377,11.989349365234375,14.221193313598633,9.066448211669922,-2.8604514598846436,14.290047645568848,3.47746205329895,9.960145950317383,-8.063097953796387,10.476572036743164,-9.696412086486816,11.177982330322266,-1.1641571521759033,8.139787673950195,-5.597752094268799,11.92402458190918
audio_369.wav,train,60.0106875,16000,0.04865190014243126,0.040076594799757004,0.935394287109375,0.2830490405117271,0.4957356076759062,122.75968568932456,48.41755080585971,45.96193920618997,0.1637210154584222,0.1354009765066578,1896.8980508650327,1164.9164296819936,1581.0356923452778,494.0851822428369,3402.435367803838,1905.995429060879,-289.02679443359375,105.96648406982422,85.03439331054688,64.93698120117188,6.291805744171143,45.011817932128906,5.710059642791748,39.195411682128906,-6.37466287612915,27.679933547973633,1.2970402240753174,19.97159767150879,-14.15788459777832,18.923290252685547,-4.844915390014648,16.886159896850586,-4.45546817779541,14.664253234863281,-15.799280166625977,18.064453125,-2.6029622554779053,11.852703094482422,-0.130791574716568,11.049355506896973,-1.3298290967941284,12.263650894165039
audio_241.wav,train,60.08,16000,0.037974461913108826,0.03350250422954559,0.66534423828125,0.33865814696485624,0.739084132055378,239.91170118635668,220.16477126569805,61.849149443514875,0.21173596204406284,0.1588973032636231,2155.2900665875595,1146.9592835542678,1495.8444097503987,433.7191169549906,3724.765375399361,1628.279006393037,-324.7322998046875,110.53043365478516,50.5846061706543,56.650211334228516,-22.930065155029297,47.33399200439453,20.95252227783203,36.94843673706055,-26.66733169555664,27.602481842041016,-11.125753402709961,17.86318588256836,-24.603330612182617,18.823162078857422,-7.662308692932129,15.135931968688965,-14.121355056762695,14.758308410644531,-14.180846214294434,13.184128761291504,-5.692745208740234,12.247698783874512,-13.706363677978516,15.055241584777832,-6.323100566864014,11.624049186706543
audio_98.wav,train,45.06,16000,0.015162800438702106,0.019009554758667946,0.3475341796875,0.5613910574875799,0.47054648687012063,106.86851352689665,91.60198011837329,15.401285891637386,0.19037597309705465,0.11069790696312605,2109.7172172009455,953.6273018365266,1716.6461404745114,486.2798230002449,4014.299813697658,1657.915772932665,-444.2483215332031,144.0395965576172,78.40914154052734,58.394142150878906,-7.5945281982421875,33.91505813598633,22.962615966796875,27.326372146606445,-6.749510765075684,20.131572723388672,-1.821022868156433,14.39753246307373,-8.36422348022461,17.66691017150879,-5.431717395782471,12.638910293579102,-6.598695278167725,13.046126365661621,-0.9480578303337097,12.832173347473145,-2.1380887031555176,10.506572723388672,-6.305069923400879,9.578789710998535,-3.320101499557495,8.435881614685059
audio_389.wav,train,60.0746875,16000,0.05514313653111458,0.03796374797821045,0.958099365234375,0.2380191693290735,0.5718849840255591,163.86452094349724,389.6484748303991,22.998804617550803,0.1719847202808839,0.13785337464004538,1638.2294673411943,1165.956992147512,1215.5898846529778,567.9611302733772,2866.243177582535,1888.0094970846676,-342.07037353515625,139.2809600830078,109.11864471435547,91.9086685180664,-5.257068157196045,57.27037811279297,33.39973831176758,46.26503372192383,-11.572772979736328,30.534931182861328,-19.495012283325195,29.558382034301758,-12.389636993408203,23.273229598999023,-5.085763931274414,19.437976837158203,-8.18232250213623,18.271869659423828,-9.923210144042969,14.193550109863281,-7.366636276245117,14.739892959594727,-4.647964954376221,12.125748634338379,0.1547268182039261,10.291189193725586
audio_357.wav,train,60.0746875,16000,0.026289893314242363,0.035372599959373474,0.621673583984375,0.5969116080937167,0.39403620873269435,113.87914162255151,44.0288954683572,15.338007736857207,0.12846008885782748,0.11377194824048215,2010.4512341682919,992.376317866947,1967.1265218755811,468.2482167860766,4245.290867944622,1742.597368282404,-411.6549072265625,143.01419067382812,76.88504791259766,48.01202392578125,16.81432342529297,28.739620208740234,10.459774017333984,28.690935134887695,1.6639782190322876,18.58588981628418,-1.559981346130371,21.203510284423828,8.659204483032227,15.46577262878418,-1.8137134313583374,17.691709518432617,-6.893763065338135,16.46839714050293,3.1139585971832275,14.539725303649902,-0.046948060393333435,12.062329292297363,5.220761775970459,10.103809356689453,2.792919397354126,13.223390579223633
audio_112.wav,train,45.06,16000,0.03232111409306526,0.025982698425650597,0.49066162109375,0.2902767920511001,0.7295954577714692,245.51937137864914,32.131071962647376,30.05926602318388,0.12949468262065295,0.10127818186458386,1509.2738338720756,805.9947571688042,1384.9642695070913,424.6675216729923,2859.602333215046,1475.02764763592,-345.7149658203125,93.55268859863281,97.91585540771484,45.563270568847656,-15.728889465332031,34.42771530151367,18.09915542602539,26.189929962158203,-20.705074310302734,20.480323791503906,-4.513472080230713,15.912933349609375,-14.6470308303833,15.537185668945312,-2.626828670501709,12.465283393859863,-10.425811767578125,12.66981315612793,-4.509857654571533,10.295894622802734,-11.274290084838867,9.559877395629883,-6.552285194396973,11.274295806884766,-7.042901039123535,9.006439208984375
audio_675.wav,train,60.0746875,16000,0.06997022777795792,0.0566990040242672,0.973968505859375,0.24068157614483493,0.7066027689030884,116.54094037952247,18.678052990339413,15.62905732418487,0.15948700828674123,0.13842084696372187,1995.7785026084966,1363.690500933708,1588.175343843578,473.95806466052943,3528.4087127263047,1972.034696764907,-258.9822692871094,127.59601593017578,67.02749633789062,72.50898742675781,14.697683334350586,42.88729476928711,23.410432815551758,38.64258575439453,-6.651292324066162,24.08954429626465,0.1325979083776474,19.827280044555664,-9.195133209228516,17.824085235595703,4.926635265350342,13.21764850616455,-6.59181547164917,12.808819770812988,-2.320195198059082,13.016314506530762,-4.948883056640625,10.476015090942383,-6.278407573699951,11.140989303588867,-5.06932258605957,10.179313659667969
audio_113.wav,train,45.06,16000,0.013275024481117725,0.01186586543917656,0.30364990234375,0.3520227111426544,0.5621007806955287,106.252996181733,9.396186474448402,7.409043883638134,0.22959372504879347,0.15813891784224535,2567.358252504208,1192.6384913880943,1950.9391640437095,372.91559294120174,4760.579311568488,1636.3351277585882,-441.0594482421875,174.36105346679688,41.45362091064453,66.62582397460938,23.74231719970703,30.46390724182129,29.745868682861328,30.4924373626709,0.23102807998657227,16.866409301757812,-1.9908655881881714,15.816265106201172,-8.989542961120605,13.742928504943848,0.7274836301803589,11.131327629089355,-4.987673282623291,11.444465637207031,-2.3353142738342285,12.165353775024414,-4.364035129547119,8.323457717895508,2.9796502590179443,8.350037574768066,-9.474530220031738,10.019001960754395
audio_483.wav,train,60.0746875,16000,0.06197678670287132,0.054169923067092896,0.80517578125,0.34345047923322686,0.8024494142705005,275.58617649730814,113.9190138871424,38.45644877460779,0.1320317180011981,0.09905433888465565,1753.5672323398014,917.9182228853873,1545.9800239465312,521.5201657008082,3374.4508785942494,1674.2029921825313,-339.1512451171875,127.94190979003906,60.80453872680664,46.67445755004883,-14.221782684326172,40.949405670166016,17.452234268188477,28.96822166442871,-22.269914627075195,24.749021530151367,-16.546730041503906,20.120365142822266,-20.091482162475586,17.25922203063965,-15.209980964660645,15.74097728729248,-9.141922950744629,13.99032211303711,-4.751614570617676,11.485401153564453,-6.845737934112549,13.861927032470703,-11.963155746459961,12.171087265014648,-2.3367929458618164,9.288482666015625
audio_474.wav,train,60.0746875,16000,0.025334667414426804,0.029130831360816956,0.72308349609375,0.5511182108626198,0.5638977635782748,80.5247132770094,8.489169522747547,6.958989899220825,0.12159893129326411,0.07950104366284891,1587.2156725420186,718.6165525998601,1593.9484479960174,300.95288844905537,3116.917099307774,1250.692303812422,-297.9568786621094,49.6042366027832,109.05181121826172,34.192420959472656,-9.27828598022461,19.412124633789062,22.00018882751465,17.017831802368164,-2.790050506591797,12.698286056518555,6.279831409454346,10.669897079467773,-4.418639183044434,10.383642196655273,-2.6620724201202393,10.935325622558594,1.138688564300537,12.13782787322998,-5.030263900756836,9.60663890838623,-9.099156379699707,7.934082508087158,6.209336757659912,9.533924102783203,-4.890881061553955,7.798807621002197
audio_725.wav,train,58.9226875,16000,0.047945667058229446,0.04955432564020157,0.717559814453125,0.41313789359391967,0.8127035830618893,180.77186920887385,48.21312445487456,73.6622959065985,0.09061964534134094,0.09387741921617868,1268.6699672516781,842.7960359298677,1255.192974411674,564.4925429765213,2375.911882464712,1488.0771787770816,-367.4523010253906,101.58476257324219,103.67603302001953,61.57511520385742,1.5895426273345947,35.77360916137695,7.497780799865723,31.173492431640625,0.7462997436523438,20.509166717529297,-14.209513664245605,25.10967254638672,-7.166964054107666,17.096534729003906,-6.747478485107422,15.14093017578125,-17.520095825195312,18.546104431152344,-4.4082350730896,12.760696411132812,1.588165283203125,9.963486671447754,-5.116602420806885,10.768961906433105,1.039284586906433,9.16450309753418
audio_774.wav,train,60.0746875,16000,0.04074535518884659,0.054458823055028915,0.940521240234375,0.566027689030884,0.5862619808306709,213.73702705379327,57.077044576262644,35.74170991918922,0.15243163022497339,0.10046980361532916,1719.666304768157,900.3612690515723,1542.8499695509474,560.9554133398086,3290.2605830670927,1807.0197214807977,-388.0466613769531,97.07140350341797,76.51284790039062,54.310672760009766,-0.2425118237733841,31.370567321777344,0.1537598818540573,25.54941177368164,-3.786202907562256,14.161226272583008,-10.073049545288086,21.228267669677734,-4.021268844604492,11.94821834564209,-6.865355968475342,14.259879112243652,-11.433708190917969,16.766447067260742,-7.45587682723999,11.29019546508789,-3.551030397415161,9.597392082214355,-3.963667154312134,10.783905029296875,-2.2214157581329346,8.938426971435547
audio_588.wav,train,60.0746875,16000,0.04843932017683983,0.05398491024971008,0.93914794921875,0.5005324813631523,0.9126730564430245,159.19961611844158,86.69276553168633,38.07261740375907,0.09467612237087326,0.0871175814524945,1473.9583902765562,812.2534393285019,1573.9054594317236,491.9277119793201,3032.9264842917996,1520.8015971097639,-354.9664001464844,103.45578002929688,75.49203491210938,49.628971099853516,14.76449966430664,27.662019729614258,24.23110580444336,27.97407341003418,3.556720018386841,12.937536239624023,-8.330570220947266,18.816577911376953,0.4706873297691345,13.764419555664062,-1.2447090148925781,12.38601303100586,-15.106367111206055,15.999045372009277,-10.571413040161133,13.547356605529785,1.7362662553787231,9.7969388961792,-1.0955978631973267,9.252326011657715,-0.7196033596992493,8.925138473510742
audio_395.wav,train,60.0746875,16000,0.05774557590484619,0.05476188287138939,0.9366455078125,0.369542066027689,0.7310969116080938,113.22324603078411,45.73872617308466,17.317571001777793,0.09591112553248136,0.09173686937015257,1320.882262925586,954.0180089608187,1269.9259373340178,554.3261012774269,2372.857594515442,1680.235581691154,-307.41400146484375,79.10993194580078,127.22134399414062,68.37039947509766,-0.49516192078590393,32.99065017700195,5.462868690490723,29.636775970458984,18.4177188873291,21.97237205505371,2.6435117721557617,17.6087589263916,-7.741117477416992,19.510236740112305,-4.605286121368408,15.104558944702148,-7.1513495445251465,13.86390209197998,-9.082804679870605,12.818069458007812,-10.235025405883789,11.718911170959473,3.7305052280426025,11.685867309570312,2.848621129989624,11.615164756774902
audio_210.wav,train,60.07475,16000,0.07883939892053604,0.06809578090906143,0.999969482421875,0.2539936102236422,0.7401490947816827,147.682975305829,52.55038985629696,18.291116184286892,0.11059440312167199,0.07811923710563141,1205.8315262851654,542.6797324690996,997.7442156889388,235.50622294343358,2267.7382854100106,968.3601652293518,-283.5898742675781,96.1253433227539,112.79029846191406,44.89400863647461,-16.558265686035156,45.73210525512695,50.31846618652344,37.09234619140625,-24.568010330200195,25.998899459838867,-20.781545639038086,21.12778091430664,-2.525135040283203,17.929683685302734,-32.03993225097656,17.608774185180664,-0.392667680978775,14.746755599975586,-5.731525421142578,12.634039878845215,-4.511209487915039,9.120573997497559,1.7232919931411743,10.536931037902832,-12.080739974975586,8.545165061950684
audio_309.wav,train,61.0346875,16000,0.03878748044371605,0.03970974311232567,0.62005615234375,0.40670859538784065,0.45178197064989517,115.20235351026894,221.3078840714091,30.924574721757395,0.11596244636071804,0.12002799320928699,1579.1957730254592,1084.332962195799,1256.929864477749,611.895392094785,2864.0592243186584,1813.2023182602993,-358.95855712890625,164.67291259765625,75.77686309814453,70.59584045410156,-17.556894302368164,40.4726676940918,18.50787925720215,34.90713119506836,-19.512893676757812,25.730472564697266,1.2023335695266724,18.379337310791016,-13.927491188049316,17.084794998168945,-21.16989517211914,19.22175407409668,-11.7315673828125,14.06904125213623,-5.34555196762085,13.299697875976562,-12.510824203491211,12.54093074798584,-10.56787109375,10.886627197265625,1.7735730409622192,7.899017333984375
audio_457.wav,train,60.0746875,16000,0.057934895157814026,0.052929509431123734,0.934783935546875,0.32161874334398294,0.8349307774227902,245.51937137864914,84.24997720582137,44.40527887431327,0.1036674653887114,0.053119094781907274,1407.4217696439086,587.3434344423752,1336.1377488724365,386.0651073873633,2641.228201544196,1295.5193284072893,-318.6775207519531,96.215576171875,90.37564849853516,31.646530151367188,-8.485136985778809,35.99435806274414,0.23681263625621796,31.18694496154785,-39.77711486816406,30.65485954284668,-9.376672744750977,19.87458610534668,-18.073497772216797,21.595430374145508,-5.855287551879883,14.166543960571289,-5.323014736175537,15.951691627502441,-8.610157012939453,10.304553031921387,-1.327897071838379,11.143796920776367,-9.573026657104492,14.170073509216309,12.637622833251953,11.643522262573242
audio_492.wav,train,60.0746875,16000,0.06298087537288666,0.045567650347948074,0.90283203125,0.2055378061767838,0.8317358892438764,212.505992363466,65.76421077677851,28.334585490918755,0.12293351470979766,0.09099934832408899,1714.3980888237184,883.4660209114143,1529.1928525093492,387.330271782835,3211.357661075612,1464.7196773439891,-269.14813232421875,93.31555938720703,86.81884002685547,38.766578674316406,-7.894256591796875,36.100284576416016,25.345788955688477,39.197914123535156,-15.486044883728027,23.89386558532715,-7.754036903381348,20.8407039642334,-17.154621124267578,19.20425796508789,-4.171923637390137,15.091580390930176,-10.38016128540039,17.147220611572266,-3.912782669067383,15.731531143188477,-4.129131317138672,14.473255157470703,-13.824715614318848,16.573087692260742,0.8764483332633972,13.549736976623535
audio_738.wav,train,61.0346875,16000,0.04541350528597832,0.060648247599601746,0.806884765625,0.5875262054507338,0.8621593291404612,119.95585059317834,28.196941481481947,40.830112188355955,0.08868676911360063,0.09257477298678388,1364.832633454417,878.5391045012192,1390.7999735162027,446.7609692921261,2548.774895178197,1601.084250638039,-367.0494079589844,117.58351135253906,82.84919738769531,54.12293243408203,18.838565826416016,27.022058486938477,20.795635223388672,29.228517532348633,-6.621739864349365,20.871238708496094,-4.456696510314941,17.512653350830078,-9.381447792053223,14.695829391479492,-9.12649917602539,10.1654634475708,-7.584094047546387,10.386614799499512,-3.724177360534668,9.196255683898926,-7.350096225738525,8.853343963623047,-4.736119270324707,9.641844749450684,0.6221960783004761,8.268186569213867
audio_305.wav,train,60.0746875,16000,0.043203383684158325,0.04259837046265602,0.882171630859375,0.40415335463258784,0.6203407880724174,130.8127826502993,79.64764665098434,12.093971261673985,0.11056190303847178,0.08105448114462137,1364.7220073332212,869.7517506807649,1420.3558217426362,639.8324581334505,2725.747137912673,1929.754358332477,-377.58880615234375,106.38236236572266,122.57626342773438,67.91905975341797,14.414979934692383,30.158769607543945,1.4618149995803833,33.651268005371094,4.995800018310547,22.58108139038086,-6.632343769073486,19.619874954223633,-13.746094703674316,18.69068717956543,-6.432182312011719,14.484417915344238,-6.224518299102783,14.187986373901367,0.7481961846351624,12.730524063110352,-10.019604682922363,11.478840827941895,0.4004537761211395,9.81778621673584,-1.5911922454833984,9.333181381225586
audio_123.wav,train,45.06,16000,0.01150207594037056,0.004352869465947151,0.097686767578125,0.0,0.872249822569198,124.90548719779652,17.858172500011968,12.164275583994069,0.07494684006831086,0.03743833381208863,1374.292927329412,476.71184774830266,1633.5819344717595,356.2020770515,2948.9553761533,1153.4647478296959,-353.6756896972656,35.5922737121582,110.14607238769531,25.37307357788086,-4.732423305511475,19.414447784423828,32.307899475097656,19.990373611450195,9.714691162109375,12.359606742858887,6.482858657836914,12.049750328063965,10.354462623596191,8.921287536621094,1.9998996257781982,9.36139965057373,5.4263787269592285,9.075716018676758,6.771536827087402,9.570323944091797,-6.788518905639648,8.50411605834961,6.0841064453125,7.893317222595215,4.88994836807251,8.110207557678223
audio_5053.wav,train,60.08,16000,0.08958423882722855,0.014020604081451893,0.949981689453125,0.0,0.09211927582534611,75.13221412149176,10.08464260040835,12.857486652431817,0.4546200038272098,0.05289962196650636,3865.8203646114166,192.83450340895456,2349.809491844717,50.64175699470841,6737.449247870075,113.65027316365084,-22.662200927734375,9.024223327636719,3.2624852657318115,8.05391788482666,2.8429574966430664,4.660219192504883,1.1866425275802612,5.440552234649658,0.11519864946603775,4.126596927642822,-0.4927999675273895,3.8940865993499756,-0.2597288489341736,3.6858794689178467,-0.27254483103752136,3.576411008834839,-1.1379759311676025,3.341001510620117,-1.4575035572052002,3.474848747253418,-1.8232488632202148,3.72941255569458,-1.7888123989105225,3.809312105178833,-1.7730298042297363,3.460618734359741
audio_89.wav,train,42.54,16000,0.005906525067985058,0.005996064282953739,0.1962890625,0.4330827067669173,0.7360902255639098,116.54094037952247,13.546987774696964,17.317571001777793,0.17889743890977444,0.09635907706464412,2008.5625959939282,654.1077702341909,1613.872683962503,237.5150164756628,3856.4144736842104,866.5028490830736,-453.9179382324219,98.6885986328125,80.53775024414062,37.99125289916992,-19.639694213867188,25.714561462402344,43.490013122558594,26.49272346496582,-29.422544479370117,18.396835327148438,17.66866683959961,13.302536010742188,-20.3984317779541,13.6724853515625,1.3052678108215332,12.03967571258545,-8.807747840881348,11.862467765808105,-7.811830520629883,10.415962219238281,-4.569756507873535,9.285094261169434,-9.172648429870605,9.754804611206055,-3.9718267917633057,7.97119140625
audio_747.wav,train,60.0746875,16000,0.04037055745720863,0.04016605764627457,0.87091064453125,0.4110756123535676,0.5511182108626198,106.252996181733,197.97529773125876,44.08579040129631,0.18021894136048988,0.14924720665952626,2141.738975053995,1060.358162098627,1790.6996208332064,357.8865727235321,4144.7933306709265,1462.6086836463644,-308.4097595214844,113.92728424072266,72.44844818115234,52.49308776855469,10.014782905578613,30.18826675415039,22.355335235595703,27.207780838012695,2.0107245445251465,21.397720336914062,17.39046287536621,16.951045989990234,-13.760624885559082,20.483903884887695,8.92577075958252,13.897725105285645,-8.976930618286133,13.830763816833496,-1.4887827634811401,15.845195770263672,-1.7423323392868042,13.328678131103516,-3.112306833267212,12.624458312988281,-9.108177185058594,13.397679328918457
audio_115.wav,train,45.06,16000,0.02187010832130909,0.013172488659620285,0.232177734375,0.036905606813342796,0.8495386799148332,130.0593564629863,20.35700566978311,27.50474255365893,0.10785332294623846,0.041361018297095854,1715.2044998943657,406.6575689146778,1739.9160953542955,314.20461071163305,3475.420289212207,933.9007149602734,-273.4978332519531,43.5235481262207,88.75891876220703,19.70992088317871,-18.954933166503906,19.890430450439453,28.485647201538086,20.29104995727539,16.97610855102539,9.390799522399902,7.696874141693115,13.510566711425781,4.741995334625244,11.949525833129883,1.7630366086959839,9.83569049835205,5.5316548347473145,8.21341323852539,-1.023926019668579,8.232163429260254,-1.2767970561981201,8.009175300598145,6.5074286460876465,9.88915729522705,-5.1438140869140625,6.748931884765625
audio_235.wav,train,60.04,16000,0.027428103610873222,0.032026879489421844,0.65966796875,0.4698987746403836,0.6521044219499201,200.5789474828077,40.886415878120566,37.34274121145569,0.2098815950486148,0.16761386719248444,2190.556527327719,1258.7887857516398,1650.2231451819114,567.5293460534534,3979.0764850825785,2118.8058083960336,-422.8960876464844,150.42510986328125,57.60691833496094,53.51150894165039,-9.080120086669922,39.478458404541016,20.912548065185547,28.35858917236328,-23.58584213256836,31.759614944458008,-2.08414888381958,18.01191520690918,-9.171107292175293,16.684406280517578,-2.2021853923797607,13.34223747253418,-6.551307678222656,11.290023803710938,-7.766078472137451,11.104484558105469,-5.098594665527344,8.397381782531738,-5.425739288330078,8.82849407196045,-4.723476409912109,8.839427947998047
audio_414.wav,train,60.0746875,16000,0.04107636213302612,0.03802761808037758,0.539215087890625,0.369542066027689,0.6954206602768903,254.17759331190004,214.80731953701667,82.88853209534861,0.1677729694988019,0.116372931227601,1863.5131501280118,980.8014517734559,1511.3101647629276,402.08012850700123,3298.99660543131,1509.9714171589274,-324.4118957519531,92.1581802368164,79.08403015136719,49.81142807006836,-11.337060928344727,37.556640625,25.12809944152832,29.79444694519043,-9.159089088439941,24.209407806396484,-9.015144348144531,21.935043334960938,-10.230062484741211,24.114049911499023,-8.312174797058105,19.281572341918945,-5.875912189483643,15.01804256439209,-0.26169419288635254,13.621774673461914,-7.959139823913574,13.11292552947998,4.07519006729126,13.629138946533203,-1.3194167613983154,12.295219421386719
audio_56.wav,train,45.06,16000,0.04624564200639725,0.03320649638772011,0.590911865234375,0.11497515968772179,0.8317955997161107,119.95585059317834,31.431161769761964,61.873489985326,0.08570046353797019,0.09042625996713625,1552.2519379470048,923.3209806657679,1802.4005337904857,391.67002614426497,3237.1196327182397,1582.4837276202945,-264.9628601074219,74.33855438232422,98.1511459350586,37.973960876464844,24.913042068481445,27.9197998046875,27.11204719543457,24.93226432800293,4.9002532958984375,22.812660217285156,9.795989036560059,13.75907039642334,16.35074806213379,12.028109550476074,-2.495548725128174,13.290596008300781,-1.3173969984054565,11.290993690490723,5.173582077026367,10.941256523132324,0.6601314544677734,9.280340194702148,5.35025691986084,8.37099838256836,-1.7613554000854492,8.92231273651123
audio_43.wav,train,45.12,16000,0.009956300258636475,0.005271140486001968,0.0880126953125,0.001417434443656981,0.6966690290574061,150.26442824298348,113.85255633817462,38.051718521506785,0.08790273686658398,0.06856646114068093,1507.7436746831515,749.0413104332819,1690.1348464189007,386.3821579290471,3085.793541814316,1412.7913664669272,-383.826904296875,46.53769302368164,100.0536880493164,32.26355743408203,0.7782623767852783,20.12937355041504,26.02509117126465,17.852619171142578,10.901226997375488,13.032353401184082,1.4240463972091675,11.82021427154541,-8.494674682617188,9.256827354431152,-2.6627979278564453,7.717289447784424,-7.553950309753418,10.401036262512207,5.0134453773498535,9.65061092376709,7.108728408813477,8.305510520935059,8.65786361694336,8.468015670776367,1.6820042133331299,9.012792587280273
audio_394.wav,train,60.0746875,16000,0.039567891508340836,0.043051768094301224,0.95294189453125,0.4073482428115016,0.28008519701810436,186.06888929891866,712.6749110567496,64.11574895134237,0.23566200329472844,0.11662771889705599,2411.1192066625376,982.4983067245014,1696.3490891040506,386.58090507298175,4161.16713258786,1485.0296200649398,-311.6382751464844,156.31365966796875,44.13383483886719,57.667240142822266,-26.46268081665039,39.8629150390625,21.63453483581543,35.723793029785156,3.3700313568115234,24.069826126098633,-13.246066093444824,22.913053512573242,-11.021771430969238,16.802017211914062,1.6142878532409668,15.424805641174316,0.9226758480072021,15.994851112365723,-8.484911918640137,12.486681938171387,-9.312881469726562,11.951723098754883,-6.081707954406738,11.799452781677246,-2.832766532897949,9.58828353881836
audio_423.wav,train,60.0746875,16000,0.05832275375723839,0.05031878128647804,0.9884033203125,0.3285410010649627,0.7571884984025559,270.8517709358815,46.1086351591223,36.323354183760216,0.15722604249866878,0.14873064096742294,1754.3466779237165,1216.7899821132332,1446.5898601942536,578.1314641438871,3117.890541799787,1942.09307677331,-331.05963134765625,97.19023895263672,77.36784362792969,52.14180374145508,5.990940093994141,37.230709075927734,5.545867443084717,31.874652862548828,-33.683738708496094,33.53371810913086,-19.37271499633789,23.938322067260742,2.577428102493286,12.550691604614258,-3.2483651638031006,14.55044174194336,-16.649337768554688,15.812922477722168,-6.680116176605225,11.007701873779297,-7.488708019256592,11.214346885681152,0.7486883401870728,9.540304183959961,-1.1242680549621582,9.905050277709961
audio_579.wav,train,60.0106875,16000,0.0347038134932518,0.03832974657416344,0.92913818359375,0.5127931769722814,0.5991471215351812,210.06515286029162,58.677937139843074,23.319802718418913,0.10561658781982942,0.08055216229149118,1396.2438202149717,793.2619671006886,1347.0572102922404,504.81484846244524,2624.5419109808104,1467.2180756499897,-365.9521789550781,113.46265411376953,88.46460723876953,56.65182876586914,0.053005583584308624,33.667747497558594,19.927459716796875,27.37270736694336,3.9169962406158447,18.23276138305664,-5.33215856552124,18.045557022094727,-7.963489055633545,13.828910827636719,-5.951352596282959,14.557419776916504,-5.73044490814209,15.211895942687988,-3.1320340633392334,9.881111145019531,-3.7980751991271973,9.93492317199707,-3.5346221923828125,10.112436294555664,-2.2156453132629395,8.78042984008789
audio_172.wav,train,60.0746875,16000,0.049965377897024155,0.05483219772577286,0.9361572265625,0.43077742279020237,0.593716719914803,180.77186920887385,179.6430767105819,28.797773952473477,0.17014391556842384,0.13820438381123645,1936.3393732574214,1196.0321962317332,1594.56323342834,520.0477727193227,3507.0345780085195,1896.1920464268046,-334.62286376953125,133.08656311035156,70.22798156738281,62.67402267456055,5.37833309173584,42.890281677246094,8.42251968383789,26.265609741210938,-5.129993438720703,19.778581619262695,-1.9119011163711548,19.37767219543457,-14.396068572998047,17.130876541137695,-2.5520849227905273,13.541657447814941,-6.524369239807129,15.773589134216309,-4.648125171661377,11.694631576538086,-6.558813095092773,10.829639434814453,-5.604804515838623,12.126310348510742,-1.7097092866897583,11.083897590637207
audio_144.wav,train,60.08,16000,0.02557525224983692,0.024728581309318542,0.656524658203125,0.4749733759318424,0.5324813631522897,90.38593460443693,13.356193539654345,15.290214608124415,0.12911373053115016,0.10892338136575107,1742.2298157318091,1031.7468278758024,1742.45599884371,320.36159550429215,3317.4254526091586,1615.870426189557,-303.7464904785156,55.24005126953125,90.95747375488281,47.51094055175781,7.189658164978027,21.74472999572754,20.900421142578125,17.54905891418457,15.354534149169922,15.42577838897705,9.43128490447998,12.372177124023438,0.9411575198173523,13.825209617614746,1.5452306270599365,11.004857063293457,4.228005409240723,10.418743133544922,-1.2745543718338013,10.69404411315918,-13.169940948486328,11.69793701171875,2.4737496376037598,9.482198715209961,6.412606716156006,8.009714126586914
audio_151.wav,train,59.9466875,16000,0.059503309428691864,0.06770019978284836,0.996795654296875,0.47491995731056563,0.6894343649946638,223.84553226259098,71.4932434466409,34.04013099463427,0.06335227746464782,0.05000504463487265,1459.1078858709488,1049.0997478276688,1304.9951893473974,699.728705357617,2728.8845717716117,2143.519458963659,-390.2038269042969,115.28253936767578,77.29467010498047,65.47022247314453,-0.9736860394477844,27.28636932373047,0.07704825699329376,31.373817443847656,-16.198230743408203,25.88814353942871,-4.916444301605225,15.231207847595215,-11.616109848022461,14.948871612548828,-17.68549919128418,17.750587463378906,-10.542391777038574,13.630478858947754,-7.986084461212158,10.540399551391602,-8.630892753601074,10.591048240661621,-9.084135055541992,10.174947738647461,-5.563072204589844,9.425984382629395
audio_65.wav,train,60.06,16000,0.017422448843717575,0.02053283341228962,0.6038818359375,0.5460841768779968,0.62226957911561,128.565497341737,17.295016850611272,16.443417810641932,0.15559158772309536,0.08597515733733148,1961.8192646523935,658.1569653745253,1754.3821539370083,316.86098839949506,3978.310635322323,1170.9675887187345,-348.65155029296875,79.89155578613281,74.83751678466797,32.39474868774414,-21.49683380126953,23.28400993347168,18.047094345092773,20.3879337310791,-7.716497898101807,20.7929630279541,5.811204433441162,13.554829597473145,-12.502503395080566,13.882631301879883,-4.657588958740234,13.750365257263184,-6.773359298706055,9.195588111877441,-4.1526594161987305,12.710755348205566,-6.147332191467285,7.577922344207764,-1.7894561290740967,7.25679349899292,-9.197113037109375,7.713581562042236
audio_481.wav,train,60.6576875,16000,0.040812987834215164,0.04218514263629913,0.615692138671875,0.40875527426160335,0.6967299578059072,122.75968568932456,12.677436594739557,10.670416462744768,0.12383595398206751,0.10830076698736182,1561.0676335252854,1069.952702869843,1267.9174002939433,482.95414351638783,2831.713970200422,1721.1480306682893,-362.0652770996094,145.21560668945312,99.38446807861328,68.61507415771484,-18.003162384033203,35.454689025878906,29.821929931640625,31.248519897460938,-11.684722900390625,22.084121704101562,-6.510185718536377,17.468313217163086,-3.9121057987213135,14.321979522705078,-15.28919506072998,15.605672836303711,-4.720023155212402,11.360474586486816,-6.222988128662109,11.199238777160645,-9.880824089050293,9.821837425231934,-6.910752296447754,9.559859275817871,-8.098052024841309,9.078278541564941
audio_262.wav,train,60.08,16000,0.03449919447302818,0.03158687800168991,0.68572998046875,0.2832800851970181,0.6501597444089456,222.55627686642293,27.039276194384676,23.2841693945185,0.17488190769768372,0.16420322692167022,1972.6992802493673,1367.6215569039155,1716.451981445705,562.4767386869926,3643.1085263578275,2227.317240454168,-372.3712158203125,122.03414916992188,80.78567504882812,64.40542602539062,26.17800521850586,42.25465393066406,13.672353744506836,29.443004608154297,-13.262567520141602,29.40481185913086,-2.0958962440490723,16.301610946655273,-11.433398246765137,15.466893196105957,-3.372483491897583,12.990793228149414,-8.745681762695312,12.494919776916504,-5.874800205230713,9.749055862426758,-4.918905735015869,8.996216773986816,-6.710156440734863,9.755051612854004,-4.525938034057617,8.547812461853027
audio_229.wav,train,46.57075,16000,0.033868324011564255,0.030402423813939095,0.7188720703125,0.34065934065934067,0.584478021978022,108.1102658399776,24.115083523914773,44.17699996123804,0.15873299064217034,0.0839320442515104,1540.5511795261377,550.3527007562805,1113.4156255530233,224.23667088674975,2743.925995879121,779.0193381273245,-349.9628601074219,150.42478942871094,111.19316864013672,66.9750747680664,-50.83164596557617,44.943939208984375,46.732078552246094,32.09468460083008,-13.845027923583984,24.876312255859375,-7.161703109741211,15.835784912109375,1.7584340572357178,14.44636058807373,-21.686464309692383,19.07101058959961,11.492959022521973,12.70378589630127,-11.97219181060791,13.404329299926758,-3.3464624881744385,9.756068229675293,4.266077041625977,7.684394836425781,-14.753464698791504,12.864119529724121
audio_22.wav,train,45.06,16000,0.0158159788697958,0.012012031860649586,0.221160888671875,0.27750177430801987,0.6997870830376153,114.87059514454882,179.50006552379355,11.983223818081896,0.13698836164833214,0.14375440600133985,1868.9454642090734,1228.9310900533396,1674.8424060177774,487.7393126196791,3470.186080553584,1933.848533938731,-386.44873046875,112.1401138305664,90.41877746582031,64.93785858154297,1.9617924690246582,37.516788482666016,19.033903121948242,27.605684280395508,13.079197883605957,19.162548065185547,5.423465728759766,16.29589080810547,0.15476849675178528,13.659446716308594,-6.009542465209961,15.323493003845215,-6.147180080413818,14.2475004196167,-0.23810449242591858,12.451661109924316,1.9656102657318115,10.948737144470215,0.6346164345741272,10.221585273742676,-6.702325820922852,10.66185474395752
audio_434.wav,train,60.0746875,16000,0.10000622272491455,0.07143104076385498,0.94329833984375,0.22310969116080936,0.8359957401490948,229.0776735576574,28.30430493998167,33.39697600181481,0.11854288346978169,0.10657418207312191,1607.2367483230385,1008.2826945330354,1476.1089906717716,465.59383163853323,3032.8724041533546,1725.9750009849922,-267.9288330078125,79.61970520019531,78.94137573242188,49.450748443603516,7.419169902801514,40.47891616821289,25.476224899291992,36.3292236328125,-7.657261371612549,22.434932708740234,5.809638023376465,18.518024444580078,-15.36892032623291,21.729511260986328,-19.411977767944336,18.168106079101562,-10.675336837768555,17.470853805541992,-11.70955753326416,13.249373435974121,-8.547569274902344,11.215538024902344,-5.419371604919434,12.83569049835205,0.10922186076641083,13.396283149719238
audio_488.wav,train,60.0746875,16000,0.04353165626525879,0.036115050315856934,0.96783447265625,0.2933972310969116,0.8333333333333334,249.81097439559304,182.77528846767774,23.36401240524799,0.1040962064862886,0.07831750286525886,1406.3868611380447,766.1486500964501,1317.1071602207223,470.70520726584834,2554.4586994142705,1517.8878296330372,-337.72283935546875,89.74679565429688,112.91243743896484,49.71168899536133,-9.441309928894043,42.144344329833984,16.07278060913086,30.16461944580078,-22.79035186767578,22.44529151916504,-18.669124603271484,23.478044509887695,-5.133585453033447,17.175413131713867,-8.790841102600098,15.68288803100586,-5.13502311706543,13.25149154663086,-9.186687469482422,12.78492259979248,-8.2489595413208,11.517988204956055,-4.265901565551758,10.476975440979004,-10.66213607788086,10.367293357849121
audio_439.wav,train,60.0746875,16000,0.03367653861641884,0.04576224833726883,1.0,0.5995740149094781,0.6554845580404686,127.08879665595002,218.57807304783228,158.37432638759975,0.1566623610556443,0.10977034462683652,1753.9374954858001,935.7561369140533,1506.625280512666,460.4344487036324,3216.0875931842384,1548.9912488472135,-364.7602233886719,114.23355865478516,72.98665618896484,61.9704704284668,2.2069993019104004,31.823205947875977,20.880125045776367,28.98141860961914,-1.5912189483642578,18.232282638549805,-0.611083984375,19.249284744262695,-0.7095582485198975,20.56264305114746,-2.8010194301605225,16.162954330444336,0.8546783328056335,14.238828659057617,-2.514707088470459,16.16226577758789,-1.878082513809204,10.996000289916992,-0.36186301708221436,11.6716947555542,-3.2717833518981934,10.023064613342285
audio_160.wav,train,60.08,16000,0.034727711230516434,0.03887515142560005,0.68475341796875,0.46325878594249204,0.5218317358892439,179.73069985652097,55.93365365038464,20.77485262647801,0.24519830770766773,0.16844708467464956,2579.6545010518817,1233.3592605939402,1891.9667949396285,380.47253591372356,4640.171558839191,1611.4775486654967,-331.2634582519531,141.4523162841797,34.90867233276367,57.193939208984375,-3.6490209102630615,38.8542366027832,0.551193356513977,35.29573440551758,-16.941953659057617,19.865217208862305,-14.51284408569336,19.961835861206055,-12.55400276184082,15.121804237365723,-14.949075698852539,17.045515060424805,-6.583324909210205,15.63953971862793,-8.968561172485352,11.769432067871094,-12.768599510192871,10.946755409240723,-7.406039714813232,12.318180084228516,-2.1955132484436035,9.279772758483887
audio_594.wav,train,60.0746875,16000,0.04535358026623726,0.04068225249648094,0.88665771484375,0.38498402555910544,0.6858359957401491,255.6500291307247,59.91322119763514,40.91703615989613,0.15217188956003727,0.12456686662032292,1969.85554162892,1111.0951801990082,1664.083024326287,473.4885980677586,3675.2529286474974,1652.0334549931113,-286.2556457519531,97.70563507080078,89.91255950927734,40.8585090637207,-7.524158000946045,42.926673889160156,19.910634994506836,35.44129180908203,-9.327988624572754,30.941028594970703,2.7330758571624756,16.254230499267578,-0.8839959502220154,14.686324119567871,-6.5554728507995605,15.725215911865234,-3.6626813411712646,12.277569770812988,-2.6663401126861572,11.58653450012207,-2.654214382171631,10.133816719055176,-1.214982032775879,11.661909103393555,1.2619184255599976,11.481396675109863
audio_651.wav,train,61.0346875,16000,0.040682610124349594,0.038872621953487396,0.58660888671875,0.4109014675052411,0.7306079664570231,173.60841241450115,30.404238845561245,53.68307255292383,0.11508236291273585,0.14431709959463007,1509.0635200152603,1263.8933151535707,1462.998882361565,445.05206784168854,2650.063056865828,1923.1451584462934,-373.1004638671875,121.8100814819336,75.46588134765625,55.733524322509766,34.36183166503906,34.8463249206543,29.31512451171875,31.15140724182129,3.6624245643615723,22.70018196105957,-7.268415927886963,18.380767822265625,-26.75778579711914,24.21880340576172,6.437128067016602,16.0321102142334,-8.725316047668457,12.643697738647461,-7.386931896209717,9.869507789611816,-5.526845455169678,8.541468620300293,-8.297510147094727,10.115856170654297,-8.575407981872559,9.802614212036133
audio_569.wav,train,60.0746875,16000,0.03762499615550041,0.04019644111394882,0.591033935546875,0.4478168264110756,0.7097976570820022,143.47872767421205,19.20083549368835,18.245114419144983,0.09896951336195421,0.06451221853129518,1422.3322834586222,686.8263935008413,1511.3718056995863,375.56659358053287,2707.2267705005324,1267.391801142683,-329.3268737792969,87.94483184814453,109.8230972290039,34.87430953979492,1.1449867486953735,26.22635841369629,11.964421272277832,26.914043426513672,6.761776924133301,13.660992622375488,-6.338010311126709,17.026931762695312,-4.445932865142822,14.936994552612305,-6.766287326812744,16.43513298034668,-5.003320693969727,16.447675704956055,6.754951477050781,13.587342262268066,0.4804641306400299,10.23548412322998,-5.061420440673828,9.868724822998047,-3.725409984588623,9.29765796661377
audio_440.wav,train,60.0746875,16000,0.04540055990219116,0.047905925661325455,0.682464599609375,0.47550585729499467,0.6693290734824281,121.34967043801211,27.98942448371092,12.024556962214533,0.09323311867678381,0.04127729126617296,1206.4908280548677,406.11143122847045,1276.2322540284667,303.5024503649334,2366.226537539936,1001.8830139809853,-306.6445617675781,57.36760330200195,120.65512084960938,26.771238327026367,-6.372949123382568,15.455060005187988,17.854724884033203,27.601043701171875,-10.723029136657715,17.384506225585938,-9.463614463806152,12.26148796081543,-1.4823883771896362,13.133493423461914,-4.441434383392334,12.894343376159668,-2.7048399448394775,11.137788772583008,-10.364808082580566,11.759840965270996,-7.810783863067627,9.273786544799805,-11.845293045043945,9.359079360961914,-2.8200511932373047,8.265134811401367
audio_658.wav,train,60.0746875,16000,0.04937153682112694,0.0473465733230114,0.8763427734375,0.3498402555910543,0.6096911608093717,133.09934981412218,461.3942407756261,21.800607128568046,0.17208378053447818,0.12656858345370134,1610.8918670144112,1016.6129095622484,1365.916048757631,601.9588974954577,2839.5359092119274,1980.1970021201223,-345.23529052734375,100.8541488647461,109.16304016113281,66.68513488769531,-17.81972312927246,42.582889556884766,-4.8180036544799805,37.46794509887695,27.97580909729004,30.22200584411621,-4.721211910247803,18.86261749267578,-17.238662719726562,18.32989501953125,-4.923316478729248,14.316311836242676,-10.408060073852539,15.239124298095703,-17.26995849609375,14.42122745513916,-16.495243072509766,12.729697227478027,-1.4295564889907837,10.587260246276855,-9.948516845703125,9.400287628173828
audio_274.wav,train,39.0613125,16000,0.045535799115896225,0.05454147234559059,0.7615966796875,0.5126945126945127,0.41850941850941853,186.06888929891866,415.0193037909537,31.00931478002974,0.1583714840550778,0.14567425924018632,2034.3686452038387,1308.622447428941,1351.812925196823,647.8541530859983,3448.23019041769,2022.6856135563141,-374.08612060546875,168.11972045898438,32.270233154296875,53.823856353759766,-15.965859413146973,34.48354721069336,28.90336036682129,37.06352615356445,-12.769691467285156,22.25373649597168,-6.901889324188232,16.862855911254883,-13.0094633102417,16.81475067138672,2.413264751434326,12.819067001342773,-17.85621452331543,18.398244857788086,-7.862330913543701,12.877327919006348,-0.36212289333343506,10.642239570617676,-6.213242530822754,13.541365623474121,-6.5150017738342285,10.383842468261719
audio_5065.wav,train,60.0746875,16000,0.10545282810926437,0.022477367892861366,0.95001220703125,0.0,0.5905218317358892,96.87324609557632,22.60130788018002,29.87793483912712,0.4571105502030085,0.062041091322186444,3865.209438302211,220.35198617555272,2355.42718203634,62.2224841733158,6744.891506922258,117.77550201641483,-6.362728595733643,9.3096284866333,4.197484016418457,10.256047248840332,4.779463291168213,5.619737148284912,2.662222146987915,4.465062618255615,1.0002206563949585,4.592912673950195,-0.5096763372421265,3.9188482761383057,-1.5854201316833496,4.154333591461182,-2.1512839794158936,4.396533489227295,-2.315938949584961,4.071734428405762,-1.7744135856628418,4.0260210037231445,-1.0807735919952393,3.9923174381256104,-0.4208658039569855,3.7257533073425293,-0.1821112036705017,3.4947993755340576
audio_158.wav,train,60.08,16000,0.05445685610175133,0.04630006104707718,0.69183349609375,0.2832800851970181,0.6741214057507987,226.44649206156825,32.273855478610784,29.29883969869391,0.22426435411674653,0.18225010825333615,2506.9508492616214,1349.6235543196813,1737.5634709519134,411.96947766606087,4381.80161741214,1767.5653294275223,-289.545654296875,115.10957336425781,28.875444412231445,69.2386474609375,-2.2929916381835938,45.308712005615234,4.6528449058532715,34.47357177734375,-18.419042587280273,24.713237762451172,-6.254519462585449,21.571903228759766,-18.86391830444336,18.47352409362793,1.7513974905014038,16.566946029663086,-15.839396476745605,19.15421485900879,-5.817722320556641,14.1118803024292,-18.422033309936523,15.525979042053223,-2.7471446990966797,12.166542053222656,-10.572787284851074,12.60865592956543
audio_493.wav,train,60.0746875,16000,0.04609288275241852,0.04042446240782738,0.742950439453125,0.3248136315228967,0.7465388711395101,122.75968568932456,69.85469201789671,17.22963585909025,0.11539739541733227,0.1067489143349597,1462.2614389786806,1085.350348750192,1507.8797499875318,533.2075490097611,2712.6514243876463,1961.393536737619,-358.9598083496094,85.18315887451172,106.03010559082031,57.769996643066406,24.79751968383789,28.131593704223633,15.151991844177246,25.309253692626953,19.40533447265625,21.50896453857422,10.213974952697754,17.208017349243164,-20.14061737060547,25.003944396972656,-11.480862617492676,16.12489128112793,-11.276633262634277,16.481731414794922,-7.36223030090332,14.206355094909668,-0.13589084148406982,13.628691673278809,2.7357141971588135,11.726840019226074,-4.093604564666748,10.111236572265625
audio_646.wav,train,60.0746875,16000,0.05642470344901085,0.040914494544267654,0.927978515625,0.2167199148029819,0.7034078807241747,112.57112811964524,8.98422737464794,9.15853864017366,0.15639378036807774,0.13747812094019787,1822.495214139984,1416.7882101635164,1543.5358076938585,529.6269508632981,3176.538371938232,2135.964965799874,-316.7359619140625,86.59556579589844,84.10433959960938,78.30612182617188,28.965726852416992,43.70930862426758,20.968746185302734,34.725433349609375,21.175045013427734,25.908239364624023,6.82322359085083,21.14763641357422,-12.038437843322754,24.025390625,-4.0163350105285645,18.12473487854004,-0.48540225625038147,18.022926330566406,-16.860694885253906,17.401832580566406,-30.370281219482422,14.117749214172363,-1.339515209197998,13.461531639099121,2.3695461750030518,11.688714981079102
audio_64.wav,train,60.06,16000,0.03728517144918442,0.03749989718198776,0.774993896484375,0.4778902503995738,0.7517314864144912,131.5705733911144,16.57069599262786,16.92524673055719,0.11853033847229622,0.10409434578660413,1837.0451001493766,938.3289279134411,1804.9823341549384,431.08739999204715,3717.0351624933405,1576.6786182085923,-284.9012451171875,90.90058898925781,90.78271484375,39.4195442199707,-3.7944698333740234,32.26986312866211,8.574456214904785,22.37028694152832,2.515472650527954,16.700546264648438,-1.197722315788269,12.261250495910645,-7.212472915649414,12.115433692932129,-9.47713851928711,14.609273910522461,-11.038572311401367,9.82371711730957,-8.13296127319336,11.319293975830078,-4.38687801361084,9.669194221496582,-6.843799114227295,7.731868743896484,-13.444476127624512,7.93330192565918
audio_451.wav,train,59.584,16000,0.02259226329624653,0.02877921424806118,1.0,0.5872249060654858,0.5764895330112721,127.08879665595002,37.798854248958065,36.49855076442631,0.11074260685050993,0.09420680577391108,1457.0156273714001,828.8003045906261,1457.4048900423943,353.99086475185516,2671.6611312399355,1353.7729070778482,-368.092041015625,83.08240509033203,105.82356262207031,40.30467987060547,0.9891270995140076,26.043331146240234,12.935250282287598,27.077167510986328,6.378352165222168,15.432710647583008,-7.242806911468506,21.70081329345703,-8.07201099395752,17.293617248535156,-11.178887367248535,17.696556091308594,-4.828157901763916,11.718850135803223,-8.923568725585938,12.830397605895996,-9.562477111816406,10.606673240661621,1.4813423156738281,12.076848983764648,-5.090150833129883,9.675128936767578
audio_277.wav,train,60.0746875,16000,0.051871564239263535,0.05121293291449547,0.9537353515625,0.40308839190628326,0.6437699680511182,105.03257643014581,67.03359553121904,27.312838433098122,0.21222346329206604,0.17387748085514412,2545.3572364159045,1312.1234613818979,1988.6192640685126,401.35336396579805,4798.405883919063,1802.1583672651702,-293.86505126953125,149.3717803955078,46.91897964477539,61.678955078125,23.40283966064453,39.80592346191406,10.304914474487305,32.297523498535156,9.573101997375488,23.373239517211914,-1.3215434551239014,22.068450927734375,-7.112292766571045,18.852697372436523,13.288765907287598,17.355260848999023,-7.402503967285156,14.497790336608887,-7.090602397918701,15.12861442565918,-7.638552665710449,14.284181594848633,-2.2525436878204346,13.149127006530762,-14.79962158203125,14.227313041687012
audio_491.wav,train,60.0746875,16000,0.04979582875967026,0.03919169679284096,0.70654296875,0.3354632587859425,0.7598509052183173,221.27444703492776,78.6112120518601,29.67464485719779,0.13038175377728967,0.08291725236047276,1768.9391899239608,817.0401521420937,1629.0231889611143,410.15767788364894,3439.3262446751864,1469.8688200841787,-284.8172607421875,95.52903747558594,83.2497329711914,36.87553024291992,-1.92434823513031,34.10793685913086,16.129714965820312,34.18218231201172,-11.264924049377441,24.384077072143555,1.5263676643371582,20.735109329223633,-11.192975044250488,22.56344223022461,-3.4416255950927734,13.95603084564209,-8.271376609802246,16.447694778442383,-5.771886825561523,14.501225471496582,-3.314601421356201,13.657450675964355,-7.6466546058654785,14.057806015014648,4.879993438720703,14.216495513916016
audio_52.wav,train,45.06,16000,0.04507053270936012,0.02853674627840519,0.56573486328125,0.14691270404542228,0.8232789212207239,99.71184887709214,13.963785329239531,15.339341903123682,0.1298706834412704,0.1319674331462074,1868.9393797396006,1202.8227289857557,1808.7012835236576,415.8707125469578,3686.5851224272533,1879.2928810426672,-267.4813537597656,78.04780578613281,82.59093475341797,50.8021354675293,24.48802375793457,28.183856964111328,35.436397552490234,23.45073699951172,11.197904586791992,18.42957305908203,4.851536273956299,14.077361106872559,-8.603585243225098,13.446348190307617,-3.284663438796997,13.432909965515137,-10.173714637756348,14.782196998596191,-18.829559326171875,14.655041694641113,7.8233962059021,12.362786293029785,-0.17722296714782715,8.65688419342041,-6.45178747177124,9.677411079406738
audio_743.wav,train,24.128,16000,0.005186802241951227,0.007683209143579006,0.19671630859375,0.6079470198675496,0.12847682119205298,81.93226047174862,15.897184604554914,14.905325025619518,0.21711377276490065,0.0931381706927803,2258.9681268125673,778.1276841036698,1679.4945518969748,412.9787102772279,4169.898592715232,1256.7399225840002,-532.2404174804688,138.32339477539062,65.91039276123047,53.969207763671875,-12.787453651428223,29.82888412475586,29.901655197143555,29.574302673339844,-15.4435396194458,23.160432815551758,1.6781878471374512,22.142545700073242,-18.933555603027344,22.42521095275879,8.063258171081543,15.165008544921875,-9.736425399780273,13.207944869995117,4.6735334396362305,13.817401885986328,-11.555543899536133,12.014467239379883,4.334349632263184,10.43305778503418,-4.232069969177246,9.765043258666992
audio_243.wav,train,60.08,16000,0.025822332128882408,0.03208839148283005,0.69805908203125,0.5122470713525027,0.44195953141640043,158.2826938011902,27.408946488320332,22.679426256413564,0.10144991971179446,0.1455729259889003,1426.5553985047918,1432.9150074121678,1055.3470225117394,836.0461068775102,2563.315362087327,2312.5866948533744,-440.3644104003906,176.21458435058594,34.6011848449707,53.55404281616211,-2.064093828201294,33.020687103271484,23.03882598876953,34.83729553222656,-15.037885665893555,26.434371948242188,4.902675628662109,13.711311340332031,-12.768397331237793,18.7511043548584,-9.650335311889648,14.885953903198242,-6.1074724197387695,13.64907169342041,-6.797072887420654,12.103415489196777,-9.79096794128418,12.15768051147461,-4.355388164520264,11.524142265319824,-4.007679462432861,8.294034957885742
audio_661.wav,train,60.0746875,16000,0.052552543580532074,0.05593447387218475,0.942535400390625,0.4414270500532481,0.6986155484558041,161.9823763910578,293.3958111468733,66.50849841208279,0.09297857802515974,0.11132133599268741,1357.8736261116233,1061.9654256567567,1412.0571186018308,660.3226071548153,2653.857993876464,1869.5988618003346,-371.64093017578125,130.82716369628906,91.68889617919922,76.66175842285156,19.858739852905273,35.278228759765625,11.971553802490234,28.758094787597656,7.128337383270264,20.521373748779297,-6.656306266784668,23.235198974609375,-9.977814674377441,22.225746154785156,-0.5972177386283875,14.37414836883545,-1.8140732049942017,14.793317794799805,-4.718417167663574,14.477814674377441,-6.198762893676758,12.440524101257324,1.766975998878479,9.638130187988281,-2.2057981491088867,10.063481330871582
audio_456.wav,train,60.0746875,16000,0.06109870970249176,0.05583326518535614,0.7708740234375,0.3301384451544196,0.751863684771033,244.1052838549259,76.85426579692736,50.44392025801764,0.10893689887846113,0.06021482972784295,1397.3490994385384,670.5759803680985,1355.9297292471858,455.7125435954046,2581.561168796592,1417.714739697955,-310.5860900878906,92.5361099243164,100.44021606445312,34.07692337036133,-4.436086177825928,34.38076400756836,0.07282878458499908,29.85698699951172,-32.59814453125,31.663068771362305,-10.270916938781738,19.62696075439453,-13.702807426452637,18.437368392944336,-2.0785434246063232,13.488395690917969,-6.9468817710876465,16.622846603393555,-10.776060104370117,10.579157829284668,-2.33249568939209,10.848732948303223,-7.690312385559082,13.250240325927734,9.282952308654785,10.715286254882812
audio_90.wav,train,39.3,16000,0.013226255774497986,0.009445392526686192,0.238983154296875,0.2229454841334418,0.516680227827502,109.99999999999999,21.355386058113528,21.182197174949124,0.10773017951586655,0.09991768927726778,1626.9109954086327,875.1619530958835,1713.8739461607063,443.30020317195726,3318.030410903173,1556.5718842998035,-366.97186279296875,66.40612030029297,97.7058334350586,40.84382629394531,6.170969486236572,27.54253578186035,37.858741760253906,22.109567642211914,14.604867935180664,12.744816780090332,2.6650192737579346,10.74240779876709,-3.313892364501953,11.0584077835083,-8.98100757598877,13.474884033203125,-5.2223968505859375,9.111435890197754,-1.681510329246521,9.362199783325195,-4.598998546600342,8.536453247070312,4.350604057312012,6.92214822769165,4.02664041519165,8.2522554397583
audio_735.wav,train,60.0746875,16000,0.011051474139094353,0.019780419766902924,0.8900146484375,0.7247071352502662,0.4504792332268371,540.1435504629056,596.1710635059671,945.5813981119732,0.29345209123735355,0.15313962099312875,2658.4528680936173,962.0459582821933,1602.7049970504659,316.12195211353054,4366.222377529287,1185.9446610574767,-475.65966796875,111.82088470458984,19.232833862304688,41.072723388671875,-18.155900955200195,34.72993087768555,3.5392112731933594,34.81785202026367,-24.474563598632812,28.963708877563477,-5.998441696166992,21.566463470458984,-19.025638580322266,23.64512825012207,-7.592729091644287,21.00467872619629,-9.652701377868652,18.258525848388672,-9.654123306274414,16.874774932861328,1.308658480644226,12.736287117004395,-1.4353355169296265,10.608054161071777,-3.57770037651062,9.821688652038574
audio_775.wav,train,60.0746875,16000,0.04909313842654228,0.0513017401099205,0.934722900390625,0.41373801916932906,0.6719914802981896,161.9823763910578,36.514154127456194,28.59579863613118,0.14749369758386582,0.14988408396254263,1909.2674168957442,1155.7508025378572,1626.189768823316,395.87502107523346,3521.698615548456,1625.0636485437028,-335.85235595703125,142.22854614257812,51.4002685546875,53.78680419921875,10.02742862701416,36.28999328613281,31.21031951904297,34.134788513183594,-13.686594009399414,28.57222557067871,-10.4599027633667,20.18624496459961,-15.977367401123047,18.790102005004883,-4.900192737579346,14.57937240600586,-5.602746963500977,13.857820510864258,-7.4390082359313965,11.408860206604004,2.035658597946167,10.757710456848145,-7.466224670410156,11.539318084716797,0.29379287362098694,9.806220054626465
audio_587.wav,train,60.0746875,16000,0.07152504473924637,0.06749829649925232,0.890899658203125,0.4020234291799787,0.8935037273695421,165.76853496220332,23.107069167059706,40.979755234950886,0.12215507271698615,0.12457796530931553,1640.6014396207343,1067.2963685988534,1556.1564417395875,525.8742787479353,3138.794595314164,1791.3545502055538,-316.08306884765625,115.11570739746094,91.60509490966797,58.73566436767578,7.195705413818359,35.17406463623047,21.060394287109375,30.1551456451416,2.5790953636169434,17.21516990661621,-9.545269966125488,19.957054138183594,-4.637345790863037,16.9334659576416,2.471625804901123,14.683579444885254,-13.772486686706543,15.156281471252441,-14.54134464263916,16.926286697387695,2.1340649127960205,10.901906967163086,-1.8167686462402344,9.44846248626709,-1.024202823638916,10.724934577941895
audio_103.wav,train,45.06,16000,0.011970298364758492,0.009392945095896721,0.3487548828125,0.31369765791341375,0.6408800567778566,201.74088950502764,28.539722906640144,18.19831916663,0.15477233410220015,0.12030887795622051,2049.0406160849834,974.2393275303625,1696.036864271969,354.21796963031034,3778.3279364797727,1523.628835862758,-427.794189453125,116.84146881103516,65.14845275878906,47.29837417602539,-2.9848997592926025,36.847068786621094,28.128416061401367,33.1541748046875,-15.916011810302734,22.65488052368164,8.692621231079102,19.845741271972656,-7.390895366668701,16.076480865478516,-0.7406250834465027,15.261184692382812,-12.250046730041504,14.121917724609375,-6.380537033081055,11.961285591125488,-14.517291069030762,11.556952476501465,-1.487238883972168,9.682058334350586,-6.166001796722412,9.680432319641113
audio_111.wav,train,44.64,16000,0.022044917568564415,0.020030856132507324,0.433837890625,0.2979942693409742,0.747134670487106,109.99999999999999,17.80589159664627,12.7147659845362,0.14644485080139685,0.10672926112247366,1797.4719485584346,931.0626340139257,1417.9519377910979,459.702516069456,3275.1611747851002,1469.9307719573997,-394.9712219238281,142.87149047851562,87.64179229736328,68.37510681152344,-14.195035934448242,50.16779327392578,32.31019973754883,44.98091506958008,-15.689654350280762,35.61033630371094,0.44013726711273193,19.73413848876953,-4.258863925933838,20.17503547668457,-12.368376731872559,17.672611236572266,0.6648990511894226,12.744131088256836,-4.454934597015381,14.743866920471191,-3.774894952774048,11.803506851196289,-2.221214532852173,10.203556060791016,-3.148550033569336,11.745927810668945
audio_421.wav,train,60.0746875,16000,0.06291554123163223,0.06992482393980026,0.940582275390625,0.4787007454739084,0.5452609158679447,229.0776735576574,87.24344193309305,139.2359138044818,0.13904029594315762,0.11678824852702512,1793.2919071412832,1029.5852065677261,1758.0433537151962,428.58532356468373,3441.285609691161,1733.6306767050417,-289.7276916503906,103.52174377441406,87.65314483642578,44.98377227783203,14.979729652404785,29.196870803833008,13.394220352172852,26.353818893432617,1.5468758344650269,18.712095260620117,-12.873499870300293,23.931541442871094,-9.002179145812988,15.161325454711914,-4.636332988739014,15.600488662719727,-7.971083641052246,14.673284530639648,-14.583688735961914,16.635509490966797,-2.9085047245025635,11.116294860839844,0.19733349978923798,11.248307228088379,-3.417630195617676,9.495359420776367
audio_683.wav,train,60.0746875,16000,0.04584084078669548,0.033302947878837585,0.770294189453125,0.21352502662406816,0.6576144834930777,155.56349186104043,24.66183104461439,17.32985349513845,0.2626893324846912,0.212930484474694,2607.1460056908227,1518.9155663466754,2079.0478088672407,467.7882313121874,4836.1995806709265,2126.8236030905837,-306.7470703125,63.002418518066406,50.28895568847656,64.59611511230469,52.56656265258789,38.23215103149414,10.681890487670898,33.18633270263672,8.794891357421875,19.107013702392578,-7.560855388641357,21.0784912109375,-8.358922958374023,14.759037971496582,-6.840260982513428,16.16385269165039,-13.206351280212402,13.7327241897583,-1.3234423398971558,11.182645797729492,-7.019443511962891,10.700977325439453,-4.12741756439209,9.65516185760498,-3.63462495803833,9.067987442016602
audio_152.wav,train,60.0746875,16000,0.0475853867828846,0.0561198964715004,0.9559326171875,0.4787007454739084,0.6725239616613419,202.90956258890662,66.43279578948699,35.61462661241853,0.1298211923422524,0.10221690780697625,1577.8504317234772,953.8083787704455,1515.4422431312182,460.9449580375909,2979.2665069222576,1669.70345433371,-350.9725646972656,106.76810455322266,89.06538391113281,48.63222885131836,12.891900062561035,28.51412010192871,16.47125816345215,28.57438850402832,-2.2254345417022705,15.396544456481934,-7.2462263107299805,14.585494995117188,-9.11577320098877,12.197649002075195,-7.492612838745117,13.99125862121582,-9.755040168762207,12.601967811584473,-10.74154281616211,10.001626968383789,-7.5643839836120605,9.161147117614746,-5.974165916442871,10.386894226074219,0.5969205498695374,8.621289253234863
audio_134.wav,train,45.0,16000,0.08023026585578918,0.04984474554657936,0.675872802734375,0.08102345415778252,0.2579957356076759,87.30705785825097,29.34898802715909,49.134356241260576,0.08245775863983654,0.06738803229106005,1583.4391549032707,665.074878575499,1896.0759032475587,332.1465642258943,3498.300906183369,1350.1517972358115,-173.177978515625,36.51470947265625,89.58460998535156,21.245943069458008,8.247703552246094,20.240909576416016,23.236106872558594,17.238386154174805,12.406593322753906,11.542890548706055,6.7812180519104,14.175548553466797,6.03999137878418,10.091367721557617,3.5495715141296387,11.035236358642578,8.687335014343262,7.405848979949951,6.041872024536133,7.688075065612793,-0.579714298248291,6.063137531280518,6.897436618804932,7.085651874542236,4.345467567443848,6.41668701171875
audio_12.wav,train,45.06,16000,0.02732125110924244,0.012044070288538933,0.2523193359375,0.0028388928317956,0.47693399574166073,112.57112811964524,17.300632524114942,12.019309046508369,0.058983959146557845,0.0552782038109644,1295.8313623371114,872.1647823268054,1595.4837514061112,501.71806638897834,2526.298571682044,1746.1059902752295,-333.5077209472656,82.5725326538086,117.06942749023438,43.76217269897461,11.020058631896973,33.06991958618164,19.98202896118164,26.77330207824707,23.483869552612305,19.926544189453125,2.7805118560791016,15.775866508483887,5.7733025550842285,14.703615188598633,3.1121037006378174,13.079920768737793,1.989760160446167,11.692322731018066,16.4398250579834,12.2771577835083,4.263229846954346,11.373234748840332,10.9609375,9.966989517211914,-7.320693016052246,11.028118133544922
audio_232.wav,train,60.03,16000,0.0470956414937973,0.04680875316262245,0.639617919921875,0.3662046908315565,0.7729211087420043,182.87233715141332,36.41926523965412,18.01647879279281,0.19896133520455758,0.17742640026554565,2166.2874430518696,1391.1068489395925,1813.7747936414019,557.1561747907679,3983.2672574626868,2323.362965334851,-342.4065246582031,100.95781707763672,74.62906646728516,58.15414047241211,21.23151397705078,28.00263786315918,5.978079319000244,28.031328201293945,-10.718708038330078,23.51470947265625,-12.746434211730957,19.673662185668945,-11.33081340789795,14.548378944396973,-6.746918201446533,11.573761940002441,-6.805870056152344,11.642959594726562,1.4272181987762451,8.897429466247559,-3.5133137702941895,8.985831260681152,-0.6109118461608887,9.249597549438477,-2.3606228828430176,8.631491661071777
audio_36.wav,train,45.06,16000,0.011868331581354141,0.011842874810099602,0.211761474609375,0.38537970191625265,0.6501064584811923,118.57804013471404,18.6627090509286,20.115365307747368,0.14158735417405963,0.12922893576115446,1847.3946433390124,1216.2908953688902,1661.3944780586442,520.9877352349157,3459.1576472675656,2011.644477682317,-455.5299987792969,127.5892562866211,87.6111068725586,62.698368072509766,8.966989517211914,34.13291931152344,14.464749336242676,28.223058700561523,7.917325496673584,17.553571701049805,-4.501544952392578,18.51757049560547,-10.209867477416992,14.249190330505371,-2.824662685394287,13.869363784790039,-5.4156270027160645,12.574862480163574,-4.199328422546387,11.377525329589844,-5.750405788421631,10.262091636657715,-0.3158901631832123,9.5948486328125,-6.00158166885376,10.875839233398438
audio_268.wav,train,60.08,16000,0.02962913177907467,0.036244090646505356,0.71600341796875,0.49148029818956335,0.7300319488817891,197.13312122062953,64.20025296803796,96.26468108677689,0.10744605506190096,0.08032056722150396,1528.5115936061882,950.990261429633,1661.6647899353104,640.2220830077413,3068.012014110756,2279.7674443827814,-403.93023681640625,78.8427963256836,91.43711853027344,49.39589309692383,29.758386611938477,26.427560806274414,12.788484573364258,26.006027221679688,-3.6723039150238037,26.552825927734375,7.327553749084473,17.77964210510254,-0.8514127135276794,17.87220573425293,1.226742148399353,14.644901275634766,1.2417843341827393,10.595017433166504,-2.9123268127441406,11.58399772644043,0.48620709776878357,9.901260375976562,0.38005661964416504,8.90142822265625,0.9257683157920837,7.318019390106201
audio_68.wav,train,59.16,16000,0.03875265270471573,0.03811900317668915,0.59375,0.46944294213088156,0.7506760411032991,151.1349012203898,45.70229460994757,96.57598506590816,0.08690165080786912,0.05307683145422629,1787.2997580167814,664.5718878930227,1890.4288105422902,398.5765046363969,3796.9130273120604,1479.8358374100821,-292.2178955078125,74.42044067382812,77.20935821533203,34.71414566040039,11.102798461914062,21.8575439453125,24.899658203125,20.02716827392578,-2.5443925857543945,14.700886726379395,13.173273086547852,13.948685646057129,-6.900233745574951,12.502148628234863,7.791231155395508,11.144428253173828,0.25295326113700867,12.10265827178955,6.400944232940674,9.58971118927002,-0.8349761366844177,9.591670989990234,8.929450988769531,7.480109214782715,4.000338554382324,6.65986442565918
audio_729.wav,train,60.0746875,16000,0.046959009021520615,0.0621374137699604,0.671234130859375,0.5500532481363152,0.40521831735889247,121.34967043801211,130.5559769869149,29.429104980826963,0.14433728950346114,0.1371562225542887,1852.4178824586286,1183.414066447032,1431.9486148815654,562.391435371625,3298.048123003195,1855.2796758080415,-374.9564514160156,147.1754913330078,53.75727844238281,69.1630630493164,-1.7253175973892212,33.29681396484375,20.65574073791504,37.38641357421875,-6.57269287109375,20.811002731323242,1.0433391332626343,17.614072799682617,-9.642829895019531,16.199970245361328,-11.395763397216797,15.19384479522705,-13.805878639221191,15.5843505859375,-4.955083847045898,10.434338569641113,-5.417344570159912,10.93698787689209,0.35387682914733887,10.358159065246582,-2.7906088829040527,10.992987632751465
audio_247.wav,train,51.56,16000,0.02871701307594776,0.027492178604006767,0.664306640625,0.39081885856079407,0.5825062034739454,180.77186920887385,55.90726412400419,70.92810685472833,0.20951566861817617,0.12314221165327693,2377.414962780533,930.9111085780472,1929.8782078119393,306.89886552326794,4607.509111352358,1347.1631416299172,-289.547119140625,80.32264709472656,54.019676208496094,41.025264739990234,3.4924888610839844,26.43973159790039,19.78211784362793,20.424654006958008,-10.482535362243652,15.371867179870605,4.370327472686768,14.023829460144043,-11.169760704040527,18.851226806640625,-5.288240909576416,12.797910690307617,-4.177194118499756,12.224910736083984,-7.43074893951416,10.798852920532227,-3.551170825958252,9.04337215423584,2.3767571449279785,8.717251777648926,-3.4653520584106445,8.1264009475708
audio_224.wav,train,52.096,16000,0.01959477737545967,0.034526705741882324,0.935546875,0.7298956414978515,0.5352977286678944,87.81282249923149,26.452773577831454,38.0973831782633,0.1475166896869245,0.06563489403003936,1471.037352788154,452.10129861627865,1127.295779493847,251.64487771261565,2714.2226826273786,733.0515445498293,-412.33123779296875,131.95851135253906,73.15251922607422,62.95158386230469,-20.638193130493164,39.3172492980957,25.53533172607422,30.90558624267578,3.153089761734009,20.219358444213867,-7.055335998535156,16.566417694091797,-4.877411365509033,16.216245651245117,-13.635343551635742,17.164424896240234,6.486813545227051,11.486108779907227,0.252071350812912,11.381009101867676,-5.335799217224121,8.996994972229004,1.8702973127365112,7.606516361236572,-1.570156216621399,8.854211807250977
audio_425.wav,train,60.0746875,16000,0.09279032051563263,0.0713077187538147,0.948455810546875,0.2364217252396166,0.8471778487752929,275.58617649730814,127.96262994068012,48.93284613699035,0.1464711149660543,0.11752439348368478,1753.0174145034987,979.8440803439497,1559.078446302414,426.97483874547186,3376.297923322684,1628.3342295636394,-269.1886291503906,99.76262664794922,83.16567993164062,42.3682861328125,8.149358749389648,43.73304748535156,14.959389686584473,29.286985397338867,-31.191137313842773,27.873397827148438,-6.493089199066162,21.148818969726562,-27.53301429748535,21.00680160522461,-10.320039749145508,18.011011123657227,-10.205546379089355,15.62723159790039,-5.313604831695557,14.433187484741211,-4.823672771453857,13.656344413757324,-10.030950546264648,15.632437705993652,-4.761514186859131,15.711579322814941
audio_392.wav,train,60.1386875,16000,0.04673852398991585,0.03743565082550049,0.926849365234375,0.26276595744680853,0.6718085106382978,159.19961611844158,159.85919645853136,43.03729584884826,0.18477367644614362,0.16359563988821482,2021.0625582964267,1482.75295013864,1507.9683547487878,651.1181347781346,3388.2978723404253,2335.110650673167,-337.4153137207031,115.13922119140625,66.24486541748047,87.08411407470703,11.34841537475586,47.539833068847656,-8.621134757995605,38.327880859375,-7.792234420776367,30.317846298217773,-10.426770210266113,30.215036392211914,-14.235732078552246,24.011001586914062,-16.66463279724121,17.91313362121582,-16.639482498168945,19.16371726989746,-7.270091533660889,16.6036434173584,-9.392707824707031,16.32496452331543,-5.52613639831543,14.178366661071777,-11.768226623535156,13.217249870300293
audio_615.wav,train,60.0746875,16000,0.053713537752628326,0.05763931944966316,0.785980224609375,0.43503727369542067,0.739084132055378,199.42369775418427,40.27293426431632,39.683939715009615,0.08748528396232694,0.07477088664536664,1097.41964651047,696.235828469836,1273.9451516246509,504.55563252080844,2001.2646432374868,1616.1926177293146,-340.8311462402344,70.81449890136719,120.23775482177734,35.226356506347656,36.294036865234375,23.809486389160156,5.116579055786133,25.96057891845703,-11.749556541442871,20.92209815979004,-3.8869826793670654,16.729713439941406,-9.488622665405273,15.427714347839355,9.337648391723633,12.502366065979004,-0.9398633241653442,13.031976699829102,-2.0280601978302,10.905597686767578,-7.442168235778809,9.918429374694824,-8.430988311767578,12.734145164489746,-2.460510492324829,9.390218734741211
audio_245.wav,train,60.08,16000,0.03548816218972206,0.03126654773950577,0.672454833984375,0.3514376996805112,0.6448349307774228,173.60841241450115,194.80469753157848,23.68922110520768,0.17604801068290735,0.14549479507585172,1945.1810857068253,1175.3833912467765,1544.4497926441243,494.13476883734637,3520.5754126730562,1894.4304159761587,-366.958740234375,151.42152404785156,64.91522979736328,59.30588150024414,-11.569357872009277,44.489105224609375,21.85148048400879,34.98927307128906,-13.438947677612305,27.15618133544922,1.0950744152069092,19.94944190979004,-10.94803524017334,18.027814865112305,2.747161388397217,15.957362174987793,-15.0242280960083,15.571000099182129,-6.619069576263428,12.33200740814209,-10.931268692016602,12.207082748413086,-14.639371871948242,16.227420806884766,-2.054020643234253,10.42214584350586
audio_271.wav,train,60.08,16000,0.02288101799786091,0.03258734568953514,0.654266357421875,0.6118210862619808,0.6214057507987221,95.76056196257365,13.903183769418765,14.816827606026337,0.1593463479266507,0.10683760580092641,1973.5982349270548,997.5426431745025,1817.6449761769434,508.0707785707672,4009.9091453674123,1868.6302290831982,-396.7986145019531,108.62622833251953,81.88666534423828,51.51168441772461,16.245399475097656,29.077119827270508,9.919260025024414,32.620880126953125,-16.862428665161133,26.293874740600586,-6.872712135314941,18.967708587646484,1.546057939529419,12.276466369628906,-2.67071795463562,13.459623336791992,0.47908076643943787,11.907159805297852,1.2788686752319336,10.057698249816895,-8.747812271118164,9.655460357666016,-2.3422040939331055,10.311264038085938,-0.9951869249343872,8.976210594177246
audio_321.wav,train,60.0746875,16000,0.03439618647098541,0.03752271831035614,0.893280029296875,0.4701810436634718,0.6959531416400426,90.90953499696329,9.782455949758795,10.484510148076893,0.07214628469448882,0.071220152896416,1374.9496977540582,719.2761966185573,1506.4324608106265,562.0274245810605,2829.5643636847713,1607.3343342497421,-372.81317138671875,111.32477569580078,107.04666137695312,60.19229507446289,10.769000053405762,31.19023895263672,19.511377334594727,30.899194717407227,9.852123260498047,24.89306640625,0.056675463914871216,21.415266036987305,-15.486834526062012,25.29326629638672,-7.942850589752197,15.685802459716797,-1.699242353439331,13.057147979736328,-3.685314178466797,14.181262969970703,3.7219316959381104,11.595218658447266,-5.0948662757873535,12.284269332885742,0.3840218484401703,10.097963333129883
audio_5043.wav,train,60.0746875,16000,0.12176772207021713,0.025579895824193954,0.95001220703125,0.0,0.2374866879659212,82.40688922821748,49.717872112273284,102.03225918939162,0.4619197825146432,0.05884237653598572,3877.4642608994636,213.915834362548,2345.932249028319,53.568662437062244,6747.071352502662,121.56634352663423,7.153625011444092,9.394383430480957,2.8182015419006348,8.931326866149902,2.8571999073028564,4.712988376617432,0.7410107254981995,4.599693298339844,-0.6762294769287109,4.162314414978027,-1.6171956062316895,4.2466511726379395,-1.6850080490112305,4.018327236175537,-1.0046002864837646,3.735607624053955,-0.7143183946609497,3.524108648300171,-0.6147247552871704,3.2715108394622803,-0.572940468788147,3.299851894378662,-0.6883158683776855,3.1189494132995605,-0.7729641199111938,3.1138436794281006
audio_187.wav,train,60.07475,16000,0.07943957298994064,0.05795452371239662,0.884735107421875,0.24440894568690097,0.6789137380191693,173.60841241450115,44.11592428752229,25.055901351117086,0.0901944908978967,0.06883537795126533,992.2010207906555,510.7748151530346,902.6654008656333,279.95476222894445,1828.5326810436634,972.2304554943041,-299.9720153808594,107.63117980957031,123.09419250488281,58.063026428222656,-11.840188980102539,43.260154724121094,37.20573043823242,33.760780334472656,-11.536539077758789,20.539762496948242,-16.195571899414062,20.661264419555664,-3.202519416809082,14.518647193908691,-19.081256866455078,18.068958282470703,0.825480580329895,15.478171348571777,-14.628837585449219,10.826896667480469,-13.40958023071289,10.813161849975586,2.962615728378296,9.626470565795898,-8.894221305847168,9.056499481201172
audio_221.wav,train,60.07475,16000,0.05723380669951439,0.06372705101966858,0.972808837890625,0.47657082002129925,0.5431309904153354,139.3941668115768,296.7964437272573,26.405305538714657,0.13850599457534613,0.08452098996423098,1449.322845244011,627.802635614359,1052.2427900410619,357.72995823768844,2523.741180777423,955.641249736913,-306.3475036621094,116.70471954345703,76.53426361083984,60.07183837890625,-34.719581604003906,45.00609588623047,23.98914909362793,29.08856201171875,-13.871100425720215,21.862878799438477,-22.551361083984375,18.876794815063477,-5.998396396636963,13.814372062683105,-24.78269386291504,18.200836181640625,-10.359522819519043,14.788029670715332,-12.717559814453125,12.738163948059082,-13.829962730407715,11.026089668273926,-3.787079095840454,8.795476913452148,-7.24921989440918,9.913039207458496
audio_219.wav,train,60.07475,16000,0.03957344964146614,0.04368662089109421,0.956787109375,0.4249201277955272,0.41373801916932906,120.65074776640884,401.0562655816088,22.592248070553552,0.17104273786940893,0.09706567518478293,1797.178674894331,844.5265257847445,1198.117967465279,454.8397645226693,2973.446652023429,1324.8133480419358,-370.9967346191406,162.7598419189453,88.49063873291016,71.94893646240234,-32.89016342163086,49.8545036315918,33.42845153808594,43.27528381347656,-21.918359756469727,28.822362899780273,-10.049891471862793,16.339609146118164,-1.5821486711502075,17.703035354614258,-20.63086700439453,18.31582260131836,4.12210750579834,17.222991943359375,-14.919097900390625,16.1776123046875,-5.340571403503418,10.310728073120117,-0.5804901123046875,9.90228271484375,-12.263973236083984,11.216010093688965
audio_601.wav,train,60.0746875,16000,0.03732255846261978,0.03133663907647133,0.499114990234375,0.3333333333333333,0.6549520766773163,113.87914162255151,19.44940485029303,15.360559474053431,0.09508796342518637,0.05949210025968129,1214.3619775304735,635.5099378310099,1242.3516023865118,375.5122556803988,2217.377196485623,1198.5920169806584,-301.2526550292969,54.901336669921875,139.27285766601562,33.33271408081055,-26.798480987548828,25.85704231262207,5.43142032623291,24.111059188842773,-3.228334426879883,16.34967613220215,7.341946125030518,12.624429702758789,-4.266244411468506,12.650223731994629,-11.621688842773438,15.109161376953125,1.301230549812317,12.765562057495117,-4.868390083312988,9.359122276306152,-7.147421360015869,10.353499412536621,-11.132894515991211,8.38514518737793,-13.438945770263672,8.694742202758789
audio_100.wav,train,45.06,16000,0.012606407515704632,0.0109077924862504,0.14764404296875,0.3044712562100781,0.71611071682044,150.26442824298348,26.15991098651037,23.526563939945248,0.13270992281760113,0.11535736044636326,1674.0326190290461,1050.6804524823513,1535.7419938898504,513.0467147671837,3151.686701561391,1858.0314860309077,-472.9229431152344,123.81990051269531,100.20453643798828,63.443084716796875,10.19016170501709,29.201507568359375,14.857712745666504,32.748008728027344,-12.423463821411133,24.09037971496582,-7.7633185386657715,20.670093536376953,-9.429403305053711,16.353214263916016,-4.172293663024902,13.714215278625488,-11.810208320617676,16.174297332763672,-1.7576338052749634,11.295860290527344,-12.139598846435547,11.362438201904297,-4.385941505432129,9.44793701171875,-4.526482105255127,8.395576477050781
audio_227.wav,train,55.27475,16000,0.04231438785791397,0.030158285051584244,0.999969482421875,0.234375,0.5214120370370371,105.64102395561046,374.4777883346329,13.008696870037696,0.15574617739076968,0.08821221472243755,1480.4954669658516,577.9351054366495,1039.6984239725275,186.78388309360946,2609.7999855324074,794.2369661391872,-297.5613098144531,122.98397064208984,126.25985717773438,59.57795715332031,-59.86083221435547,40.75082015991211,49.47744369506836,30.259695053100586,-13.897576332092285,23.346908569335938,-9.363425254821777,15.548754692077637,-1.4315038919448853,15.364983558654785,-27.66351318359375,19.097612380981445,12.866609573364258,13.142090797424316,-12.311405181884766,12.713193893432617,-6.14337158203125,10.019144058227539,5.894180774688721,7.948729038238525,-16.28970718383789,11.665323257446289
audio_411.wav,train,60.0746875,16000,0.04016164690256119,0.04412425309419632,0.91302490234375,0.46485623003194887,0.5745473908413206,245.51937137864914,44.586740370575754,44.149523287733615,0.1753987890208999,0.15091585581163391,1925.8145858487455,1177.911234782151,1562.155282611787,413.9138852905947,3407.4064829605963,1722.6803547603527,-330.6038818359375,82.34585571289062,80.43314361572266,47.479305267333984,-8.584592819213867,32.67319107055664,4.522446155548096,22.10088539123535,-9.695792198181152,17.13865089416504,-3.896977424621582,15.21645450592041,-11.934242248535156,18.649646759033203,-12.606225967407227,17.370119094848633,-4.863218784332275,12.191591262817383,-8.141374588012695,9.679276466369629,-7.895649433135986,9.457404136657715,-4.149752616882324,8.431007385253906,-1.2894597053527832,8.370980262756348
audio_28.wav,train,44.0946875,16000,0.04714908078312874,0.03330991417169571,0.576995849609375,0.1995645863570392,0.6640058055152395,109.36644661993022,14.225280080089332,16.334051381718737,0.13966402848330914,0.10236729683304098,1638.2715864481495,940.1478828613799,1480.871170592506,458.9515532462955,2977.8154481132074,1665.2259479626455,-318.1432800292969,95.3728256225586,102.87386322021484,55.01146697998047,-4.059481143951416,33.93069076538086,-3.3525872230529785,40.07927703857422,-12.507999420166016,29.292028427124023,-0.7002184987068176,21.43576431274414,-31.159000396728516,26.52271270751953,-20.528091430664062,21.882442474365234,-20.203718185424805,19.614803314208984,-18.33464813232422,21.139535903930664,-5.250246524810791,13.17231273651123,-6.352328777313232,15.86160659790039,-18.38987922668457,15.548457145690918
audio_653.wav,train,60.0746875,16000,0.03028063476085663,0.04622980207204819,0.910919189453125,0.6703940362087327,0.626730564430245,118.57804013471404,23.665351283424194,15.272089161557503,0.16975209456536208,0.1368780746912812,2207.3288261949347,1171.9572860880014,2028.4515733974326,389.8771680436123,4448.798588924387,1760.1678367654617,-333.5523681640625,75.10877227783203,76.43346405029297,47.60111999511719,20.784265518188477,28.033710479736328,6.950577735900879,19.03321075439453,12.506653785705566,14.225175857543945,4.608920574188232,17.402620315551758,-1.981837272644043,14.91266918182373,-12.252943992614746,14.421107292175293,-8.62950611114502,12.728032112121582,-4.341538429260254,11.177424430847168,-7.305089473724365,8.711490631103516,-6.027407646179199,10.405386924743652,-7.738378524780273,8.942856788635254
audio_29.wav,train,45.06,16000,0.05706501379609108,0.03786123916506767,0.5157470703125,0.17388218594748048,0.7402413058907026,120.65074776640884,33.5462937039087,70.8040083163688,0.04999701971699787,0.056748835304422394,1198.6030051591872,911.4031642255821,1550.6772003746125,535.8677884794882,2488.7442334989355,1817.8945929207064,-295.7862548828125,65.194580078125,105.96361541748047,46.75212860107422,38.05563735961914,29.964641571044922,39.953407287597656,23.287694931030273,15.603346824645996,16.412620544433594,10.679344177246094,16.709684371948242,3.255603551864624,13.430668830871582,2.2984132766723633,12.89483642578125,6.569778919219971,11.652831077575684,9.080259323120117,9.727103233337402,0.9941728711128235,8.8886137008667,5.564720153808594,8.68603229522705,3.01926326751709,7.966753005981445
audio_470.wav,train,60.0746875,16000,0.04855334386229515,0.04464361444115639,0.8123779296875,0.3855165069222577,0.707667731629393,111.9227661312955,14.156178531010038,12.468254065411287,0.10181834065495207,0.07001927989900499,1147.8578127338465,683.1761075393674,1181.719467870028,513.4576955747127,2012.3510716187434,1374.8041015146,-323.4826965332031,67.77223205566406,133.72259521484375,53.53101348876953,3.5700666904449463,19.073780059814453,-4.369411945343018,24.052021026611328,9.84935474395752,20.960826873779297,-7.349039554595947,17.243078231811523,-10.751458168029785,15.735596656799316,-1.2691364288330078,12.905555725097656,-12.163982391357422,11.121228218078613,-5.7181525230407715,12.223669052124023,2.6352598667144775,11.272315979003906,0.1292598694562912,8.958370208740234,2.1830461025238037,8.06128215789795
audio_356.wav,train,59.1146875,16000,0.044985875487327576,0.04346095025539398,0.58612060546875,0.4053030303030303,0.7537878787878788,171.61434972294217,49.203533628922294,84.86885420251933,0.15061415635146103,0.13888041811577317,2019.2180247832266,1223.4561553458122,1829.0008313252156,516.066406300185,3900.961343344156,2088.9204413202647,-333.1752014160156,99.94169616699219,77.50314331054688,52.42759323120117,23.216869354248047,32.78705978393555,18.201066970825195,30.805335998535156,-0.6041525602340698,22.519006729125977,3.450413465499878,18.12628173828125,-2.4000658988952637,13.620685577392578,9.891895294189453,14.343391418457031,-7.640046119689941,14.801148414611816,1.5827436447143555,12.937830924987793,0.4743993878364563,11.403943061828613,-8.027597427368164,14.025960922241211,-5.447112083435059,11.089593887329102
audio_365.wav,train,60.0746875,16000,0.04206247255206108,0.061982661485672,1.0,0.6650692225772098,0.5111821086261981,89.86534992826049,20.245244343408967,16.58434687927516,0.09270063731363153,0.07180273995450558,1449.2325461416895,695.1278269805662,1493.3660885445775,373.18710561665074,2775.0515841320553,1248.5854178592992,-332.229248046875,132.04388427734375,83.85668182373047,55.91958236694336,-2.1610612869262695,26.147123336791992,18.49575424194336,21.88983154296875,14.961469650268555,17.937564849853516,5.0463151931762695,16.90123748779297,-4.197993278503418,16.479543685913086,-0.7854933142662048,12.317537307739258,-1.6413105726242065,12.85762882232666,0.011173008941113949,11.390399932861328,-0.7954657673835754,8.685722351074219,-2.4230237007141113,8.57423210144043,0.27556806802749634,8.520318984985352
audio_58.wav,train,45.06,16000,0.021585598587989807,0.02092025801539421,0.454071044921875,0.36692689850958127,0.6834634492547906,134.6458897635121,39.315680176956185,48.5623926009777,0.11568592252927608,0.0941126505525523,1480.601347628762,780.639342480202,1397.8202411589832,418.83538431129523,2762.836009581263,1376.2620626437028,-393.94287109375,125.70903778076172,105.51051330566406,53.031490325927734,-10.674251556396484,38.34507369995117,27.903289794921875,27.62912940979004,-6.777496814727783,23.896642684936523,-13.659403800964355,19.833097457885742,-12.281952857971191,16.32430076599121,-14.97470474243164,18.471452713012695,-1.0988781452178955,13.81210994720459,2.9315876960754395,10.790628433227539,-9.753717422485352,11.467459678649902,3.3265814781188965,9.55774974822998,-8.004217147827148,11.612223625183105
audio_708.wav,train,60.0746875,16000,0.05207613483071327,0.05595289543271065,0.64801025390625,0.43769968051118213,0.7859424920127795,118.57804013471404,28.379382946192393,50.023050224698125,0.1294522513977636,0.11671192641045908,1618.552166083605,1141.258150537843,1574.0085634055893,629.9910300611597,3122.76607428115,2216.0260509893815,-381.16241455078125,101.22682189941406,91.3234634399414,69.28146362304688,37.100337982177734,26.611875534057617,31.970539093017578,29.91437339782715,0.563966691493988,20.702686309814453,-11.338871955871582,22.207990646362305,-8.249822616577148,16.91428565979004,-5.499006271362305,14.308231353759766,-1.3947863578796387,13.215752601623535,-9.531661987304688,12.965973854064941,-3.88171124458313,11.584405899047852,2.4348256587982178,11.572588920593262,-9.16061782836914,12.081068992614746
audio_319.wav,train,60.0746875,16000,0.0586942657828331,0.043548472225666046,0.999969482421875,0.2784877529286475,0.5681576144834931,165.76853496220332,368.81411236644664,20.53108373807939,0.17902059829273162,0.14666879165027227,1685.4277812835965,1195.5212530735378,1240.4528186414439,577.5024407645425,2956.02452742279,1933.3061652786485,-344.573486328125,142.1930694580078,107.56587982177734,88.00686645507812,-3.8668198585510254,53.35978317260742,29.768632888793945,45.98627471923828,-12.068199157714844,29.01763343811035,-16.00503158569336,29.6570987701416,-8.645027160644531,22.831541061401367,-7.443663120269775,19.404205322265625,-5.339240074157715,16.628963470458984,-8.467036247253418,13.543603897094727,-9.421395301818848,14.655765533447266,-2.9779937267303467,11.943987846374512,-0.8985558152198792,9.610501289367676
audio_5067.wav,train,44.9266875,16000,0.13407137989997864,0.022499235346913338,0.95001220703125,0.0,0.16452991452991453,75.5674506101949,51.58208737936023,19.680793552160992,0.45216165308938744,0.06366502351363672,3868.3292812845766,186.63404295312247,2350.6635539920767,55.357070317689114,6744.129496082621,102.01014734584233,15.583956718444824,7.651576519012451,2.8744869232177734,7.802993297576904,2.685819625854492,4.280901908874512,-0.1823567897081375,4.853682041168213,-2.253552198410034,5.359915733337402,-3.2310540676116943,5.484030246734619,-2.801640272140503,4.918237209320068,-1.550248146057129,4.093331813812256,-0.67937171459198,3.817901611328125,-0.05005823075771332,3.421720504760742,0.1322159469127655,3.5096168518066406,0.21066170930862427,3.3871374130249023,0.25959381461143494,3.413158655166626
audio_135.wav,train,45.06,16000,0.029930315911769867,0.0233333557844162,0.399444580078125,0.30092264017033354,0.8225691980127751,142.65235101161107,36.752559900931594,39.6784364148228,0.07252969193577005,0.05335735029841281,1209.0777397093354,619.8525010771667,1304.5070169577598,423.35336824227045,2478.5142388218596,1298.252297770276,-357.3282165527344,107.01993560791016,110.38094329833984,35.08369827270508,-3.829681634902954,43.90702819824219,59.12989044189453,30.05906105041504,9.5420503616333,23.11539649963379,-5.1667160987854,19.34720802307129,-6.591679573059082,17.74939727783203,-9.767972946166992,15.756136894226074,3.0996551513671875,12.44046401977539,-10.245244979858398,13.081632614135742,0.2035852074623108,10.480269432067871,-1.7867062091827393,9.586578369140625,-5.756283760070801,10.077459335327148
audio_612.wav,train,52.7573125,16000,0.04423195868730545,0.05768167972564697,0.944793701171875,0.5118253486961795,0.4487568223165555,108.1102658399776,21.137387362077973,11.376179115282667,0.20724859289721043,0.12245985479211165,2395.4575601711754,1251.9265235573566,1765.1301225888358,496.13863453928434,4296.0885385081865,2087.205637135496,-383.734130859375,149.5601043701172,44.98602294921875,71.1705551147461,8.893827438354492,27.223033905029297,26.086566925048828,35.20828628540039,-4.123945713043213,18.079713821411133,-8.49657917022705,19.4060001373291,-5.308285713195801,15.07612133026123,-2.9599177837371826,11.639273643493652,-9.523184776306152,12.663519859313965,-2.502108097076416,10.391719818115234,-14.21650218963623,14.217126846313477,-4.159127712249756,9.202707290649414,-10.784276008605957,10.953511238098145
audio_373.wav,train,60.0106875,16000,0.045020297169685364,0.052161335945129395,0.954681396484375,0.4840085287846482,0.36353944562899787,148.96873144975314,306.35976795269556,43.46410801842285,0.1934202800173241,0.14810932875700786,2160.034651987299,1129.9858999060416,1564.5676613935987,371.6960074219595,3685.7800839552237,1415.090446237568,-302.18243408203125,124.36168670654297,49.20934295654297,71.7239990234375,6.616473197937012,32.91557312011719,18.112232208251953,29.648168563842773,-14.461000442504883,27.691896438598633,2.9500772953033447,19.841012954711914,-17.012483596801758,20.340299606323242,-5.172341823577881,16.444726943969727,-7.242422580718994,17.219575881958008,-1.1909637451171875,15.277764320373535,2.049126386642456,12.825146675109863,-2.8041653633117676,10.674556732177734,1.2271745204925537,10.297272682189941
audio_680.wav,train,60.0746875,16000,0.032914403825998306,0.0471983328461647,0.824676513671875,0.6719914802981896,0.33386581469648563,159.19961611844158,37.63301496086581,47.672519394751674,0.21662033454805643,0.13571083486209964,2509.93092073523,1115.2859060570654,1927.6473579454782,460.3988024880005,4665.776424387646,1703.065419347178,-331.955810546875,133.5799102783203,38.703338623046875,54.19834518432617,-7.156944751739502,34.21696472167969,-5.9472222328186035,23.548748016357422,-11.990121841430664,23.397459030151367,-13.815594673156738,18.5302791595459,-2.6389617919921875,13.5272855758667,-8.544625282287598,14.199817657470703,-7.314815521240234,10.557845115661621,-2.1741676330566406,10.005850791931152,-6.244485855102539,10.254834175109863,-1.1341458559036255,7.437407970428467,-5.323653697967529,8.16736125946045
audio_63.wav,train,45.012,16000,0.052046600729227066,0.03827640414237976,0.6881103515625,0.224591329068941,0.7775408670931059,162.92073075152206,198.00297356465907,33.280575915425715,0.16924515258528786,0.11901930749150326,2360.838220266297,940.4546056744906,1986.8031490935452,345.73640296264887,4521.227567519545,1651.014841689389,-273.3744812011719,123.28490447998047,39.624534606933594,46.10551834106445,-10.223579406738281,34.56488800048828,13.070823669433594,26.303544998168945,1.316757082939148,16.722103118896484,-34.757808685302734,24.561481475830078,-19.05565643310547,15.685774803161621,-19.214826583862305,16.128854751586914,-22.31393814086914,16.403968811035156,-19.73628044128418,12.990643501281738,-13.00349235534668,10.462809562683105,-11.70003890991211,10.423115730285645,-7.577986717224121,8.633234977722168
audio_700.wav,train,60.0746875,16000,0.051095932722091675,0.06125078722834587,0.95831298828125,0.4994675186368477,0.5154419595314164,100.87044475251382,44.65077858649239,26.382462888584215,0.13027073349307774,0.09701242962387248,1595.654861229506,857.3787265601511,1391.8191892781756,465.7587096111184,3008.906582800852,1495.3568520195115,-298.5392150878906,124.11864471435547,81.16404724121094,54.88163375854492,-14.906064987182617,29.572574615478516,22.036022186279297,31.579416275024414,-3.4289135932922363,22.585407257080078,-5.699547290802002,14.391880989074707,-4.821126461029053,13.971776008605957,-9.88752555847168,13.411803245544434,-12.102585792541504,13.627017974853516,-14.3296537399292,14.872997283935547,-8.876651763916016,10.902264595031738,-4.335577964782715,9.831232070922852,-10.823939323425293,9.967628479003906
audio_429.wav,train,60.0746875,16000,0.0539044514298439,0.0510631687939167,0.98614501953125,0.34771033013844516,0.6964856230031949,199.42369775418427,194.35527888151748,19.87539785417124,0.1475061776158147,0.11497385282317868,1679.9096950684425,1061.9268645300656,1523.1524337436815,569.3868562081742,3147.9258186900956,1924.6335673243595,-342.1718444824219,107.54251861572266,89.32833099365234,49.61203384399414,11.42435359954834,37.657196044921875,9.312211990356445,31.65532875061035,-20.107627868652344,27.196136474609375,-10.529342651367188,24.014081954956055,-21.361831665039062,19.13359832763672,-5.358870029449463,15.67733097076416,-6.664681434631348,18.32216453552246,-4.533772945404053,11.737751960754395,-5.539872646331787,11.635968208312988,-3.7418863773345947,11.746728897094727,-4.765023708343506,10.231555938720703
audio_745.wav,train,61.0346875,16000,0.07324546575546265,0.0608706921339035,0.945220947265625,0.2976939203354298,0.6472746331236897,188.23090565017245,72.60436894099935,28.624224128154765,0.18921051985062892,0.16665208687571945,1743.9547786030196,1347.6788721035082,1242.1070100424743,544.8189657703689,2961.3346763626832,1909.2310065676884,-310.813232421875,110.67791748046875,86.78216552734375,76.95594787597656,-8.21257495880127,50.52297592163086,10.67831802368164,35.87367630004883,-35.27220916748047,27.23870086669922,-30.53443145751953,23.525127410888672,-14.386554718017578,20.615352630615234,-16.168163299560547,18.896087646484375,-18.79207420349121,18.915319442749023,-8.721108436584473,14.862086296081543,-16.006826400756836,13.729740142822266,-3.696702718734741,13.8267183303833,-6.630340576171875,10.950515747070312
audio_731.wav,train,60.0106875,16000,0.040078599005937576,0.061176564544439316,0.787445068359375,0.6497867803837953,0.42857142857142855,123.1152555016778,212.20331964547313,31.813261350797063,0.11648136618803305,0.1308137531413221,1807.2346944924473,1224.1792927137215,1393.823613832023,660.0093051306641,3255.684468283582,2013.6212592611157,-428.6517639160156,151.08303833007812,43.466793060302734,68.0487289428711,1.3705626726150513,31.25299072265625,20.912771224975586,33.27351379394531,-8.47435188293457,19.674057006835938,-5.101660251617432,14.402305603027344,-4.631510257720947,12.126980781555176,-4.746013164520264,10.923423767089844,-12.7838716506958,15.390141487121582,-3.4024884700775146,9.17044448852539,-2.329800605773926,8.333844184875488,-1.942936658859253,8.987804412841797,-5.6166253089904785,11.020137786865234
audio_461.wav,train,60.0746875,16000,0.058675121515989304,0.04719400033354759,0.72991943359375,0.2523961661341853,0.722577209797657,245.51937137864914,67.60706989642145,60.510963286855855,0.1584927657414803,0.13700426558685677,1999.829246712453,1207.9197932244995,1647.506913538616,549.4334167382037,3609.8076411075613,1911.019931066896,-313.0196533203125,125.79249572753906,60.52744674682617,54.271583557128906,2.980010747909546,49.55229187011719,25.028200149536133,37.5579719543457,-20.460350036621094,31.702070236206055,-25.947731018066406,23.55447769165039,-8.329645156860352,16.307039260864258,-14.201862335205078,19.2923641204834,-6.627956390380859,15.334320068359375,-12.193674087524414,13.51030445098877,-4.837896823883057,11.66120719909668,-7.057078838348389,12.919519424438477,-3.5444085597991943,11.400100708007812
audio_79.wav,train,45.06,16000,0.01401663850992918,0.01604757271707058,0.601104736328125,0.48828956706884313,0.2945351312987935,183.93170582347207,27.515629476974777,31.912829569151654,0.33475751585787794,0.15154128550797932,3337.946339036115,953.746597442317,1964.6598180016513,259.3127110250877,5497.759936124911,681.8290746707511,-347.60650634765625,63.100582122802734,10.888628959655762,42.50874328613281,16.09549331665039,25.73082733154297,13.387761116027832,23.857431411743164,-26.51593589782715,14.441344261169434,9.471035957336426,17.507307052612305,-21.1651611328125,11.019397735595703,2.1532323360443115,12.072732925415039,-17.168743133544922,11.848981857299805,-4.386501789093018,10.095747947692871,-9.003324508666992,7.808346748352051,-0.5064066648483276,8.14130687713623,-8.189183235168457,8.965862274169922
audio_5038.wav,train,60.0746875,16000,0.13958649337291718,0.022179415449500084,0.949981689453125,0.0,0.09531416400425985,85.3129619008554,104.1180524503368,200.14062520097303,0.44637122271033014,0.059354011444785484,3869.20637840336,154.44329904721957,2346.4566034758623,42.3067464648799,6742.898861821086,99.73703891331392,19.672138214111328,6.5481061935424805,2.1714494228363037,5.3362531661987305,1.6888737678527832,4.692309856414795,0.5486054420471191,4.289642333984375,-0.5643970370292664,3.4765686988830566,-1.7593940496444702,3.997166633605957,-2.113729953765869,3.7991771697998047,-1.4956347942352295,4.0228447914123535,-1.3710609674453735,3.710843086242676,-1.969997763633728,3.7244112491607666,-1.2631603479385376,3.38372540473938,-0.37904617190361023,3.455150842666626,-0.7286990284919739,3.470513343811035
audio_760.wav,train,60.0746875,16000,0.04813951253890991,0.038861680775880814,0.68768310546875,0.2832800851970181,0.6432374866879659,110.63722351746388,15.722850471712675,8.333839983372286,0.147766438282082,0.14152734596278194,1873.839641798406,1174.6796548193433,1700.4847340476774,453.86345457747655,3402.3063099041533,1955.4683381278976,-303.2980041503906,131.01002502441406,79.06481170654297,71.45870971679688,4.330197811126709,35.775047302246094,17.536911010742188,31.273866653442383,14.40258502960205,21.95952033996582,-4.778892517089844,22.45279312133789,7.208640098571777,17.410097122192383,-8.072508811950684,17.671497344970703,-1.13441801071167,16.30707359313965,7.528665065765381,14.950542449951172,-8.408112525939941,13.99594783782959,-0.9241017699241638,11.708717346191406,1.349229335784912,11.37243938446045
audio_72.wav,train,45.06,16000,0.021526096388697624,0.0164050180464983,0.835418701171875,0.2675656493967353,0.6650106458481192,206.4563592676515,23.55261222632106,17.94542990557258,0.1588518563697658,0.12297283855410944,1930.8514110886335,1010.5950094345794,1810.7258638479595,423.9479864236057,3772.4616305890704,1703.6560144028147,-348.2877502441406,88.71446990966797,80.00065612792969,44.155723571777344,3.7559893131256104,36.1854248046875,9.241798400878906,22.395082473754883,-12.272220611572266,13.830889701843262,-9.422928810119629,16.184062957763672,-9.478743553161621,12.509584426879883,-8.772013664245605,12.473613739013672,-8.652647972106934,10.787283897399902,-9.505104064941406,7.4307074546813965,-14.870798110961914,7.804798603057861,-10.591655731201172,8.427864074707031,-8.06257438659668,7.044521808624268
audio_696.wav,train,60.0746875,16000,0.06640400737524033,0.058395955711603165,0.934783935546875,0.3541001064962726,0.7050053248136315,197.13312122062953,375.0587402633387,38.18093000607337,0.15999504958732694,0.1534375426031369,1893.0194308367293,1355.4184794698167,1643.1886390698478,515.9707589209387,3411.537373535676,2031.5158777420304,-306.4010009765625,106.19915771484375,61.6617317199707,65.93936920166016,20.198158264160156,41.08773422241211,19.314817428588867,34.28122329711914,4.2983808517456055,18.708106994628906,-15.225156784057617,20.9802188873291,-15.181734085083008,17.76383399963379,-11.54530143737793,15.415882110595703,-6.861352920532227,16.134004592895508,-9.103372573852539,12.010290145874023,-6.677669048309326,10.111041069030762,-7.553903102874756,10.626303672790527,-4.7859039306640625,8.947866439819336
audio_744.wav,train,44.6506875,16000,0.01899212971329689,0.026334524154663086,0.713714599609375,0.5666189111747851,0.2686246418338109,96.31529725464738,13.096024620980826,11.848224530730121,0.21996405746328795,0.10338997142023024,2308.3492336094596,785.5764417411991,1674.352628717132,350.9157994312465,4214.860539040114,1122.7335866191613,-415.4548645019531,151.70550537109375,50.83029556274414,55.130340576171875,-5.964776039123535,30.057647705078125,27.281064987182617,32.949161529541016,-12.455452919006348,23.60592269897461,1.5482938289642334,20.758708953857422,-18.243423461914062,23.744665145874023,2.5333919525146484,15.266972541809082,-6.879510879516602,14.648920059204102,0.5416238903999329,13.886735916137695,-7.038722991943359,11.926009178161621,1.224158525466919,9.953049659729004,-4.848612308502197,10.735182762145996
audio_662.wav,train,60.0746875,16000,0.04773057997226715,0.04704367369413376,0.691131591796875,0.4179978700745474,0.6735889243876464,159.19961611844158,42.295111366498986,18.401689670672567,0.10061843758320022,0.1118552001803731,1390.2820998328268,1071.5779589277513,1332.1167160186576,657.3990665636004,2671.729399627263,1857.043148324852,-366.71441650390625,121.62007904052734,93.85255432128906,80.86985778808594,15.647435188293457,37.34537124633789,9.727727890014648,30.83976936340332,-2.0882935523986816,22.020322799682617,-2.5066187381744385,21.678808212280273,-9.7507905960083,19.926898956298828,-4.726517677307129,14.923855781555176,0.6269702911376953,13.665410041809082,-2.3782191276550293,12.393205642700195,-5.258511066436768,11.45727825164795,-0.4398462474346161,10.487557411193848,-2.1333775520324707,9.318840026855469
audio_570.wav,train,60.0746875,16000,0.04477196931838989,0.04379852116107941,0.924346923828125,0.42864749733759316,0.7619808306709265,132.33275396903284,19.569662590299387,18.359908614322677,0.09586276540867944,0.06211147187064238,1357.9142484366353,662.7635158892404,1498.4377562564814,399.44307494091277,2630.170893237487,1345.6927752304878,-295.1502990722656,69.12545013427734,120.91793823242188,35.807735443115234,-0.6033754944801331,24.201940536499023,14.632735252380371,22.365049362182617,7.711200714111328,11.751920700073242,0.2842325270175934,12.683015823364258,-6.906665325164795,15.969329833984375,-3.0480003356933594,13.191990852355957,-6.235628128051758,15.33915901184082,6.8862385749816895,14.673060417175293,-7.022309303283691,10.841894149780273,-6.375286102294922,8.941361427307129,-5.082787036895752,10.515515327453613
audio_10.wav,train,36.12,16000,0.027366530150175095,0.024856602773070335,0.597625732421875,0.3852967227635075,0.5606731620903455,137.79308824865404,73.35846439071707,28.972424109993227,0.09894031291519044,0.08957272141828487,1557.469429240775,889.2671697127998,1614.4991944116941,443.5233253404079,3101.064271479185,1611.1864649533204,-356.38604736328125,104.11949157714844,95.85148620605469,46.621437072753906,3.5121912956237793,31.470396041870117,29.527450561523438,28.558679580688477,10.606736183166504,19.884477615356445,6.480048656463623,12.356196403503418,-5.705909252166748,13.886078834533691,-5.090412616729736,15.478736877441406,2.2296717166900635,12.782915115356445,-11.262054443359375,14.14976692199707,-3.592353105545044,9.087211608886719,0.5914088487625122,9.911304473876953,-5.563726425170898,10.015177726745605
audio_628.wav,train,60.0746875,16000,0.04457957297563553,0.042071253061294556,0.61376953125,0.3993610223642173,0.6427050053248137,115.86971395503193,16.952280512611893,20.4552315017594,0.17168155950479233,0.16755968095763554,1946.573168248169,1450.6489054388098,1760.8744162837106,592.153554401408,3533.25928514377,2492.3225517904184,-354.098388671875,110.19879150390625,70.66812133789062,68.7468032836914,30.728824615478516,37.485321044921875,13.111898422241211,29.43716812133789,8.341341018676758,26.80385398864746,0.9591692090034485,17.241718292236328,-5.067473411560059,15.964460372924805,-14.175745964050293,16.795961380004883,-12.444205284118652,16.718034744262695,-14.320080757141113,15.958672523498535,-2.9742672443389893,13.229918479919434,-1.4645850658416748,12.699456214904785,-5.753910541534424,11.697032928466797
audio_606.wav,train,60.0746875,16000,0.04427781701087952,0.05568337440490723,0.980194091796875,0.5383386581469649,0.6932907348242812,108.1102658399776,12.22590102088004,13.084055484375384,0.1841595114483493,0.14329482071723293,2164.5059735493064,1204.5327248292936,1687.720208866495,324.4833613902873,3852.1033013844517,1476.08304147048,-271.8497314453125,71.72705078125,69.06637573242188,51.925262451171875,-5.235157012939453,32.208892822265625,23.763153076171875,22.14460563659668,9.477038383483887,14.434979438781738,5.0432915687561035,13.090742111206055,0.36443620920181274,14.453259468078613,6.936661243438721,11.894696235656738,-8.375503540039062,10.610357284545898,-2.1180412769317627,10.138232231140137,-3.012223720550537,8.054400444030762,-1.8318960666656494,8.325586318969727,-3.5221805572509766,7.399545192718506
audio_73.wav,train,45.06,16000,0.10898758471012115,0.0943138375878334,1.0,0.32150461320085166,0.6281050390347764,119.26495573315601,16.591720537372147,20.409987837737333,0.11659352266678495,0.08481064021945472,1401.257465599539,764.2002027104522,1184.9907006876717,337.10697972948395,2583.020981192335,1176.495497578997,-243.46641540527344,117.48088836669922,93.52110290527344,59.01615524291992,-13.130051612854004,51.131675720214844,59.34503173828125,40.53541946411133,-4.7552490234375,25.715747833251953,-8.413261413574219,25.75562858581543,22.675256729125977,19.88397979736328,-3.3644776344299316,19.220726013183594,-13.046828269958496,18.52895164489746,-3.570042133331299,15.169623374938965,-5.680633544921875,13.280457496643066,5.151834011077881,11.742003440856934,-5.811263561248779,11.521169662475586
audio_605.wav,train,60.0746875,16000,0.048709288239479065,0.04753005877137184,0.94158935546875,0.3828541001064963,0.7731629392971247,113.22324603078411,13.390013955363957,11.777359205388962,0.18087544304113418,0.1554834173658404,2132.4887163301228,1293.5131306296314,1663.7782594313467,353.13578223465436,3759.576344515442,1646.4262018996599,-291.91253662109375,74.1700439453125,69.22801971435547,58.60260772705078,1.3307949304580688,36.45167541503906,27.629716873168945,27.56888198852539,8.364285469055176,16.703929901123047,3.672602415084839,16.51624298095703,1.72065269947052,15.287088394165039,4.7042107582092285,14.063057899475098,-6.835734844207764,12.246596336364746,-4.3683247566223145,11.517572402954102,-4.071939468383789,9.437078475952148,-1.2905198335647583,9.751914978027344,-5.544900894165039,8.529693603515625
audio_106.wav,train,45.06,16000,0.02019539661705494,0.020763631910085678,0.654022216796875,0.43931866572036904,0.5230660042583393,133.09934981412218,24.449628269036467,15.384791687095316,0.2085349067379347,0.1324346066649741,2441.074255889414,1048.3308850625756,1923.172282915571,344.98185788072345,4632.407735982967,1445.0580534895219,-368.297119140625,128.24465942382812,53.700714111328125,43.106178283691406,-3.0734078884124756,28.399227142333984,7.802058696746826,26.739147186279297,-12.348670959472656,17.016578674316406,-16.72136688232422,15.268503189086914,-19.09558868408203,12.246281623840332,-7.760252952575684,11.451119422912598,-21.96839141845703,13.597458839416504,-2.410475015640259,11.247820854187012,-11.580680847167969,9.283430099487305,-5.113247394561768,8.988323211669922,-11.745210647583008,8.602676391601562
audio_306.wav,train,60.0106875,16000,0.031196707859635353,0.03263472020626068,0.93353271484375,0.4035181236673774,0.57409381663113,96.87324609557632,16.921297734896164,17.101661923330127,0.17570264608875266,0.1300079602299336,2033.3488828657514,1106.2570424334006,1724.415900652437,522.1231502578331,3765.4167777185503,1977.8153596555765,-364.55169677734375,165.83421325683594,71.98654174804688,68.817138671875,-3.453115224838257,37.83695983886719,10.009392738342285,31.543399810791016,5.970592975616455,18.33506202697754,-8.085928916931152,21.491125106811523,-2.8156421184539795,15.377760887145996,-6.044392108917236,14.483149528503418,-8.10716724395752,14.078779220581055,-0.7933654189109802,11.58752155303955,-4.41891622543335,10.425969123840332,-1.774522066116333,12.537555694580078,-11.3035249710083,12.208049774169922
audio_75.wav,train,45.06,16000,0.01764608360826969,0.01333771925419569,0.175506591796875,0.24343506032647266,0.7118523775727467,221.27444703492776,30.19039780274801,28.46475860602041,0.19783603730482613,0.15993587098081158,2324.3129533904826,1310.4593303482352,1837.9967544294445,370.2731548132533,4350.425833924769,1705.0697934473228,-391.27972412109375,92.80280303955078,51.99340057373047,50.611629486083984,5.656202793121338,35.46078872680664,7.914816379547119,29.132686614990234,-19.116910934448242,21.375959396362305,0.22559471428394318,14.58682918548584,-19.990921020507812,13.05959701538086,-6.418161392211914,12.53113079071045,-16.175498962402344,10.39646053314209,-13.293441772460938,9.424494743347168,-11.910725593566895,8.161617279052734,-12.862534523010254,10.658015251159668,-5.4019951820373535,9.12507438659668
audio_550.wav,train,60.0746875,16000,0.04209348186850548,0.036366257816553116,0.68743896484375,0.3274760383386581,0.5985090521831736,127.82501456536235,37.37268611404199,14.322262934623012,0.1377397726138179,0.10476393542369224,1990.1025076554438,1049.0400935826779,1876.2521058648058,394.14017390825194,3933.6686301916934,1735.1028428403235,-284.9674072265625,77.20768737792969,82.85780334472656,43.76553726196289,24.398630142211914,32.5146369934082,29.226898193359375,32.60246276855469,-1.3540884256362915,16.328567504882812,-9.118687629699707,18.11492347717285,-7.388911724090576,16.030012130737305,-7.943976402282715,13.864602088928223,-16.129955291748047,13.929861068725586,-8.13339900970459,14.759561538696289,3.1047182083129883,13.814107894897461,-12.00658130645752,14.441786766052246,-0.9499821066856384,11.029773712158203
audio_340.wav,train,60.0746875,16000,0.0285327285528183,0.03226795792579651,0.962860107421875,0.5031948881789138,0.34877529286474973,102.63362906904881,14.723905881436261,12.7115778228967,0.23908101204739085,0.13582224399500825,2736.131353011647,1063.5217919976112,1733.2967087708585,412.88062241964076,4652.763911075613,1318.9482971876214,-335.1659240722656,165.9722900390625,28.471912384033203,51.2844352722168,-11.791248321533203,44.003482818603516,30.37880516052246,36.84651184082031,-16.604459762573242,30.23346519470215,2.981243371963501,15.591392517089844,-6.525981903076172,15.5542631149292,-5.282650947570801,15.422843933105469,-0.09618832170963287,12.217044830322266,2.481396198272705,13.651405334472656,-4.892575740814209,9.840383529663086,-2.4822824001312256,9.141752243041992,-3.863812208175659,8.914356231689453
audio_272.wav,train,46.336,16000,0.05524132773280144,0.05550602450966835,0.737762451171875,0.4209799861973775,0.4078674948240166,182.87233715141332,35.485359743660794,25.666600237097498,0.16999162946428573,0.1387724783354973,2027.4251753776896,1216.7106893176297,1376.4746890357367,567.2324342171952,3463.7088077984818,1810.7033843585955,-329.0542907714844,163.74180603027344,43.29374694824219,63.90498352050781,-21.3862361907959,38.71858596801758,31.722469329833984,34.65658950805664,-16.531919479370117,22.22940444946289,-13.00255298614502,16.751869201660156,-11.903996467590332,16.718732833862305,0.28641191124916077,12.441004753112793,-16.868057250976562,16.37903594970703,-8.261067390441895,12.033363342285156,-2.857072353363037,12.421667098999023,-5.757230281829834,11.41759967803955,-7.6466145515441895,10.735486030578613
audio_518.wav,train,60.0746875,16000,0.056248851120471954,0.05112561210989952,0.94549560546875,0.38498402555910544,0.7657082002129926,209.46020973470291,32.05935114291556,37.77411251124312,0.1642624405118477,0.16431171948808707,2040.771187865592,1474.7444391906213,1616.6272764198482,589.5501094319003,3595.3183240149096,2216.891874735125,-293.97369384765625,99.33621215820312,55.083457946777344,65.36705017089844,16.061025619506836,44.447078704833984,6.508691310882568,34.205867767333984,-15.580960273742676,23.172758102416992,-14.903497695922852,21.945219039916992,-11.934926986694336,15.079497337341309,-8.621567726135254,14.780326843261719,-17.140287399291992,15.198307037353516,-6.518604278564453,11.098671913146973,-13.57678508758545,10.653485298156738,-6.554802417755127,9.067181587219238,-4.950986862182617,8.34521484375
audio_34.wav,train,43.74,16000,0.06489022821187973,0.058601461350917816,1.0,0.3401609363569861,0.7008046817849305,138.19220186854506,32.62721847639768,44.26910475203697,0.10046449227322604,0.089853323236224,1759.0176719317994,879.7178656726319,1952.4922386292203,411.1810483071785,3771.45437088515,1781.293676097795,-263.30084228515625,88.7110824584961,81.40726470947266,40.08543014526367,31.967435836791992,25.940698623657227,27.874919891357422,27.682647705078125,6.805285930633545,19.32355308532715,-7.448609352111816,17.45891761779785,-6.356636047363281,15.274751663208008,-0.6594595313072205,14.329358100891113,-3.9899563789367676,12.194437026977539,-7.713746547698975,14.806107521057129,-4.566677570343018,9.105316162109375,4.59018087387085,9.638628005981445,-5.471953868865967,9.133204460144043
audio_87.wav,train,45.0,16000,0.04232628643512726,0.04233838990330696,1.0,0.40298507462686567,0.6787491115849325,111.27813843321147,10.704442400212466,7.0512402510616425,0.10210838941453447,0.08012491945847593,1457.5402508134048,693.9007211701588,1374.4654884365837,364.41643961796547,2877.0266968727788,1247.0055137965137,-320.5051574707031,123.92587280273438,102.6596908569336,44.492279052734375,-11.772993087768555,45.19564437866211,42.40315628051758,31.171972274780273,-11.439804077148438,26.995075225830078,-6.85902738571167,20.091432571411133,-2.126058578491211,16.917646408081055,-18.492881774902344,20.238588333129883,-2.55666446685791,13.565157890319824,-3.0673422813415527,13.368661880493164,-6.6706223487854,9.71528434753418,3.6913552284240723,10.404855728149414,-5.016378879547119,10.600831985473633
audio_211.wav,train,61.03475,16000,0.0624154694378376,0.05202990397810936,0.927215576171875,0.2662473794549266,0.7327044025157232,154.66751207845843,25.948028399660096,22.679426256413564,0.11525638348401468,0.07973931815909217,1233.2944365368137,546.8346805970292,1011.8326010415924,225.59127047811077,2315.308896750524,955.8695558355812,-305.93231201171875,95.19344329833984,110.29991912841797,44.89735412597656,-18.73304557800293,44.786075592041016,50.439735412597656,37.30398178100586,-23.36689567565918,25.13044548034668,-18.473873138427734,19.643774032592773,-2.381134271621704,16.94916343688965,-32.72802734375,17.61974334716797,-0.022524723783135414,15.517024993896484,-7.711951732635498,11.40211296081543,-5.166761875152588,9.236224174499512,4.531816005706787,10.202615737915039,-10.905753135681152,8.539716720581055
audio_431.wav,train,60.0746875,16000,0.06401507556438446,0.05335276201367378,0.94451904296875,0.29659211927582535,0.7864749733759319,202.90956258890662,67.22620767146475,51.85845593451242,0.1472440969448882,0.12912159277284038,1876.772304311605,1087.4077568851787,1629.237829291016,521.8765596539455,3464.540069222577,1834.9618214735506,-305.39501953125,135.67236328125,72.45928192138672,56.932498931884766,-3.7936155796051025,50.57737350463867,7.407136917114258,31.79474639892578,-7.876439571380615,24.593265533447266,-1.6363368034362793,21.247766494750977,-2.038032054901123,16.5609130859375,8.645613670349121,15.599109649658203,-2.6963419914245605,17.815494537353516,-3.3786380290985107,13.484272956848145,-14.065751075744629,13.769556999206543,-4.433781623840332,11.027948379516602,-1.6258668899536133,10.397007942199707
audio_555.wav,train,60.0746875,16000,0.05156762897968292,0.04668828472495079,0.94720458984375,0.31895633652822153,0.722577209797657,115.86971395503193,27.594691193735937,14.991833806720976,0.09182027505990416,0.05879918006805584,999.8657334562034,656.6751436559182,862.2740261898989,579.5717054243748,1803.4686168796593,1361.662435549534,-379.3798828125,114.50977325439453,127.2972640991211,81.20807647705078,0.14133720099925995,39.43132781982422,-7.505069255828857,35.05165481567383,0.17881052196025848,23.52052116394043,-10.499088287353516,19.911460876464844,-13.688891410827637,21.177722930908203,-8.167702674865723,14.328459739685059,-5.722226142883301,13.486007690429688,-9.967011451721191,14.007330894470215,-8.538944244384766,11.509249687194824,-7.584792613983154,10.936918258666992,-3.5804367065429688,9.188688278198242
audio_648.wav,train,60.0746875,16000,0.04565814137458801,0.03784123435616493,0.801239013671875,0.3045793397231097,0.6517571884984026,106.252996181733,227.103760789672,16.44029958453892,0.15424487486687966,0.14297322853932803,1846.1571361377044,1378.173922132396,1560.2338223007862,503.3372041592448,3259.9091453674123,2006.5583162112994,-331.4294128417969,103.36216735839844,85.80198669433594,72.78875732421875,20.512937545776367,42.2672004699707,17.576204299926758,33.25150680541992,16.686697006225586,25.12148094177246,6.698282718658447,18.545249938964844,-9.851566314697266,22.015703201293945,-5.789396286010742,19.145755767822266,-0.6665813326835632,16.742860794067383,-8.401333808898926,16.021486282348633,-27.330114364624023,14.885690689086914,-9.269071578979492,12.831514358520508,4.57874870300293,11.601120948791504
audio_5051.wav,train,60.0746875,16000,0.0804571807384491,0.01833379454910755,0.949981689453125,0.0,0.3924387646432375,81.46036537576103,28.505831413446213,58.39490272702011,0.4705954847244409,0.06237402534222058,3910.3897784884634,209.2100038534849,2331.3379969611533,78.0331399434412,6748.88927715655,134.64531261460778,-34.724788665771484,8.872554779052734,0.652183473110199,9.286309242248535,3.0731167793273926,6.381369590759277,2.462014675140381,5.288103103637695,1.0317813158035278,4.12251091003418,0.4248068332672119,3.794224739074707,-1.0393857955932617,3.9969122409820557,-0.6698327660560608,3.918581008911133,-0.8197481632232666,3.653808116912842,-0.8423240780830383,3.7913360595703125,0.04035799577832222,3.4394149780273438,-0.3962467312812805,3.0613856315612793,-0.02370605245232582,3.0786359310150146
audio_422.wav,train,60.0746875,16000,0.0540887825191021,0.047774799168109894,0.909637451171875,0.33865814696485624,0.597444089456869,260.1187129259726,167.2884097163253,48.427543882112076,0.1400912186335197,0.1335090175600621,1716.9352789228624,1176.136733034325,1603.7109875172343,523.6980542910067,3175.290368743344,1900.8956739130576,-312.0004577636719,101.74048614501953,98.84552001953125,53.703250885009766,5.903291702270508,36.4338264465332,5.384311676025391,30.82280731201172,-2.6535966396331787,22.999530792236328,-16.50408363342285,24.144840240478516,-9.459924697875977,15.380703926086426,-7.381566524505615,14.774393081665039,-11.0322904586792,14.171402931213379,-15.74525260925293,13.673147201538086,-7.366302490234375,10.143769264221191,-1.567870855331421,12.472566604614258,-4.848751544952393,9.502923965454102
audio_627.wav,train,60.0746875,16000,0.06002214178442955,0.05359707772731781,0.799957275390625,0.3232161874334398,0.5867944621938233,117.21605517913326,25.239102602645943,30.130944932573854,0.17100685777755592,0.16262859354502762,1908.5696122744148,1438.0375191167484,1764.495103269985,602.6642697324057,3466.8571951544195,2455.657462320047,-323.6444091796875,112.83899688720703,76.39936065673828,69.20506286621094,38.84913635253906,39.47340393066406,15.247570991516113,33.278472900390625,9.098109245300293,30.4954776763916,-1.0317952632904053,17.882314682006836,-7.079978942871094,18.193632125854492,-14.03498649597168,15.551264762878418,-12.301321983337402,16.180620193481445,-16.43303871154785,16.627086639404297,-8.534765243530273,12.603842735290527,-5.694238185882568,12.422627449035645,-6.247767925262451,12.585941314697266
audio_122.wav,train,45.0,16000,0.00879080779850483,0.006539909169077873,0.113616943359375,0.2515991471215352,0.8649609097370291,115.20235351026894,21.715871479011607,16.602311787134383,0.06658913857054016,0.022618346704306142,1176.056104324303,345.47144238728936,1360.31424293613,427.0257284624374,2384.772565742715,1039.862672167457,-426.6356201171875,64.83976745605469,131.54869079589844,31.84639549255371,-12.708447456359863,29.749608993530273,22.7579402923584,19.81013298034668,5.21270751953125,13.853658676147461,-5.917947769165039,15.694586753845215,-8.460318565368652,11.97889232635498,0.3537833094596863,10.621150970458984,-2.0620179176330566,9.766097068786621,3.1702463626861572,10.073479652404785,0.7342580556869507,7.40608024597168,1.119957685470581,6.269979476928711,-2.1484367847442627,6.707825660705566
audio_88.wav,train,45.06,16000,0.04985103756189346,0.08988012373447418,1.0,0.8048261178140526,0.6117814052519518,203.49728415799734,49.44772161806253,26.25350780884733,0.05972591099627395,0.08033021118124456,1275.1629427633693,870.2515721461934,1591.3545395143708,499.2813572867186,2612.230526969482,1727.5727441601573,-335.0032043457031,80.34230041503906,90.88662719726562,46.072689056396484,28.808246612548828,26.39551544189453,21.08148193359375,22.061058044433594,7.276581287384033,14.699316024780273,0.23626834154129028,14.378829956054688,5.783886432647705,12.334798812866211,6.168041706085205,12.782550811767578,4.497631549835205,8.7255859375,5.490117073059082,8.709197044372559,0.5721237063407898,8.369256019592285,3.5984976291656494,8.212201118469238,1.321572184562683,6.884696960449219
audio_165.wav,train,60.0746875,16000,0.0565636083483696,0.054991576820611954,0.90191650390625,0.4084132055378062,0.6996805111821086,157.37105256787842,44.9269202714461,17.430244315150333,0.09260027705670927,0.08125971267456804,1588.6959219441285,754.1901131524776,1712.8810821055326,440.17674683860514,3390.770600372737,1437.1801449180664,-324.0660095214844,141.2431182861328,72.50260925292969,44.10220718383789,3.9742558002471924,31.473663330078125,31.144298553466797,30.17434310913086,3.019726037979126,18.754257202148438,-2.3163537979125977,15.976893424987793,-6.971710681915283,17.34784507751465,-11.16592025756836,16.013240814208984,-5.500810146331787,15.695451736450195,-9.967395782470703,16.57735252380371,6.564974784851074,12.400248527526855,-14.669001579284668,13.841185569763184,0.5619310140609741,9.30878734588623
audio_276.wav,train,60.0746875,16000,0.0511850081384182,0.04683370143175125,0.9139404296875,0.32161874334398294,0.6922257720979765,94.6606580968763,14.011844960040595,16.92392886518317,0.18442497212792866,0.14144244890155785,2341.46777133666,1122.20143226549,2006.393867599138,377.3343611751649,4690.724008253461,1684.3020930621844,-301.3975524902344,144.2454376220703,56.17873764038086,59.2338981628418,25.611373901367188,35.09414291381836,18.626731872558594,31.40961456298828,9.20474624633789,20.366455078125,4.863707065582275,20.278528213500977,-6.206969738006592,18.72008514404297,21.023521423339844,19.56855583190918,-4.755700588226318,15.424297332763672,-4.1277174949646,15.054661750793457,-1.59722101688385,14.733373641967773,-2.1141908168792725,12.354414939880371,-14.819051742553711,13.778722763061523
audio_746.wav,train,61.0346875,16000,0.07836252450942993,0.06054197624325752,0.942413330078125,0.2389937106918239,0.699685534591195,183.93170582347207,114.08545140263992,32.65875660081244,0.1926479379585954,0.1809893608397025,1747.517632098171,1458.0514024559031,1188.3567539291614,561.2610221899151,2880.5686582809226,2030.2936744250696,-318.0768737792969,105.94155883789062,95.28634643554688,85.02920532226562,-2.5509824752807617,51.49216079711914,6.684957027435303,35.022518157958984,-38.34195327758789,27.004344940185547,-28.140649795532227,24.708097457885742,-10.723466873168945,22.14497184753418,-14.661577224731445,18.942110061645508,-13.69554615020752,19.252838134765625,-10.080960273742676,14.760879516601562,-24.8508243560791,14.467229843139648,-5.117829322814941,13.890460014343262,-2.2324907779693604,11.894792556762695
audio_252.wav,train,60.08,16000,0.023377131670713425,0.03264434635639191,0.512603759765625,0.5947816826411075,0.6677316293929713,141.8307339283537,39.32609692242949,67.02148496592997,0.09531052399494143,0.086554504620583,1285.110286413841,734.1533126039018,1385.8898835779837,402.9261790363064,2422.6529219914805,1287.8745138436736,-435.9951477050781,106.37706756591797,96.90343475341797,44.569217681884766,10.253726959228516,34.132354736328125,24.901777267456055,33.39064407348633,4.205052852630615,17.326862335205078,-7.065991401672363,27.989276885986328,-0.015743430703878403,14.575136184692383,-4.698540687561035,12.800298690795898,-1.4733585119247437,12.187080383300781,-1.1441680192947388,10.863588333129883,-3.877216339111328,9.888826370239258,-0.5451880097389221,9.545326232910156,-3.579097032546997,8.430801391601562
audio_266.wav,train,60.08,16000,0.016586391255259514,0.02259867452085018,0.3558349609375,0.6166134185303515,0.8061767838125665,122.75968568932456,17.84351054817021,15.116698789899573,0.11718125998402557,0.10440844569287028,1547.0113840642523,879.1024262602098,1517.4123547402091,453.5209269450999,2963.1880657614483,1585.3207061555647,-444.5740051269531,130.4617156982422,91.30148315429688,59.62398910522461,1.296415090560913,26.487651824951172,11.150148391723633,23.84895133972168,3.2876455783843994,15.164875984191895,2.79101300239563,11.078516960144043,-5.267838001251221,15.309083938598633,-1.3285375833511353,9.600968360900879,-5.079189777374268,9.915480613708496,-5.607991695404053,10.264103889465332,-8.34538745880127,8.646219253540039,-0.7107778787612915,8.7174711227417,-5.739940166473389,8.9437837600708
audio_611.wav,train,60.0106875,16000,0.029095014557242393,0.03455642610788345,0.60833740234375,0.5127931769722814,0.38699360341151384,111.27813843321147,11.752363230914261,12.254056923381768,0.18088217533981876,0.13425197877753572,2554.662816878815,1310.4775210553164,1807.1608158766292,499.1143026994493,4472.818663379531,2146.4432298770207,-411.8653259277344,148.85877990722656,39.69307327270508,71.57959747314453,7.001223087310791,28.057247161865234,18.493791580200195,31.6420955657959,-4.119453430175781,17.65511703491211,-4.898835182189941,17.70737075805664,-5.521083354949951,15.495848655700684,-1.1406317949295044,10.265762329101562,-11.181686401367188,14.695326805114746,-0.8518328666687012,9.952852249145508,-14.152670860290527,14.513938903808594,-0.6966300010681152,9.64658260345459,-10.055954933166504,11.238033294677734
audio_5058.wav,train,60.0746875,16000,0.08851609379053116,0.01678481698036194,0.95001220703125,0.0,0.288604898828541,77.33375603922921,29.43517696146957,18.732323845445208,0.45386574189629925,0.06180291316082562,3872.3774097818778,186.4789070944146,2356.0337612007247,62.64219959667128,6750.2620806709265,99.88347888551795,-24.748037338256836,6.922309398651123,3.0280516147613525,7.64707612991333,4.40211296081543,6.392914772033691,3.7373030185699463,5.61583948135376,2.648444890975952,4.697405815124512,1.288988471031189,4.011604309082031,0.3416576683521271,4.055645942687988,-0.1980634331703186,3.8632607460021973,0.35007745027542114,3.836801767349243,0.15687143802642822,3.557725429534912,-0.375682532787323,3.679410219192505,-0.19673576951026917,3.329892635345459,-0.30252397060394287,3.1091203689575195
audio_81.wav,train,45.0,16000,0.04468197375535965,0.037180252373218536,0.61614990234375,0.2956645344705046,0.6773276474769012,162.92073075152206,18.438972666423584,23.615228202007643,0.20228378198294242,0.17663517760258027,2601.946571457247,1420.9592696051777,2019.7111617649814,462.0799100934445,4700.87064676617,2019.8160457344743,-310.9337158203125,140.61671447753906,45.03485870361328,59.95766830444336,9.421234130859375,38.4184455871582,15.90595817565918,31.577625274658203,-2.630873918533325,21.427888870239258,-18.219085693359375,22.824495315551758,-3.9001622200012207,15.683204650878906,-17.216812133789062,17.35128402709961,-4.887501239776611,11.636972427368164,-14.719694137573242,12.138490676879883,-5.593596935272217,10.526844024658203,-9.231916427612305,9.36724853515625,0.9998944997787476,9.354231834411621
audio_3.wav,train,44.88,16000,0.011401980184018612,0.011571334674954414,0.263946533203125,0.4640057020669993,0.7576621525302922,94.11545282508624,13.760695409540089,12.621622946448696,0.11105805639700642,0.0917202260598169,1550.2296764309503,792.8838729986876,1608.9963610082987,504.82265270649475,3175.722781539558,1616.0565754055963,-415.3970031738281,92.25165557861328,111.17991638183594,47.885772705078125,-0.06621083617210388,26.890430450439453,20.384489059448242,24.850360870361328,3.5912115573883057,18.401317596435547,1.6696511507034302,12.923205375671387,-8.336041450500488,13.897299766540527,-4.683794975280762,11.56520938873291,-9.505757331848145,12.094831466674805,-5.521578788757324,10.756611824035645,0.631596565246582,7.795689582824707,1.1029589176177979,7.691930294036865,-2.944988489151001,6.541194438934326
audio_21.wav,train,45.06,16000,0.022948430851101875,0.02310432866215706,0.453857421875,0.41589779985805536,0.6749467707594038,216.22053167995523,33.08557574266119,33.07107454234006,0.1686188675479063,0.1284288569134949,1940.4592548828682,1071.2838574293205,1458.7479224871067,466.3622466391611,3400.810636976579,1742.328362204376,-399.9859924316406,120.34900665283203,61.469669342041016,57.66709899902344,-21.979663848876953,40.45756530761719,12.625514030456543,33.733760833740234,-29.70417022705078,25.78538703918457,-9.25460433959961,18.13776397705078,-17.68289566040039,15.37619400024414,-11.526805877685547,13.606087684631348,-13.171658515930176,13.07520866394043,-10.009273529052734,9.890817642211914,-11.91033935546875,10.47815990447998,-8.486945152282715,10.683006286621094,-4.8970184326171875,10.033411026000977
audio_190.wav,train,60.551,16000,0.032455019652843475,0.036888182163238525,0.515411376953125,0.4432118330692023,0.6788166930797676,173.60841241450115,137.41211653986718,22.204368355421423,0.0793999995872953,0.044507910346320206,909.9201668760494,369.24170650297407,857.0109898090386,249.6603988459202,1636.0315966719493,669.4319198611544,-393.3439636230469,111.2275161743164,122.13484191894531,61.98604965209961,-13.71951675415039,34.885921478271484,14.523058891296387,21.405216217041016,6.510439872741699,12.199348449707031,-4.036091327667236,11.806386947631836,2.054335355758667,10.06435489654541,-12.860519409179688,12.185162544250488,-6.620987415313721,9.412651062011719,-7.214507579803467,7.178945541381836,-12.868412971496582,9.306464195251465,-6.208622932434082,6.781918525695801,-7.7492852210998535,6.176692485809326
audio_189.wav,train,60.02,16000,0.050628889352083206,0.0435032844543457,0.619903564453125,0.35074626865671643,0.7393390191897654,241.30149553281768,67.56734792482166,29.372711438371027,0.12591930137260127,0.144860987166127,1661.7593562428324,1327.8419071329733,1625.4453143684843,504.0109667444655,2903.809634861407,2187.8898983081444,-350.82257080078125,100.39286804199219,74.92475891113281,58.80066680908203,43.524024963378906,27.590198516845703,16.42213249206543,27.58206558227539,-12.88676643371582,24.1915225982666,-11.58179759979248,20.527198791503906,-8.855979919433594,16.075267791748047,-5.911040306091309,16.227434158325195,-7.892139911651611,16.505924224853516,-2.6452043056488037,12.12151050567627,-5.679255962371826,10.819722175598145,-5.811385631561279,11.318328857421875,-6.534348487854004,10.5010404586792
audio_519.wav,train,60.0746875,16000,0.0471147857606411,0.041818007826805115,0.736541748046875,0.35356762513312034,0.7507987220447284,115.20235351026894,27.99186519076047,8.727981635113338,0.11238632770899894,0.0825787866648116,1495.9618735421896,756.4773080101234,1530.7529421109052,453.3517529396752,3009.93410543131,1467.9028339549814,-308.7024841308594,90.71952056884766,109.51046752929688,45.52875518798828,1.0578595399856567,26.619964599609375,29.913183212280273,30.16737174987793,3.1511759757995605,18.456275939941406,3.9347991943359375,17.934799194335938,-7.582889080047607,17.680004119873047,-2.973353147506714,12.48183822631836,-10.681915283203125,13.058778762817383,-12.709155082702637,16.090190887451172,5.719973564147949,13.91066837310791,-4.2104973793029785,10.557765007019043,-7.49666166305542,9.618681907653809
audio_748.wav,train,60.0746875,16000,0.04488730430603027,0.04348189756274223,0.82330322265625,0.42971246006389774,0.6347177848775293,102.04250286354403,155.119899188908,12.901244129301872,0.152194249617279,0.12577902426376106,1894.639492056825,956.3614896574998,1750.8122994421587,381.84631156950263,3844.4447217784877,1475.3778761107176,-321.4933166503906,127.12803649902344,82.71751403808594,46.77998733520508,10.620224952697754,32.683319091796875,31.268869400024414,29.388776779174805,7.407049655914307,20.793546676635742,14.282391548156738,16.134275436401367,-11.359869956970215,18.946823120117188,3.3878142833709717,17.22171974182129,-13.429874420166016,15.841591835021973,-4.409628391265869,15.926461219787598,-4.510318279266357,12.974860191345215,1.4564740657806396,11.907373428344727,-8.00504207611084,13.411283493041992
audio_505.wav,train,60.0746875,16000,0.043780501931905746,0.042017512023448944,0.926605224609375,0.4291799787007455,0.7523961661341853,223.84553226259098,59.756491410827195,23.1500624470456,0.1138004713292066,0.09484854586752244,1522.1274784360526,838.5211674672636,1503.7002033365895,513.4593924861553,3033.300885250266,1606.2832787382633,-357.9749755859375,102.10794067382812,82.3528823852539,47.85919189453125,8.295883178710938,36.33006286621094,29.910930633544922,33.035179138183594,-8.031210899353027,19.12143325805664,-17.04084587097168,24.226764678955078,-10.927228927612305,18.258943557739258,-8.172782897949219,16.395044326782227,-10.31391429901123,14.875016212463379,-3.7434115409851074,10.953923225402832,-2.8050010204315186,10.825984001159668,-3.7625396251678467,11.207199096679688,-2.6453700065612793,9.573920249938965
audio_361.wav,train,60.0746875,16000,0.0178801529109478,0.03068794682621956,0.855621337890625,0.6821086261980831,0.3498402555910543,118.57804013471404,47.472892731902306,12.477677427122316,0.2381574896831736,0.12200449032868352,2707.7400581398438,1063.5928804594496,1813.3419037143292,504.6963042371472,4763.416034345048,1633.6543254859494,-509.2919921875,140.5161590576172,29.531103134155273,55.977439880371094,0.5155718326568604,29.891496658325195,25.30298614501953,41.69761276245117,-6.780527114868164,21.958337783813477,2.0617728233337402,17.42955207824707,-6.403779029846191,18.881242752075195,-2.9690651893615723,13.519055366516113,-6.882560729980469,14.051862716674805,-11.121461868286133,16.654586791992188,-3.3938300609588623,10.67552375793457,-6.320390701293945,10.971282958984375,-3.966876983642578,9.068058013916016
audio_5052.wav,train,60.0746875,16000,0.1319931298494339,0.02072877623140812,0.949981689453125,0.0,0.26943556975505856,85.80717486147108,57.15002015868853,111.82360434161293,0.44815638728035145,0.0625623649950724,3870.605867369012,169.75683075347365,2355.3843159965068,56.11511828310209,6748.152955271566,94.07168059079406,13.879188537597656,7.17404317855835,3.0431320667266846,7.499706745147705,3.8707635402679443,4.988964080810547,2.2745535373687744,3.9017322063446045,0.386672705411911,3.1902964115142822,-1.3966866731643677,3.6910240650177,-2.098095178604126,3.5352206230163574,-1.7555960416793823,3.6194305419921875,-1.6978331804275513,3.8976762294769287,-1.7537572383880615,3.7385969161987305,-2.110051155090332,3.659044027328491,-2.3248183727264404,3.9257731437683105,-1.7823580503463745,3.5987324714660645
audio_16.wav,train,44.28,16000,0.012852550484240055,0.008235740475356579,0.19378662109375,0.21026011560693642,0.6575144508670521,132.33275396903284,25.37698236361943,27.887746312092048,0.11304663509302745,0.11302038191315812,1709.998826314348,1018.942022839834,1643.4227911162875,443.48416568785177,3295.0009031791906,1580.706902016683,-393.4291076660156,88.43791961669922,94.16510772705078,53.613773345947266,-0.07522609829902649,38.08352279663086,32.78608322143555,25.866546630859375,12.431166648864746,21.660259246826172,3.766714572906494,16.177404403686523,-4.535944938659668,15.992270469665527,10.466813087463379,15.298413276672363,7.598878383636475,10.953486442565918,-3.6767263412475586,11.846156120300293,-0.06929289549589157,12.802664756774902,13.267533302307129,10.831815719604492,-6.511707305908203,10.825738906860352
audio_327.wav,train,60.0746875,16000,0.03947457671165466,0.040618859231472015,0.670684814453125,0.3951011714589989,0.6144834930777423,206.4563592676515,160.58427225143467,58.37259596946092,0.1735223642172524,0.15250491332898738,1996.037804023456,1226.9816418117684,1596.4564087347226,494.0626041469075,3587.9675851970183,1730.573561184228,-352.4392395019531,139.41091918945312,64.68203735351562,56.89240646362305,-2.319946527481079,52.4828987121582,27.230003356933594,34.30209732055664,-9.410053253173828,28.3444881439209,-12.861898422241211,21.965862274169922,-17.11868667602539,20.273447036743164,-3.8631527423858643,16.292348861694336,-10.665732383728027,15.808050155639648,-4.557066917419434,11.686266899108887,-7.81018590927124,11.068387985229492,-4.670249938964844,11.654877662658691,-7.248404502868652,10.865501403808594
audio_313.wav,train,60.0746875,16000,0.03716244921088219,0.03694789111614227,0.588714599609375,0.43450479233226835,0.6687965921192758,112.57112811964524,34.35007824001295,14.481156911115463,0.09950771473974973,0.10005302739258837,1350.3450194939671,987.3767090570244,1271.39990717903,537.8680421693686,2409.5946485623003,1651.8014463553297,-365.6302185058594,92.80105590820312,121.1217041015625,73.9783935546875,-4.65713357925415,30.793668746948242,4.748930931091309,29.197803497314453,18.206436157226562,19.66476821899414,6.120780944824219,16.5197696685791,-1.088383674621582,15.988211631774902,-0.2945104241371155,14.750042915344238,-1.7720967531204224,12.681961059570312,-5.17130184173584,13.355892181396484,-6.541804790496826,11.31021785736084,2.7002129554748535,11.108681678771973,0.203098863363266,10.69824504852295
audio_589.wav,train,60.0746875,16000,0.033642541617155075,0.033155057579278946,0.930084228515625,0.4371671991480298,0.6064962726304579,206.4563592676515,223.57141044085327,138.0383574011199,0.12669936435037274,0.11496875293023329,1618.3473226469519,1013.917344878978,1628.939663257801,471.53774396896637,3166.150825346113,1699.50434480023,-331.6061096191406,73.46141052246094,94.8917236328125,40.668060302734375,13.860718727111816,30.965051651000977,33.5910758972168,28.84639549255371,5.968873023986816,23.159086227416992,12.48451042175293,17.191547393798828,0.7193360328674316,19.292808532714844,1.8527251482009888,15.445884704589844,11.375326156616211,14.243766784667969,7.8412299156188965,11.989526748657227,-5.598086833953857,11.577118873596191,-1.3190151453018188,9.798619270324707,0.8888028860092163,9.118998527526855
audio_416.wav,train,60.0746875,16000,0.06714288145303726,0.05171574279665947,0.596893310546875,0.2795527156549521,0.7300319488817891,214.97519305553408,34.33317122134066,35.996161775510444,0.13541276665668264,0.12035847215178985,1545.540843341822,1129.1130411890113,1337.4405581439714,552.0994910952561,2758.652822151225,1938.5492653714068,-341.4951477050781,117.6986312866211,88.33687591552734,67.30242156982422,4.661763668060303,40.782779693603516,15.051138877868652,30.670682907104492,-23.687349319458008,23.893665313720703,-15.427720069885254,18.710718154907227,-7.78381872177124,14.905234336853027,-14.56049633026123,16.851863861083984,-11.202880859375,13.6032075881958,-13.052718162536621,11.619559288024902,-12.011051177978516,9.91568374633789,-5.806873798370361,10.774925231933594,-8.412676811218262,9.148831367492676
audio_762.wav,train,60.167,16000,0.047420114278793335,0.042511843144893646,0.94635009765625,0.36310473152578415,0.57150451887294,172.60850153728515,45.81868944665971,30.296193308710883,0.20705824694311536,0.14386602095837273,2403.9591108143345,1186.8274103469166,1734.374507447903,386.5075861985688,4252.446338383838,1693.0734002957977,-287.9911193847656,125.04076385498047,43.196205139160156,68.93035888671875,-3.290841817855835,43.65282440185547,5.410223007202148,35.13413619995117,-11.991064071655273,24.65186882019043,-11.978389739990234,22.306640625,-13.416025161743164,18.403003692626953,-2.5936996936798096,17.234586715698242,-17.57084846496582,20.423297882080078,4.576008319854736,15.098097801208496,-14.89761734008789,13.435393333435059,-4.156245708465576,11.179262161254883,-7.5695414543151855,9.771273612976074
audio_714.wav,train,60.0746875,16000,0.017338283360004425,0.02293701097369194,0.375457763671875,0.6192758253461129,0.3647497337593184,98.56656061031477,182.81418003386747,24.60429763627971,0.18508095380724174,0.08728325207558474,2084.32461445859,853.0531223662902,1904.2494854626023,444.8729683089504,4145.775093184238,1852.056491497494,-376.98516845703125,62.581878662109375,76.69087982177734,40.4562873840332,13.271927833557129,24.018413543701172,18.488061904907227,19.343809127807617,-0.4529431164264679,15.066314697265625,1.4877921342849731,16.037355422973633,-8.492735862731934,14.09637451171875,-0.8553365468978882,11.380035400390625,-6.253751277923584,11.630599021911621,2.400259017944336,11.046150207519531,-3.7677435874938965,9.891697883605957,-1.1540443897247314,8.496206283569336,-5.451146602630615,8.8599853515625
audio_455.wav,train,60.0746875,16000,0.043596960604190826,0.05324641615152359,0.944732666015625,0.5122470713525027,0.6656017039403621,254.17759331190004,69.40141209574617,43.70163659793613,0.10403874633919062,0.042417230219827844,1323.021960672688,460.4960971192277,1310.8324620978915,347.4896981286579,2424.9492478700745,1091.5671174106903,-346.1600036621094,92.51948547363281,93.20500183105469,30.268342971801758,-4.046903133392334,29.02664566040039,-4.634276866912842,26.199548721313477,-29.457181930541992,31.06597328186035,-5.70395565032959,15.834175109863281,-8.810303688049316,17.351360321044922,-4.762001037597656,12.60953426361084,-6.35701322555542,12.775473594665527,-9.808058738708496,8.526905059814453,-5.062496185302734,9.841004371643066,-4.701303005218506,11.89747142791748,8.650956153869629,9.941027641296387
audio_42.wav,train,38.46,16000,0.007571652065962553,0.006520021706819534,0.11309814453125,0.3178036605657238,0.7396006655574043,88.32151700497141,16.570233145481094,15.882057900047414,0.09818312253015807,0.07939503836843156,1830.8701242570605,791.5015666589245,2012.3702911828898,385.1826783970787,4020.6881759567386,1564.3375565954013,-433.51361083984375,75.73776245117188,82.27915954589844,34.55960464477539,24.41520881652832,24.94251251220703,29.17733383178711,22.435314178466797,12.296616554260254,17.53289794921875,3.5363638401031494,16.982728958129883,9.455568313598633,11.016908645629883,-0.7264854907989502,12.938597679138184,-8.179616928100586,14.008237838745117,1.8318523168563843,10.84504222869873,0.76030033826828,8.9246187210083,0.08001051098108292,8.19769287109375,-4.913817882537842,8.419899940490723
audio_561.wav,train,60.0746875,16000,0.04505598545074463,0.04222264885902405,0.933502197265625,0.3769968051118211,0.6847710330138446,225.1422562392905,53.469595005810554,45.990856510272124,0.1420453836361821,0.0982830445375281,1746.8053997936643,947.6863868110828,1495.4706683914644,420.26373132005034,3178.659977369542,1511.2910900094294,-316.3486633300781,94.52950286865234,89.6690673828125,44.15735626220703,-13.911140441894531,34.5997428894043,18.983646392822266,33.11236572265625,-3.0081443786621094,20.36359405517578,-11.098217964172363,18.48518180847168,-17.115694046020508,16.49099349975586,-17.80729103088379,18.039426803588867,-6.852148056030273,14.836923599243164,-1.5010427236557007,12.402149200439453,-0.421579509973526,12.86934757232666,-14.640560150146484,12.977668762207031,6.9941792488098145,12.902926445007324
audio_226.wav,train,60.188375,16000,0.025941701605916023,0.029840469360351562,0.581298828125,0.4859117490696438,0.46517809675704413,98.56656061031477,46.77520513715625,60.9119330664344,0.09750802639885699,0.06807691039121758,1151.7570940555033,452.93702535245296,1033.2497491543604,184.5251549907286,2231.3804160021264,796.4544337371684,-399.5648498535156,115.95935821533203,115.2193832397461,40.89072799682617,-19.630693435668945,44.97483825683594,31.4857120513916,36.28799819946289,-6.405268669128418,15.453311920166016,-1.185555100440979,12.718972206115723,5.882116794586182,12.219539642333984,-18.05398178100586,17.105125427246094,5.190600872039795,12.042720794677734,1.3419806957244873,10.044486045837402,3.266284942626953,9.989007949829102,5.263795375823975,7.38585901260376,-8.38729476928711,9.531811714172363
audio_110.wav,train,45.06,16000,0.029252419248223305,0.031732454895973206,0.874786376953125,0.41802696948190204,0.5514549325762953,200.5789474828077,34.44339327557172,37.99548083010228,0.19415850669801277,0.1330658842683171,2143.0851525316384,1014.5526082607688,1751.3229984048403,398.1174650459608,3909.7431689141235,1664.4305359448538,-343.8362731933594,113.45020294189453,68.94751739501953,51.35859680175781,-15.530559539794922,33.929893493652344,3.1986470222473145,24.286766052246094,-13.763046264648438,17.78249740600586,-23.89409828186035,18.27593994140625,-9.72543716430664,14.659841537475586,-9.793061256408691,14.83381462097168,-7.945343494415283,11.799321174621582,-7.333418846130371,9.597743034362793,-9.976384162902832,9.478728294372559,-5.522981643676758,9.753950119018555,-9.430924415588379,8.581206321716309
audio_739.wav,train,61.0346875,16000,0.04487620294094086,0.036933135241270065,0.47918701171875,0.31341719077568136,0.759958071278826,153.77669275969214,29.40885858867688,47.190494827489275,0.09075249565972222,0.0942144851321457,1264.6982006237586,913.9797526165229,1263.3654783474024,507.27205395798904,2365.836281446541,1664.6320608578121,-364.77520751953125,114.25836181640625,109.57879638671875,62.954917907714844,18.270977020263672,32.582794189453125,33.466285705566406,37.75107955932617,-13.624299049377441,26.64738655090332,-11.864782333374023,21.370338439941406,-10.863852500915527,18.604106903076172,-16.23157501220703,16.106060028076172,-7.642117500305176,13.772711753845215,0.3908597230911255,13.096006393432617,-5.48587703704834,10.665114402770996,-6.818571090698242,12.083527565002441,1.0631498098373413,9.385869979858398
audio_504.wav,train,60.0746875,16000,0.059917498379945755,0.0506872721016407,0.8961181640625,0.329073482428115,0.768370607028754,222.55627686642293,34.40610330892215,19.344853705251666,0.11916194505457935,0.0800430524403615,1759.3507050902485,756.3738359563348,1782.1899913778961,385.4753568515788,3765.8746006389774,1501.9167361840068,-289.3331604003906,77.03470611572266,88.59616088867188,27.213354110717773,5.354482650756836,25.888038635253906,20.44072723388672,26.933095932006836,-6.5487871170043945,24.206377029418945,3.2724015712738037,13.655707359313965,-18.601957321166992,19.175508499145508,6.777551174163818,12.204075813293457,-11.275994300842285,14.548249244689941,-6.241287708282471,12.22668743133545,-10.88962459564209,10.658820152282715,-9.913131713867188,11.380008697509766,-4.751224517822266,10.459186553955078
audio_379.wav,train,60.0746875,16000,0.02912989817559719,0.028525488451123238,0.7386474609375,0.3722044728434505,0.4126730564430245,77.33375603922921,8.198147679321226,6.916463083354671,0.17999612079006921,0.13837569843867448,2082.687807090737,1211.2469294959799,1770.3963894285705,476.227473968562,3898.350139776358,1942.6491953042125,-349.7797546386719,135.76478576660156,66.1673812866211,67.90440368652344,17.11006736755371,36.498451232910156,34.74983596801758,35.684112548828125,6.865458965301514,23.710590362548828,-15.465076446533203,23.123289108276367,-14.507969856262207,19.90027618408203,-9.174046516418457,14.908110618591309,-2.1633079051971436,16.401527404785156,-8.243821144104004,13.472996711730957,-7.613428115844727,12.740226745605469,-3.829766035079956,11.821964263916016,-0.8458422422409058,9.78119945526123
audio_520.wav,train,60.0746875,16000,0.027725040912628174,0.02736566960811615,0.456329345703125,0.41214057507987223,0.6400425985090522,113.87914162255151,34.41651798335184,7.895080878992246,0.12476131938897764,0.06558660305920266,1658.5193722228007,539.4517472951327,1669.6740191599959,285.24931248094447,3399.3735023961663,1054.010495869637,-284.6992492675781,41.60986328125,96.60977172851562,25.444557189941406,-9.16991138458252,13.466954231262207,21.295391082763672,17.798248291015625,-8.619503021240234,11.862753868103027,3.2326927185058594,11.942741394042969,-8.867669105529785,11.209915161132812,-0.7397606372833252,10.405744552612305,-9.081693649291992,9.72010326385498,-7.397665977478027,10.144471168518066,-6.346829414367676,10.287720680236816,-3.4771506786346436,8.138575553894043,-6.741588115692139,8.292340278625488
audio_5068.wav,train,60.0746875,16000,0.1232370138168335,0.021787889301776886,0.95001220703125,0.0,0.44089456869009586,115.20235351026894,24.08278420287425,19.30474387992581,0.4600098176251331,0.05861869953037329,3883.8303288902553,215.30688318119493,2351.597211561013,62.505579241759015,6746.2476703940365,109.0009654749524,9.10161018371582,8.336052894592285,3.339104413986206,9.35738468170166,4.336802959442139,5.285867691040039,1.9792678356170654,5.26499080657959,1.047320008277893,4.3607497215271,0.14532694220542908,3.9365484714508057,0.1684093475341797,4.050937175750732,0.26098504662513733,3.6470537185668945,-0.24657051265239716,3.6402060985565186,0.0033475898671895266,3.4977846145629883,-0.6741622090339661,3.2356207370758057,-1.0547611713409424,3.3259530067443848,-1.4448421001434326,3.362429618835449
audio_30.wav,train,44.64,16000,0.054733723402023315,0.047740329056978226,0.460601806640625,0.37607449856733527,0.578080229226361,116.54094037952247,14.38770074252739,13.548861011210562,0.0869486898952364,0.09531301438804708,1618.363429517351,971.7439520861446,1852.8328707056994,485.34180800504606,3480.681411174785,1950.073098729557,-311.30377197265625,96.01497650146484,82.95726776123047,49.41565704345703,24.551124572753906,24.80072593688965,33.65409469604492,22.585357666015625,18.65163803100586,15.637144088745117,8.5423583984375,15.616562843322754,9.302691459655762,11.54279899597168,1.138042688369751,13.28055191040039,0.056733403354883194,12.002504348754883,0.20856863260269165,12.595706939697266,0.7602903842926025,8.557044982910156,-6.017537593841553,10.802757263183594,-4.738955974578857,10.149873733520508
audio_5041.wav,train,60.08,16000,0.13762427866458893,0.024373305961489677,0.949981689453125,0.0,0.11661341853035144,77.78174593052022,48.23605829241843,26.61821384885897,0.45307091986155484,0.06586271852939989,3888.0555561171573,180.2282266953684,2351.0377731670974,52.09165536606675,6756.909777689031,99.98316451231375,18.18049430847168,7.020390510559082,2.5730419158935547,7.482172966003418,3.1092042922973633,4.330718517303467,0.2801670730113983,4.116901397705078,-1.2923225164413452,4.171675682067871,-2.391913890838623,4.275198936462402,-2.3186662197113037,4.143744468688965,-1.717606782913208,3.8228299617767334,-0.7775275111198425,3.5308761596679688,-0.13707268238067627,3.264890193939209,-0.10416992753744125,3.253847122192383,0.17381183803081512,3.0994720458984375,0.043406225740909576,2.9943039417266846
audio_485.wav,train,60.0746875,16000,0.03935486823320389,0.0371803417801857,0.75775146484375,0.37486687965921195,0.6661341853035144,233.08188075904494,44.28921408813316,43.14403676725871,0.14095676084930778,0.12233665315705286,1767.7612048659662,1069.6072308529763,1644.9233514033797,328.7206759778283,3211.5365415335464,1530.3923833214565,-286.38763427734375,47.645774841308594,96.92932891845703,39.3597297668457,-0.9991687536239624,25.39161491394043,6.64105749130249,19.855758666992188,1.4941773414611816,14.706357955932617,3.462885618209839,14.04505729675293,-11.973112106323242,13.058115005493164,-3.018118381500244,12.110867500305176,-8.236955642700195,11.666788101196289,-5.989851951599121,9.798405647277832,-9.302749633789062,9.548579216003418,-5.91676664352417,8.10165023803711,-6.391307353973389,8.41702651977539
audio_475.wav,train,61.0346875,16000,0.023230409249663353,0.02647422067821026,0.690704345703125,0.5665618448637316,0.6111111111111112,82.40688922821748,17.62302189467134,6.171615000260303,0.11289558970453355,0.060476353455366956,1532.44242193206,540.0039917241693,1599.1986818634373,335.2776206330955,3115.238469601677,1219.3394702379262,-301.4260559082031,47.687294006347656,112.63661193847656,27.88862419128418,-15.327548027038574,14.906825065612793,20.036298751831055,18.113826751708984,0.9127762913703918,12.355565071105957,2.323624849319458,11.06383228302002,-3.4216864109039307,12.652969360351562,4.349567413330078,9.047478675842285,-0.6416138410568237,9.941916465759277,-5.5202836990356445,12.043841361999512,-8.265658378601074,8.890850067138672,6.683594703674316,9.457136154174805,-2.4040632247924805,7.479885101318359
audio_145.wav,train,60.08,16000,0.027351515367627144,0.024980809539556503,0.652496337890625,0.36847710330138445,0.577209797657082,99.13755088719131,11.476198404409956,9.11272680873951,0.13034223367611822,0.10631345249640263,1735.256491402558,1030.3865248668462,1692.954000448637,330.62449433013444,3274.0823016506924,1637.15715747078,-307.6216735839844,64.33480834960938,93.31007385253906,51.847312927246094,7.928990840911865,23.91641616821289,22.55255699157715,17.87077522277832,12.361490249633789,16.964984893798828,6.38777494430542,15.771772384643555,-4.537356853485107,16.933509826660156,1.7106951475143433,10.216713905334473,3.2018144130706787,11.416590690612793,-9.2615327835083,13.66829776763916,-10.373639106750488,8.988871574401855,4.147367000579834,10.37915325164795,-0.34963348507881165,7.864755630493164
audio_308.wav,train,60.0746875,16000,0.03807593509554863,0.03197746351361275,0.81671142578125,0.32055378061767836,0.4818956336528222,163.86452094349724,458.2123472171137,22.998804617550803,0.18627409686168797,0.14366458737144341,1768.0800949157233,1249.4536522748622,1281.9687766481911,619.2912176328799,3064.105764110756,2082.7329884640944,-397.169921875,148.3153839111328,101.92670440673828,94.87283325195312,1.93804132938385,53.5028076171875,21.902910232543945,43.06818771362305,-13.626272201538086,28.78266143798828,-14.214694023132324,29.985977172851562,-10.146787643432617,23.545154571533203,-4.511593818664551,18.594797134399414,-6.335329055786133,17.163005828857422,-8.068507194519043,13.047263145446777,-9.148724555969238,14.211097717285156,-3.375002384185791,10.69874095916748,0.8875696063041687,10.128893852233887
audio_184.wav,train,60.07475,16000,0.0503532849252224,0.046914566308259964,0.9381103515625,0.36900958466453676,0.691160809371672,174.61411571650194,56.50551508599323,101.50849369452112,0.09186889518437168,0.06317587771212403,1001.7967337391657,466.90512054598736,920.395785627072,281.18922786537905,1886.8393903088393,1000.0786317078089,-346.06903076171875,93.81781005859375,137.97830200195312,48.95864486694336,-14.3430814743042,38.1927375793457,29.815717697143555,29.1571102142334,-11.228504180908203,20.553617477416992,-2.2049105167388916,13.668628692626953,14.655511856079102,11.070808410644531,-12.206544876098633,14.773001670837402,2.6825454235076904,12.660134315490723,-8.593584060668945,11.974205017089844,-8.145905494689941,10.260653495788574,2.959709882736206,7.886614799499512,-8.676194190979004,9.848901748657227
audio_586.wav,train,60.0746875,16000,0.0636550784111023,0.05629115551710129,0.837005615234375,0.35250266240681577,0.9132055378061767,174.61411571650194,30.136038434538655,47.9977528963467,0.09450868194222577,0.09208481398396814,1442.7835778910614,894.8061314784557,1520.5580728275595,480.6834786598853,2854.694988019169,1603.916807621172,-336.9591369628906,115.8421859741211,98.4070053100586,51.933956146240234,11.749667167663574,35.49626541137695,22.534809112548828,30.005355834960938,1.010511040687561,18.3106632232666,-10.105724334716797,20.476837158203125,0.26108622550964355,16.398090362548828,-0.2536957859992981,14.457175254821777,-15.586512565612793,16.178251266479492,-14.622119903564453,15.454431533813477,3.184770107269287,11.712669372558594,-5.851827621459961,9.523504257202148,-0.5769983530044556,10.991602897644043
audio_398.wav,train,60.0746875,16000,0.042906731367111206,0.04473089054226875,0.56976318359375,0.4206602768903088,0.6501597444089456,204.08500572708806,46.70978405977377,39.07336694037184,0.15576119874866878,0.14745328794334153,1870.65506535983,1173.2217470362768,1620.6448372592347,456.6385469103805,3485.3442824813633,1798.0270268327229,-364.55133056640625,124.35902404785156,54.424903869628906,55.523284912109375,24.16496467590332,37.35449981689453,24.335433959960938,31.748546600341797,-26.869976043701172,29.999061584472656,-11.43609619140625,19.026641845703125,-13.503841400146484,17.778095245361328,-4.5969157218933105,13.734257698059082,-4.47206449508667,11.78867244720459,-2.419682741165161,10.049983978271484,-6.746493339538574,10.905267715454102,-5.77031135559082,10.601118087768555,-4.491588592529297,9.791621208190918
audio_726.wav,train,58.3893125,16000,0.0513547919690609,0.048968102782964706,0.927947998046875,0.3643835616438356,0.7117808219178082,125.62905732418486,15.428847622629164,16.945443908362435,0.10625321061643836,0.08166846633450578,1589.865419367769,817.2043665679671,1563.80331475142,536.2389903010671,3200.6977739726026,1646.6527685315953,-327.81402587890625,136.0869598388672,95.65438842773438,61.99714660644531,-6.132951736450195,41.18165588378906,29.494565963745117,33.88488006591797,3.9561715126037598,22.95890998840332,-4.0314741134643555,22.70892906188965,3.205888509750366,16.944561004638672,-11.756256103515625,20.806447982788086,-3.5153329372406006,15.178919792175293,-2.008526086807251,14.458352088928223,-0.8444831967353821,11.125914573669434,-1.900899052619934,12.086893081665039,-10.271265029907227,14.611202239990234
audio_466.wav,train,60.0746875,16000,0.07500852644443512,0.06806910037994385,0.982147216796875,0.3647497337593184,0.7917997870074548,246.94165062806206,40.52155433615167,33.308662649263454,0.0778041591786475,0.043049975378606206,903.2769565590836,407.4630199285687,888.4807723219354,406.0247124806579,1484.8242811501598,797.3950312701885,-346.2951354980469,83.0609130859375,116.78121948242188,52.76337814331055,0.4985879361629486,37.931365966796875,1.7881263494491577,31.510906219482422,5.021038055419922,15.549466133117676,-16.795570373535156,22.623172760009766,-13.116568565368652,15.001297950744629,-6.999574661254883,13.13164234161377,-11.200873374938965,14.882246971130371,-8.833321571350098,9.97119140625,-7.142800807952881,10.189155578613281,-6.641024589538574,10.512956619262695,-4.729703426361084,8.74688720703125
audio_218.wav,train,60.07475,16000,0.03934546187520027,0.04731926694512367,0.933563232421875,0.4925452609158679,0.40628328008519704,130.8127826502993,614.9290018985487,48.27283807691249,0.17877385766107562,0.09379532044319315,1874.6393314648685,831.4218479686178,1241.2003903227867,457.5818534821736,3086.4658213525026,1306.0602839105604,-389.92559814453125,170.43357849121094,80.49116516113281,73.4021224975586,-32.11943817138672,50.36695861816406,30.11383056640625,42.340721130371094,-23.21004295349121,29.520496368408203,-8.69483470916748,15.583328247070312,-2.3256871700286865,16.721500396728516,-21.086780548095703,19.800273895263672,5.471211910247803,16.320158004760742,-12.763946533203125,15.609512329101562,-4.080197334289551,9.54856014251709,0.0808076485991478,8.369946479797363,-11.421899795532227,12.007444381713867
audio_644.wav,train,58.2613125,16000,0.026380477473139763,0.033555831760168076,0.9422607421875,0.5485996705107083,0.4497528830313015,113.22324603078411,584.6245501713204,26.07975778729984,0.15782478076949477,0.08460123468244021,1710.710876540595,771.2376062338147,1340.7250335274027,531.7841745967442,3084.508855024712,1508.857920039998,-424.59271240234375,165.63092041015625,82.97785949707031,74.97830963134766,-28.038585662841797,45.525447845458984,21.084312438964844,37.893890380859375,3.6011962890625,23.221588134765625,-2.024817705154419,17.948408126831055,-15.141207695007324,23.758258819580078,-9.298344612121582,17.274248123168945,-1.0457395315170288,13.530430793762207,0.39501914381980896,13.757926940917969,-13.782331466674805,13.813315391540527,-4.809284687042236,13.663265228271484,1.6434484720230103,9.778008460998535
audio_351.wav,train,60.224,16000,0.023211468011140823,0.03619026765227318,1.0,0.6356877323420075,0.9134360063728093,108.73654223881857,22.035853596022015,16.07581868869684,0.07679370104221986,0.029536393534857323,1208.434519585319,641.0304981221835,1338.734687517185,627.4325632755807,2433.060608072225,1676.47120193867,-477.4652099609375,65.77023315429688,74.37039184570312,60.54534912109375,33.06354522705078,29.06914710998535,9.112013816833496,26.948678970336914,-1.4319005012512207,19.176231384277344,-4.770499229431152,11.828332901000977,-6.753474235534668,10.897293090820312,-9.222664833068848,11.71399211883545,-10.489123344421387,12.075955390930176,-11.502803802490234,10.371794700622559,-13.85959529876709,11.18061637878418,-12.449734687805176,10.581953048706055,-7.862768650054932,8.147661209106445
audio_248.wav,train,36.32,16000,0.023518800735473633,0.022354058921337128,0.515289306640625,0.3961267605633803,0.5193661971830986,175.62564499846297,61.18014587481258,89.13965212507523,0.22657969300176056,0.11741225900209447,2486.2971601184636,905.757503281566,1934.4602425537714,294.9294669303692,4674.942231514085,1299.0052840425903,-305.86639404296875,89.80314636230469,48.27651596069336,41.86656188964844,0.4599997401237488,26.330591201782227,15.435369491577148,20.98433494567871,-12.444119453430176,15.609789848327637,2.826122760772705,14.908019065856934,-9.917844772338867,17.767988204956055,-3.764225959777832,12.678390502929688,-4.999848365783691,12.97958755493164,-7.218813419342041,10.284902572631836,-2.638392686843872,8.618080139160156,1.407141089439392,8.164081573486328,-5.71982479095459,7.678022384643555
audio_83.wav,train,45.06,16000,0.010907412506639957,0.010376565158367157,0.273468017578125,0.46770759403832507,0.7459190915542938,119.95585059317834,21.35744650843445,21.077900813969947,0.10667472498225691,0.08277881695734854,1283.2893687596934,698.1921710714525,1119.2764268761105,262.80863499650684,2358.4157647267566,994.5008069429555,-421.4794921875,69.37540435791016,113.67925262451172,48.00834655761719,-14.292181015014648,27.154769897460938,37.74331283569336,34.5942268371582,-1.6429697275161743,23.971336364746094,3.364588499069214,20.853673934936523,6.508309364318848,14.6758451461792,-8.179008483886719,13.676908493041992,-3.4437270164489746,11.721480369567871,1.4460800886154175,10.900189399719238,-1.9796870946884155,8.075778007507324,-0.12111421674489975,8.369014739990234,6.463049411773682,7.793691158294678
audio_71.wav,train,45.06,16000,0.01075950637459755,0.007656067609786987,0.171966552734375,0.23066004258339248,0.7714691270404542,199.42369775418427,21.985050576795164,23.051142261048483,0.17214565128193754,0.11152027323079176,2080.8434310403354,780.4486674776682,1669.422470770135,297.8528320014543,3990.6072569198013,1208.905004899511,-407.8371276855469,76.3450927734375,60.204490661621094,37.11189270019531,-21.783458709716797,29.557138442993164,25.46932601928711,30.254602432250977,-41.88422775268555,19.560047149658203,-3.368595838546753,13.958415031433105,-32.51814651489258,11.637185096740723,-7.333472728729248,11.784905433654785,-25.28632354736328,10.076133728027344,-5.520750522613525,8.372389793395996,-18.352619171142578,7.702451705932617,-7.277124881744385,9.50100040435791,-9.084573745727539,8.398661613464355
audio_287.wav,train,60.0746875,16000,0.04266894608736038,0.04283422231674194,0.94842529296875,0.41373801916932906,0.6405750798722045,161.9823763910578,37.72700193153519,30.761968406767835,0.12491159977369543,0.10159410169262009,1590.1552916671617,933.2313156901585,1412.0314094219168,371.33445800330776,2912.914337060703,1454.390830132024,-327.8296813964844,116.8008804321289,87.80242919921875,49.66404724121094,1.005063533782959,39.26320266723633,38.85702896118164,39.85296630859375,-8.66781997680664,27.794034957885742,3.8828563690185547,17.48859405517578,-1.4175405502319336,14.69442367553711,-5.5838303565979,16.24639320373535,-3.6794586181640625,14.566301345825195,-8.220791816711426,11.766035079956055,2.844860792160034,10.755145072937012,-2.965362548828125,10.599705696105957,-9.161415100097656,9.658905982971191
audio_367.wav,train,60.224,16000,0.01588219404220581,0.03175760805606842,0.4608154296875,0.7668613913967074,0.938396176314392,108.1102658399776,24.552100017424785,14.649419849346955,0.08331172414365375,0.02660085322137823,1360.1773690921182,575.4418903993034,1490.8647043194362,563.9594630948565,2813.5289431757833,1537.217425099615,-495.67333984375,58.93661117553711,61.38715744018555,53.89460372924805,27.978931427001953,25.42414665222168,8.931841850280762,21.796541213989258,-1.553031325340271,15.3994722366333,-6.198498725891113,11.1207914352417,-8.815289497375488,9.529008865356445,-9.199013710021973,10.339577674865723,-7.671617031097412,10.875492095947266,-8.41787338256836,9.072232246398926,-10.669580459594727,9.328104972839355,-10.390507698059082,9.988015174865723,-7.032879829406738,8.076342582702637
audio_166.wav,train,60.0746875,16000,0.04637521877884865,0.06038955971598625,0.988525390625,0.5154419595314164,0.5623003194888179,200.5789474828077,40.28381014491263,39.45537704100116,0.1223901133186901,0.08250585039548394,1639.979315397452,797.394849736367,1430.3302841604266,503.1708132447838,3128.436168796592,1571.3602940947544,-357.9418640136719,147.7203826904297,67.02391815185547,61.060508728027344,-14.405047416687012,36.50614547729492,5.583138942718506,27.813159942626953,-20.683731079101562,26.947566986083984,-0.08525098115205765,15.51534366607666,-11.894549369812012,15.338653564453125,-6.8051066398620605,12.947413444519043,-10.846475601196289,13.791315078735352,-7.828951835632324,10.244537353515625,-7.326447486877441,10.216126441955566,-8.066643714904785,11.843703269958496,-2.571502923965454,9.005002975463867
audio_94.wav,train,45.06,16000,0.003474857658147812,0.017483459785580635,0.82440185546875,0.9836763662171752,0.5060326472675657,181.8190699939266,36.117799962914006,28.797773952473477,0.0660829239487225,0.074484617438034,1405.481120270647,876.8895346176662,1687.1220247552574,500.3712392907004,2938.2485361958834,1832.4924058235674,-483.2710266113281,29.944124221801758,26.320329666137695,26.79467010498047,16.899091720581055,15.85397720336914,8.686147689819336,11.539994239807129,4.229094982147217,8.285505294799805,2.4083638191223145,7.817376136779785,1.196102499961853,6.768980979919434,0.45113101601600647,6.095587253570557,-0.30670666694641113,5.439537048339844,-0.539189875125885,5.153870582580566,-0.5093459486961365,4.528623104095459,0.29442715644836426,4.195034980773926,0.6764630079269409,3.41642427444458
audio_108.wav,train,45.06,16000,0.02858681045472622,0.012062654830515385,0.2967529296875,0.0014194464158978,0.8566359119943222,114.5388367788287,11.930346965560052,9.955850593178354,0.135412277102555,0.10399626879102437,2112.8265237714895,985.0588014095134,1981.144378915064,366.6662979544909,4360.289877572746,1460.1321780325266,-247.5070037841797,49.011375427246094,78.53533172607422,39.534976959228516,30.90254020690918,30.16374969482422,21.733081817626953,28.54734230041504,-7.858025074005127,18.92318344116211,10.052226066589355,13.622448921203613,-2.509732246398926,13.899028778076172,0.6579859256744385,10.730780601501465,3.2941882610321045,11.42725658416748,-0.627647340297699,10.520410537719727,-0.15977345407009125,7.690023422241211,-1.0196053981781006,9.126008987426758,-6.1674065589904785,7.774006366729736
audio_511.wav,train,60.0746875,16000,0.0541454553604126,0.04967671260237694,0.813201904296875,0.3509052183173589,0.7997870074547391,244.1052838549259,62.05727888181694,56.45646836285593,0.1559767393004526,0.1373684193340427,1718.7149119219139,1273.5567582731849,1501.2872623010628,705.9025165342226,3092.7058373269438,2323.9536404958776,-368.5459899902344,102.53185272216797,96.36103820800781,65.51091003417969,14.873044967651367,39.7487678527832,-12.186311721801758,29.2772159576416,-13.999677658081055,22.1005802154541,-16.177392959594727,20.853153228759766,-18.158470153808594,19.359661102294922,-3.3502728939056396,14.179825782775879,-13.069811820983887,14.420019149780273,-8.068827629089355,11.177559852600098,-9.133557319641113,12.064311981201172,-5.207123756408691,10.699014663696289,-4.1881184577941895,9.212225914001465
audio_5059.wav,train,60.0106875,16000,0.1131385937333107,0.016329754143953323,0.95001220703125,0.0,0.5421108742004265,110.63722351746388,19.70789169769446,21.266096737718698,0.44640384503264924,0.05572295611802662,3830.4314188831663,182.83421316819798,2364.310141832203,54.143163878651194,6734.0751599147125,103.79309028459444,1.2429147958755493,8.75148868560791,5.612569332122803,8.242938995361328,4.709456920623779,5.173556327819824,3.2693674564361572,5.360678672790527,1.0839369297027588,4.106576442718506,-1.372124433517456,4.124882698059082,-1.7862085103988647,3.9033100605010986,-2.4141972064971924,3.952296018600464,-2.6960458755493164,4.365547180175781,-1.5452368259429932,4.480447292327881,-0.4374532401561737,4.507904529571533,-0.2535685896873474,4.124638080596924,-0.09130639582872391,3.7564451694488525
audio_310.wav,train,44.224,16000,0.047453172504901886,0.041189517825841904,0.75738525390625,0.3362255965292842,0.7722342733188721,108.1102658399776,12.646638257913962,6.245562003065658,0.1455032227268619,0.1501761586045096,1909.4600877883986,1198.2793871287124,1638.1468894593102,479.9666795647175,3621.627575921909,1825.3682523956684,-323.83563232421875,137.74951171875,81.43910217285156,66.69132995605469,10.290457725524902,36.71879577636719,24.041900634765625,28.935144424438477,-4.888678073883057,25.190258026123047,-14.184099197387695,20.004955291748047,-26.878665924072266,23.768648147583008,3.6838083267211914,14.565645217895508,13.064632415771484,14.780588150024414,-7.0984063148498535,14.159331321716309,-6.571732997894287,11.834450721740723,0.6887370347976685,12.345973014831543,-16.945798873901367,12.110674858093262
audio_50.wav,train,45.12,16000,0.007305145263671875,0.0035346762742847204,0.063446044921875,0.0007087172218284905,0.7569099929128278,211.28204791122093,38.107405402890144,47.0814946472976,0.04652098744241673,0.03407356445194794,1064.0964580630773,559.071656419595,1430.2177888592241,476.47724327615185,2084.913182140326,1488.7066112904852,-516.3412475585938,85.41957092285156,110.24850463867188,35.20565414428711,7.3167619705200195,42.50160217285156,24.972381591796875,25.254722595214844,-1.1021695137023926,18.8316707611084,-4.867771625518799,18.562713623046875,-18.187278747558594,18.276470184326172,-7.849931716918945,13.999204635620117,-2.6282575130462646,12.606504440307617,-0.5248944163322449,8.989052772521973,-2.7425990104675293,10.264172554016113,-1.1415327787399292,10.798270225524902,8.541738510131836,10.374624252319336
audio_6.wav,train,45.06,16000,0.01069805771112442,0.01211151946336031,0.241851806640625,0.47835344215755854,0.6855926188786373,134.6458897635121,39.38302809911518,39.817403515449016,0.12369768563697658,0.1260650378903482,1714.0441775210559,990.3760603230745,1644.2641472499101,413.07617221511987,3305.9350603264725,1632.4632528087445,-472.4068603515625,132.0388641357422,68.21115112304688,56.33958435058594,8.84443473815918,31.235559463500977,28.74078941345215,28.478397369384766,1.3805243968963623,24.34368324279785,4.969271183013916,18.840232849121094,-6.673318862915039,18.482816696166992,2.337636947631836,15.840039253234863,-10.783220291137695,17.366832733154297,-0.662407636642456,10.607820510864258,-4.7917399406433105,11.08913516998291,-3.4173262119293213,11.564657211303711,-2.3306283950805664,9.03573226928711
audio_515.wav,train,60.0746875,16000,0.05505754053592682,0.04758390784263611,0.948150634765625,0.28168264110756125,0.7364217252396166,216.22053167995523,117.1236949678011,28.996875031956876,0.11641737802848776,0.1166161196603781,1462.3558929456456,1210.0437605862678,1140.6420280942336,644.2476995183978,2489.966054313099,2019.6178170791072,-348.7828369140625,104.71458435058594,96.60600280761719,67.65071105957031,1.0019497871398926,52.8100471496582,1.1201472282409668,39.69752883911133,-22.558189392089844,26.03985023498535,-15.476886749267578,22.11808204650879,-13.866410255432129,17.974197387695312,-15.759015083312988,16.97446632385254,-9.266862869262695,15.787657737731934,-5.31926155090332,10.700613021850586,-16.929523468017578,11.582771301269531,-9.617145538330078,10.470160484313965,-2.631333112716675,8.94760513305664
audio_742.wav,train,50.048,16000,0.023712338879704475,0.030990533530712128,0.93975830078125,0.5591054313099042,0.131629392971246,89.3477635991859,38.61590216423716,20.95812313379271,0.23140600039936102,0.09384518817726469,2363.5539818079387,775.9402560514142,1628.0432619503702,373.38103891550173,4179.407947284345,1128.7086378899753,-390.4225158691406,156.1486053466797,54.19438552856445,55.70718002319336,-12.06422233581543,32.90138626098633,30.123188018798828,34.5407829284668,-14.2632417678833,25.865903854370117,0.8927735686302185,20.930580139160156,-19.15760612487793,24.398500442504883,3.5326969623565674,14.911675453186035,-8.555317878723145,14.868666648864746,2.415799140930176,13.321550369262695,-7.259192943572998,11.607452392578125,2.9683730602264404,10.541681289672852,-3.098644733428955,10.610528945922852
audio_545.wav,train,60.0746875,16000,0.05677752196788788,0.05344216153025627,0.94696044921875,0.3466453674121406,0.7939297124600639,249.81097439559304,205.30661583912246,33.6956906664534,0.07949182349906815,0.03971791239796971,908.5959286168572,377.704198177554,867.6401094838767,395.5068139176738,1500.212160543131,723.5623869141417,-374.1812438964844,86.37255859375,119.50791931152344,55.01194763183594,-5.865235328674316,36.33396911621094,-6.1573591232299805,31.120878219604492,3.3475935459136963,17.29368782043457,-14.387207984924316,20.901817321777344,-14.17752456665039,15.188925743103027,-7.565804481506348,13.100215911865234,-7.459652900695801,13.774956703186035,-6.703264236450195,10.671030044555664,-7.524101734161377,9.246438026428223,-6.506674766540527,10.167221069335938,-5.901180744171143,9.478193283081055
audio_489.wav,train,60.0746875,16000,0.049270663410425186,0.050673745572566986,0.999969482421875,0.4126730564430245,0.7635782747603834,254.17759331190004,219.35932432709876,25.041432131505786,0.1074663351138179,0.07820365401978613,1400.2636417201602,748.2756025237079,1277.3378758832937,487.84748111083604,2630.9862553248136,1466.5967488230515,-326.3800964355469,124.61658477783203,95.9122543334961,56.99919509887695,-12.040514945983887,37.9238166809082,18.67198944091797,27.735288619995117,-13.01904582977295,19.782184600830078,-9.879247665405273,18.406940460205078,-8.403495788574219,14.79558277130127,-6.595765113830566,13.899124145507812,-7.609591484069824,11.742417335510254,-8.114620208740234,11.512625694274902,-7.340516567230225,9.840682029724121,-3.190997838973999,9.826251983642578,-3.891636848449707,9.15241813659668
audio_697.wav,train,60.0746875,16000,0.06896410882472992,0.05535368248820305,0.891876220703125,0.288604898828541,0.6549520766773163,191.5211239251473,305.2721030682119,46.391587585498826,0.1734789441060969,0.16743921854047703,1987.906975847101,1393.4321487759053,1653.9004204436953,498.03438426693896,3537.5524161341855,2029.622806763987,-311.3087158203125,116.07955169677734,59.21202087402344,72.04094696044922,23.081066131591797,43.63166427612305,24.86785316467285,34.477291107177734,3.902488946914673,22.435331344604492,-10.312179565429688,21.333980560302734,-15.756775856018066,19.266454696655273,-12.545205116271973,16.275035858154297,-6.752907752990723,17.322994232177734,-10.016298294067383,11.943778991699219,-6.573036193847656,10.907146453857422,-8.95207691192627,10.761274337768555,-6.669920921325684,9.276530265808105
audio_225.wav,train,60.167,16000,0.03542289510369301,0.03357236459851265,0.691009521484375,0.391812865497076,0.5082402977139819,105.64102395561046,35.96643621023728,34.13614628985475,0.1007897125033227,0.06266617714436022,1173.0296563910738,431.53435562696114,1040.5492959028215,195.21917883662664,2298.5944976076553,783.9357510132023,-353.64898681640625,124.92720794677734,121.47885131835938,44.969451904296875,-31.009864807128906,47.130733489990234,41.807071685791016,35.6773567199707,-6.156021595001221,18.410900115966797,-5.843301296234131,15.651369094848633,0.9729254245758057,14.72818374633789,-19.616539001464844,16.585247039794922,5.118785381317139,14.73582649230957,-6.484707355499268,11.747978210449219,3.584892511367798,9.717371940612793,5.632210731506348,8.383345603942871,-10.223273277282715,8.94169807434082
audio_553.wav,train,60.0746875,16000,0.042284391820430756,0.04620208963751793,0.954315185546875,0.466986155484558,0.6565495207667732,137.79308824865404,68.7163800372469,21.95106033346903,0.1344156641041001,0.10632904617528428,1713.802459610626,905.2449679400061,1619.4152798415344,392.6670715725524,3168.3681110223642,1531.0781415113622,-326.5546569824219,125.40692901611328,88.29351043701172,48.45391845703125,2.0798418521881104,33.4815788269043,14.115399360656738,31.8823184967041,7.464972496032715,17.645999908447266,-12.690741539001465,20.603912353515625,-12.216450691223145,17.84683609008789,-7.671567916870117,14.54330825805664,-1.4935455322265625,13.060522079467773,0.11499868333339691,13.580759048461914,-5.52281379699707,10.465741157531738,-1.0615208148956299,12.70299243927002,-1.1669743061065674,10.825994491577148
audio_237.wav,train,53.2,16000,0.031074626371264458,0.03230324387550354,0.641357421875,0.40649428743235116,0.666867107636801,199.42369775418427,46.71217838009865,41.44928070575105,0.1983384931223692,0.16610329131232873,2141.8065254811245,1246.7400191226925,1596.884463340828,558.9550719417496,3864.5379209260373,2076.798256806793,-416.0858459472656,160.3291473388672,65.23119354248047,56.8199348449707,-12.924912452697754,40.25473403930664,22.632335662841797,31.610536575317383,-26.442596435546875,32.111961364746094,-2.5519862174987793,19.113677978515625,-11.772339820861816,17.214096069335938,-3.5481557846069336,14.15731430053711,-6.497384548187256,12.72337532043457,-7.052459716796875,11.23802375793457,-5.490036487579346,9.141894340515137,-5.159899711608887,8.95609188079834,-5.777678966522217,9.662256240844727
audio_197.wav,train,60.07475,16000,0.04050174355506897,0.04473879933357239,0.903411865234375,0.4696485623003195,0.5777422790202343,183.93170582347207,95.80375180229704,19.022182094793607,0.09341251913604899,0.05407677809465198,1007.7230995273508,405.30953355875744,906.7706602315321,193.20975602909928,1913.8628194888179,778.5901534225312,-350.48297119140625,83.60218811035156,107.5602035522461,43.52629470825195,-6.933313846588135,29.293249130249023,13.524091720581055,27.159467697143555,1.3486021757125854,12.14657974243164,-2.412916421890259,14.207196235656738,6.026554584503174,12.06290054321289,-7.09805154800415,13.68030834197998,-3.7568728923797607,11.401287078857422,-9.714165687561035,8.479694366455078,-11.23343276977539,7.916764736175537,0.8365930318832397,8.30382251739502,-0.9449672102928162,7.439295291900635
audio_449.wav,train,60.0746875,16000,0.05073036625981331,0.04543893784284592,0.92694091796875,0.3865814696485623,0.6182108626198083,139.3941668115768,60.62861529751755,16.773027495717486,0.11323886989150692,0.0994338006521085,1377.9348482773696,971.4032622231084,1438.722646791178,522.7074369548673,2566.4228900425983,1797.5277814556273,-326.6072082519531,75.07575988769531,105.20392608642578,48.62415313720703,24.385046005249023,26.148670196533203,13.263875961303711,27.929832458496094,5.399383544921875,20.457069396972656,-18.48045539855957,27.08882713317871,-20.782331466674805,24.304847717285156,0.3447131812572479,16.036693572998047,-9.950087547302246,17.088768005371094,-7.617576599121094,13.9008150100708,2.569898843765259,11.958398818969727,-1.624535083770752,12.202576637268066,2.8204445838928223,10.61540412902832
audio_567.wav,train,60.0746875,16000,0.04841836914420128,0.04898567497730255,0.821502685546875,0.443024494142705,0.739084132055378,255.6500291307247,81.91530241519243,29.721458407012648,0.1622323553148296,0.1203638270421785,1885.91804177694,1026.898940281543,1556.6114694031687,462.61082542919615,3301.908612886049,1660.1733293892585,-295.4872741699219,80.27796173095703,81.70187377929688,40.11306381225586,-14.871574401855469,33.84654235839844,-5.511809825897217,27.72054100036621,-16.936874389648438,21.195547103881836,-18.22989845275879,18.775718688964844,-14.834160804748535,14.572542190551758,-9.296714782714844,14.949725151062012,-4.61137056350708,14.212437629699707,-3.943084478378296,12.17958927154541,2.8744611740112305,13.294896125793457,-5.823410511016846,11.56982135772705,-4.199942111968994,11.2272367477417
audio_477.wav,train,60.0746875,16000,0.050671737641096115,0.05623779073357582,0.94573974609375,0.4733759318423855,0.6299254526091587,229.0776735576574,249.8103234136764,41.67160094843405,0.14814343924720447,0.11637838612729288,1824.5288268730505,1023.5926371677007,1504.3554629727835,528.9613064357484,3314.575845314164,1841.3837130141692,-353.7779541015625,143.55377197265625,55.75148391723633,56.994747161865234,-12.454937934875488,40.56777572631836,11.08489990234375,35.26238250732422,-19.378299713134766,33.0729866027832,-2.5482702255249023,21.446794509887695,-14.772863388061523,21.8022403717041,-3.710012197494507,17.2449893951416,-7.497187614440918,15.73068904876709,-2.3852431774139404,12.352309226989746,-5.8635735511779785,11.759234428405762,-5.201146602630615,13.991416931152344,-0.33118385076522827,9.625911712646484
audio_728.wav,train,45.4826875,16000,0.03703848272562027,0.04053668677806854,0.78338623046875,0.46272855133614627,0.7482419127988749,122.05264192746294,16.127925136831404,9.92993368637012,0.12311452015207454,0.09704323244646525,1742.6993902201782,914.3545253243523,1660.609021725957,570.1556548966282,3524.2835794655416,1821.4284739899822,-372.4937438964844,133.41091918945312,87.67774200439453,62.45747375488281,1.5005428791046143,39.77647399902344,30.31859016418457,36.652259826660156,6.689159393310547,22.569061279296875,-1.32581627368927,20.51658058166504,2.5303187370300293,16.924470901489258,-9.98538589477539,18.03312110900879,-3.9887146949768066,16.302350997924805,-3.319201946258545,13.269593238830566,-1.0454097986221313,10.267704963684082,0.02925712987780571,10.937259674072266,-9.51987075805664,14.350401878356934
audio_377.wav,train,59.2213125,16000,0.02636466920375824,0.032785702496767044,0.530853271484375,0.5521339816315505,0.44084278768233387,197.13312122062953,260.50848332528864,35.44866247108138,0.17734475241423556,0.13706157753585632,2208.8603807850154,1103.3536163892443,1677.7659541405965,550.3948981064968,4063.1668692598596,1737.9013060559087,-440.87176513671875,144.48822021484375,39.062313079833984,65.31770324707031,-2.712092876434326,39.77473449707031,15.08162784576416,33.0468635559082,-7.770890235900879,25.840768814086914,2.078275680541992,15.41486930847168,-12.530980110168457,17.161483764648438,-2.530397891998291,13.21871566772461,-12.454707145690918,17.155563354492188,-6.034027099609375,10.360896110534668,-8.8367280960083,11.783367156982422,-8.641400337219238,12.551253318786621,-1.241328477859497,8.533536911010742
audio_633.wav,train,60.0746875,16000,0.05216393247246742,0.042187828570604324,0.906890869140625,0.3109691160809372,0.6687965921192758,94.11545282508624,366.36078027008926,14.79875370707505,0.12173205163405218,0.09529023257854724,1633.9156802449595,900.4650477719993,1591.049625412223,475.6162948518411,3110.980764110756,1787.5840922591171,-312.49969482421875,127.9454574584961,106.38606262207031,56.466312408447266,3.308797597885132,33.688873291015625,23.77972412109375,30.144262313842773,5.741798400878906,27.744384765625,-0.34426209330558777,18.46644401550293,-15.66556453704834,19.77643394470215,-10.3019380569458,16.17086410522461,17.59839630126953,17.57410430908203,-16.08827018737793,20.83064842224121,-4.147858142852783,13.298601150512695,-1.3606141805648804,11.414861679077148,-4.674673557281494,11.733000755310059
audio_690.wav,train,45.8453125,16000,0.048278599977493286,0.0640559270977974,0.97869873046875,0.5875785066294487,0.6022330774598744,104.42763330455712,129.77432249225436,19.781628077873606,0.12627573272854153,0.0859187592080098,1467.656023682746,770.5820722367587,1369.1003871841683,424.96533610908506,2699.090631542219,1374.0856107957275,-329.9715576171875,111.4963607788086,96.05278778076172,54.63296127319336,-0.5123443603515625,28.440710067749023,14.65192985534668,28.360429763793945,1.9535713195800781,22.461414337158203,-7.931727886199951,15.607613563537598,-8.972576141357422,18.423070907592773,-1.9969857931137085,13.790773391723633,1.6625202894210815,13.541634559631348,6.537310600280762,14.688230514526367,-4.5008625984191895,14.03880500793457,-7.2530975341796875,10.969184875488281,-11.527966499328613,10.340688705444336
audio_525.wav,train,60.0746875,16000,0.07391217350959778,0.05774396285414696,0.92742919921875,0.2673056443024494,0.6661341853035144,226.44649206156825,160.25336717457253,23.69116950640145,0.2023499380158413,0.175734199897202,2076.891385089429,1487.6056367887497,1481.442486389384,558.3003611706994,3560.632155218317,2174.9553509365646,-320.54339599609375,114.15398406982422,63.70035171508789,69.87855529785156,7.957818508148193,43.30439376831055,13.238909721374512,34.095645904541016,-24.638628005981445,29.84774398803711,-22.951812744140625,22.04816246032715,-28.460956573486328,20.0576171875,-13.782585144042969,19.74805450439453,-14.597111701965332,15.220481872558594,-12.869568824768066,12.266860961914062,-6.611030578613281,10.999061584472656,-2.837743043899536,11.635315895080566,-9.447498321533203,10.494715690612793
audio_31.wav,train,43.62,16000,0.010440735146403313,0.00891907885670662,0.145904541015625,0.313049853372434,0.7126099706744868,182.87233715141332,46.36651934635751,36.89841550683002,0.1254514095720308,0.09115137062882689,1571.5248457818084,767.0566486592231,1369.4196228481296,431.247265004725,2897.2919721407625,1320.994026282931,-471.2275085449219,117.58500671386719,93.24655151367188,54.29951095581055,-18.368797302246094,41.2562255859375,28.000932693481445,31.658470153808594,-12.45751667022705,25.552621841430664,-7.790365695953369,22.11155128479004,-9.233392715454102,15.875092506408691,-1.457916021347046,15.459189414978027,-11.555333137512207,15.950641632080078,-0.9993996620178223,9.41394329071045,-7.222208023071289,10.846513748168945,-4.514078617095947,10.425007820129395,-0.4576343894004822,8.767484664916992
audio_676.wav,train,60.0746875,16000,0.05755755677819252,0.05019117519259453,0.979248046875,0.34291799787007454,0.6916932907348243,121.34967043801211,69.00894311502402,24.428330339825266,0.1509829065162407,0.138150082125019,1904.2314813813502,1352.0199690701663,1477.8602876843024,477.37210450189326,3293.0269901490947,1898.7572237841048,-284.1698913574219,124.13397216796875,68.81927490234375,72.61221313476562,3.1834051609039307,45.395721435546875,17.07721519470215,38.616207122802734,-5.722404479980469,20.876251220703125,-2.6421847343444824,18.58235740661621,-5.727420330047607,16.94269561767578,3.477649450302124,12.957283020019531,-5.360518932342529,13.520764350891113,-1.7321007251739502,12.823933601379395,-4.086022853851318,10.50952434539795,-7.699591636657715,11.654537200927734,-6.184658527374268,9.644460678100586
audio_263.wav,train,60.02,16000,0.03123518079519272,0.03402189537882805,0.720428466796875,0.42217484008528783,0.5447761194029851,229.0776735576574,43.835393949093934,28.7786050546664,0.1716542843816631,0.13488455094618204,1940.509650817742,1133.7271692572508,1794.542064964942,578.6872001853718,3750.5330490405117,2174.3314072806866,-385.1234436035156,155.5347442626953,77.28239440917969,59.192047119140625,22.956329345703125,41.4926872253418,10.705056190490723,29.77942657470703,-10.947967529296875,28.84427833557129,-0.8584864139556885,16.593198776245117,-6.660810947418213,14.098605155944824,-2.833791971206665,12.30107593536377,-6.653080940246582,10.455512046813965,-4.3559064865112305,9.324734687805176,-4.652029514312744,8.312579154968262,-5.685641288757324,9.477511405944824,-4.351136684417725,8.05908489227295
audio_5070.wav,train,60.0746875,16000,0.1053539291024208,0.023577766492962837,0.949981689453125,0.0,0.3663471778487753,93.57338770459413,16.409391531730787,25.26486755582735,0.45794047232760915,0.05870180769171947,3859.3550056829313,214.42098539252967,2348.321962317743,49.75727683643746,6737.599008253461,135.4707174237959,-5.486682415008545,10.248680114746094,3.9511778354644775,9.177630424499512,2.3411142826080322,5.2824387550354,0.49845218658447266,5.682875633239746,0.14019165933132172,4.531574249267578,-0.1206289529800415,3.7978034019470215,-0.6892865300178528,4.1196699142456055,-1.8620671033859253,4.077688217163086,-2.1987924575805664,4.739335536956787,-1.6036677360534668,4.311397075653076,-0.7002300024032593,3.956326723098755,0.05390166491270065,4.398931503295898,-0.20764285326004028,3.922640800476074
audio_510.wav,train,60.0746875,16000,0.06773307919502258,0.06278008967638016,0.888519287109375,0.3738019169329074,0.7768903088391906,245.51937137864914,57.06702347918622,64.99498633644373,0.1184370631988818,0.08719248110592928,1521.477203701252,965.0354046719617,1468.7606871280007,693.2589997905748,2932.412306975506,2107.14538523184,-345.6352233886719,112.10867309570312,98.06195068359375,61.51670837402344,4.635820388793945,39.10592269897461,-10.199007987976074,29.82716178894043,-14.281342506408691,22.160078048706055,-15.234591484069824,20.32769203186035,-12.663636207580566,17.298826217651367,-0.8644777536392212,14.971287727355957,-10.220678329467773,13.426225662231445,-7.577319145202637,11.610031127929688,-7.889164924621582,11.654324531555176,-8.41574764251709,10.671466827392578,-3.880617141723633,9.250224113464355
audio_577.wav,train,60.0746875,16000,0.04743235185742378,0.06705300509929657,1.0,0.5750798722044729,0.4941427050053248,213.73702705379327,273.8929638572544,33.07995556678276,0.0931532984724441,0.059824269634039993,1313.169074735826,612.9188856711266,1360.8544403449603,449.5562091475253,2433.0820686900956,1141.3307503439853,-358.9672546386719,131.3748321533203,86.7169189453125,54.05192184448242,-1.8473858833312988,32.464664459228516,16.72275161743164,26.22478485107422,1.9658528566360474,15.116597175598145,-5.497848987579346,17.13011360168457,-5.163442134857178,12.363370895385742,-3.5128860473632812,12.671812057495117,-4.259687423706055,14.045823097229004,-3.0259876251220703,9.718978881835938,-2.1735103130340576,8.392338752746582,-2.3940463066101074,8.064155578613281,-2.3448970317840576,6.946300983428955
audio_230.wav,train,55.573375,16000,0.04198862984776497,0.03198232129216194,0.999969482421875,0.2659758203799655,0.6275187104202649,113.55119382666781,18.181595130729892,12.54048192643124,0.1590321068113126,0.09077509630542607,1503.3035247260102,579.5687533949871,1044.92598471961,206.42080560829905,2628.269825849165,805.9950867757026,-311.3203430175781,133.7696075439453,120.8342514038086,61.90069580078125,-59.45249557495117,43.7132453918457,46.83910369873047,30.263704299926758,-10.873971939086914,23.66621208190918,-8.831093788146973,14.988141059875488,0.9133232831954956,15.325915336608887,-24.491764068603516,17.78829574584961,11.1455659866333,12.771200180053711,-11.508774757385254,12.291930198669434,-6.2983717918396,9.689607620239258,5.6884284019470215,7.541873455047607,-14.54113483428955,11.49609661102295
audio_314.wav,train,60.0746875,16000,0.026349183171987534,0.036838531494140625,0.74468994140625,0.5867944621938233,0.3407880724174654,113.87914162255151,331.17240981751286,278.2877549587492,0.1321091981995474,0.11261999804673394,1840.2272831094422,1127.9116921572092,1492.6504760711389,623.963167856009,3378.7564896166136,2042.607579118156,-403.3152160644531,141.93295288085938,63.340675354003906,73.70248413085938,3.1666393280029297,28.383207321166992,14.43232250213623,30.4411678314209,-6.398681163787842,20.897586822509766,-12.34182357788086,18.822038650512695,-18.264684677124023,21.624475479125977,-6.735999584197998,14.371344566345215,-6.846218109130859,15.027925491333008,-2.8872756958007812,12.144449234008789,-9.772216796875,14.719727516174316,-4.589423656463623,10.651256561279297,-8.054300308227539,10.387782096862793
audio_641.wav,train,60.0106875,16000,0.026758553460240364,0.04132477194070816,0.9091796875,0.6849680170575693,0.7750533049040512,91.43616857570666,7.733094271071237,5.827499748871688,0.14307239264059168,0.08417878841791114,1740.2191213054523,807.8059685767008,1680.52889613369,480.16166487079045,3446.5909848081023,1624.5425149031378,-375.2575988769531,90.38285064697266,93.89424133300781,43.01617431640625,0.7583209276199341,26.284635543823242,22.817035675048828,26.714590072631836,0.7252712845802307,19.90424156188965,-3.137167453765869,15.976791381835938,7.720821380615234,15.49588680267334,-4.246264934539795,16.371112823486328,-5.388727188110352,14.789624214172363,-14.999631881713867,16.7921199798584,-7.065133094787598,14.844298362731934,-3.2205214500427246,12.000924110412598,-4.626771926879883,10.762608528137207
audio_689.wav,train,51.4986875,16000,0.04249654337763786,0.04424065724015236,0.875396728515625,0.41366459627329194,0.7111801242236024,99.71184887709214,38.33715114119782,16.521770692377643,0.11377074437111802,0.09408028906122394,1328.5957417469854,907.2506736144827,1261.6903683443966,454.46226889497586,2372.665954968944,1577.9397214769983,-344.6046447753906,86.23696899414062,111.13944244384766,57.020111083984375,11.466877937316895,29.044475555419922,21.654945373535156,29.520671844482422,-3.9795002937316895,26.17976188659668,-12.462456703186035,18.738229751586914,-10.096281051635742,20.234066009521484,2.0022003650665283,16.36971092224121,1.353361964225769,14.618976593017578,-2.3965940475463867,16.390283584594727,-5.129486083984375,13.271617889404297,-11.52157211303711,12.46014404296875,-11.193028450012207,10.129950523376465
audio_352.wav,train,60.0746875,16000,0.039310961961746216,0.034614916890859604,0.660308837890625,0.3365282215122471,0.678381256656017,175.62564499846297,32.9805008623063,28.600393173625235,0.15472145608692758,0.1544097599918157,1805.807430583958,1280.6473040485732,1430.2676290192783,521.306303200405,3173.9716453674123,1875.6504152785312,-342.3179016113281,115.09722137451172,80.57408905029297,71.8271713256836,2.604196071624756,48.411598205566406,35.3581657409668,34.17140579223633,-7.238935947418213,27.70857810974121,-2.4340016841888428,21.22124481201172,6.481554985046387,16.680728912353516,-5.203834056854248,18.853641510009766,3.3363661766052246,15.64167594909668,-9.924173355102539,12.86488151550293,-5.7399396896362305,10.512388229370117,-4.621652126312256,10.529401779174805,-10.253377914428711,9.686121940612793
audio_193.wav,train,23.65875,16000,0.050830572843551636,0.04130150377750397,0.955841064453125,0.2810810810810811,0.6243243243243243,183.93170582347207,46.961918893353705,28.165499944079727,0.1623198638091216,0.08665331181603321,1554.631911657971,486.33158000756004,1090.7457990210246,171.18186578898616,2785.008445945946,720.956257797329,-315.28436279296875,138.97535705566406,102.30397033691406,50.539405822753906,-58.46622848510742,47.13994216918945,50.515445709228516,27.538644790649414,-14.779467582702637,20.832056045532227,-15.92559814453125,20.025503158569336,4.40495491027832,14.275276184082031,-20.762765884399414,17.256139755249023,6.791390419006348,14.274075508117676,-8.221656799316406,10.38410758972168,-1.638495922088623,8.184183120727539,3.588697671890259,9.422706604003906,-12.141144752502441,9.814456939697266
audio_5049.wav,train,60.0746875,16000,0.1362631618976593,0.022680943831801414,0.95001220703125,0.0,0.5521831735889244,113.22324603078411,18.423014233008885,14.232379303010205,0.448857089074148,0.06044149215362576,3858.5040156771743,179.18505435952753,2364.9611575177137,64.52826489998093,6745.65278887114,94.4947202898985,17.825782775878906,7.639005184173584,4.343372344970703,8.321186065673828,5.482767105102539,6.40241813659668,3.978484869003296,5.159826278686523,2.8111250400543213,3.979881763458252,1.1871627569198608,3.448518991470337,-0.20737360417842865,3.5709750652313232,-1.0408060550689697,3.569814920425415,-1.6750314235687256,3.8245482444763184,-1.4741551876068115,3.89544415473938,-1.40165376663208,3.692603349685669,-1.2986146211624146,3.3968734741210938,-1.2900232076644897,3.2143170833587646
audio_300.wav,train,60.0746875,16000,0.05029955878853798,0.03400750458240509,0.6722412109375,0.22097976570820022,0.6592119275825347,225.1422562392905,196.6361787855656,32.82323594370496,0.21115356055311502,0.18366420194897484,2742.3864561479268,1470.6107856118851,1917.5798333520402,482.93518462070386,4889.8803580937165,1777.0264311586843,-313.5063171386719,132.9303741455078,32.63005828857422,59.73366165161133,17.534765243530273,54.11561965942383,17.557048797607422,37.02848434448242,-6.467171669006348,34.73798751831055,9.343149185180664,22.91927719116211,-15.31827449798584,23.445232391357422,-2.5423667430877686,18.739286422729492,-4.808197498321533,16.070032119750977,-10.895140647888184,13.434125900268555,-5.547370433807373,11.948923110961914,1.263994574546814,13.105603218078613,-5.57098913192749,13.364535331726074
audio_581.wav,train,60.0746875,16000,0.021167825907468796,0.040818117558956146,0.610809326171875,0.7374866879659212,0.520234291799787,119.26495573315601,235.20305963643483,19.534644217087845,0.13268171966520234,0.09137473945845372,2126.1432579339253,1312.17556285046,1593.561942613528,582.5953750586341,3834.4690162406814,2178.2551406429275,-468.6219787597656,139.22042846679688,55.773441314697266,66.77188873291016,-6.867956161499023,25.0780086517334,12.415867805480957,22.193378448486328,2.65712571144104,12.21019458770752,-3.901441812515259,13.93517017364502,-1.9497621059417725,9.914185523986816,-3.627631902694702,10.057031631469727,-3.994593620300293,11.728299140930176,0.6766660809516907,7.9783244132995605,-5.172699928283691,9.209288597106934,-3.183967351913452,7.292006969451904,-2.6956119537353516,6.688479900360107
audio_164.wav,train,60.0746875,16000,0.05047786980867386,0.06170351058244705,0.920379638671875,0.5511182108626198,0.6022364217252396,150.26442824298348,31.68780885263035,19.330025379446738,0.1045530276557508,0.10435982337117394,1706.3262906806758,920.4786238848104,1848.2062380121001,490.8517691836219,3626.460163738019,1712.4581856678114,-353.6884460449219,136.51100158691406,68.07841491699219,43.31113052368164,16.64995002746582,29.430530548095703,26.422157287597656,25.463878631591797,10.392165184020996,19.326635360717773,4.838992595672607,12.952317237854004,-0.2616729140281677,15.011853218078613,-7.395942687988281,15.846612930297852,-4.84763765335083,15.064668655395508,-5.086135387420654,14.399246215820312,4.661959648132324,12.253021240234375,-11.455972671508789,14.068614959716797,-0.619604229927063,8.223245620727539
audio_502.wav,train,60.0746875,16000,0.06771570444107056,0.046773843467235565,0.920562744140625,0.1954206602768903,0.8610223642172524,205.2672581380976,54.38212387941317,28.809784675270294,0.1273488460130458,0.13022033596213714,1649.3396140060518,1200.2683682117165,1542.714833607414,492.26664066075995,2974.3119342385517,1928.187470218712,-300.8452453613281,81.78604125976562,82.64541625976562,59.74850082397461,18.28374671936035,44.74220657348633,17.79224395751953,33.839080810546875,-8.115869522094727,22.728076934814453,-0.7938423752784729,19.887313842773438,-5.877225399017334,16.92498207092285,-15.49241828918457,20.7237491607666,-4.887483596801758,15.672537803649902,-10.655904769897461,13.918741226196289,-4.890291213989258,13.312193870544434,-7.155395030975342,11.769255638122559,-1.6075100898742676,12.16543960571289
audio_380.wav,train,58.6666875,16000,0.0528031550347805,0.0524933896958828,0.9293212890625,0.3904034896401309,0.7099236641221374,249.81097439559304,138.69145031362518,55.26108177094713,0.15893581311341332,0.1215794225664257,1951.470222451669,1044.64683168639,1654.5160247076951,422.77749846408847,3485.9809501090513,1712.7296078859117,-309.0325012207031,115.59053039550781,60.020816802978516,52.47272491455078,4.916506767272949,40.395294189453125,18.779268264770508,36.69699478149414,-7.331363677978516,20.939897537231445,-16.382366180419922,21.87725067138672,-8.654230117797852,17.024066925048828,-15.959973335266113,16.034194946289062,-11.011361122131348,17.752290725708008,-6.726248741149902,13.742999076843262,-22.924251556396484,15.386009216308594,-8.140795707702637,13.029144287109375,-1.851013422012329,12.86331844329834
audio_15.wav,train,43.32,16000,0.013113779947161674,0.01095025148242712,0.209503173828125,0.25627769571639586,0.6366322008862629,118.57804013471404,10.851454468914513,14.354639058520064,0.05565757131646972,0.05715394354114412,1233.8982735757606,779.2441407714734,1637.6186668948783,504.7840717304007,2642.586779911374,1711.5657368018212,-440.6658630371094,71.77326202392578,104.92063903808594,45.44568634033203,25.043609619140625,27.635255813598633,30.139291763305664,20.94364356994629,22.781108856201172,15.388687133789062,2.6352999210357666,15.142965316772461,-9.725845336914062,16.45642852783203,2.2296841144561768,13.478973388671875,-3.625260353088379,13.811051368713379,5.0909857749938965,11.79278564453125,6.966599941253662,7.972840785980225,11.527765274047852,9.233393669128418,6.481111526489258,8.3233060836792
audio_238.wav,train,27.62,16000,0.05031265318393707,0.057759396731853485,0.704010009765625,0.3773148148148148,0.30671296296296297,145.14587018501834,413.63452346861305,75.35227983937469,0.1604800754123264,0.14936094186055088,1616.5978754476387,1254.0062821047807,1333.1999312346654,586.2269741842144,2865.0354456018517,2077.654825514607,-376.58636474609375,120.75493621826172,98.31201934814453,87.05010223388672,25.60429573059082,48.79679489135742,35.75449752807617,44.111087799072266,-6.480804443359375,30.512710571289062,-10.672625541687012,25.583839416503906,-10.295916557312012,21.685583114624023,-11.490277290344238,17.817285537719727,-9.859084129333496,15.578309059143066,-8.965208053588867,13.926434516906738,-4.227518081665039,11.25220775604248,-5.370766639709473,11.694003105163574,-6.879056453704834,9.31196117401123
audio_53.wav,train,39.42,16000,0.021583866328001022,0.015243523754179478,0.2801513671875,0.24025974025974026,0.7905844155844156,201.74088950502764,247.62395987615156,24.84248996834239,0.12823050362723215,0.1148647544615505,2029.2521960098597,1013.5528382949166,1952.8536851359781,406.1816026766651,3986.6134841720777,1695.4009817743834,-364.13604736328125,98.3942642211914,66.88616943359375,40.69126892089844,3.2629950046539307,33.7213249206543,18.60201072692871,25.074045181274414,21.957677841186523,15.625106811523438,-1.438973307609558,18.04467010498047,-6.334319591522217,14.664225578308105,-4.1131744384765625,13.906135559082031,-1.2342640161514282,12.805068969726562,-9.486124992370605,13.304779052734375,0.9739106297492981,9.46353816986084,6.542954444885254,9.761754035949707,-2.9742019176483154,8.969123840332031
audio_283.wav,train,27.7973125,16000,0.04353838041424751,0.03522656857967377,0.514129638671875,0.2899884925201381,0.6835443037974683,240.60659835958717,277.2228367713253,53.383460026844745,0.1627521756329114,0.13181714616126242,2164.46319520085,1122.0129611736722,1736.627132034517,452.0578996817896,4033.83918296893,1681.6433343815556,-334.107666015625,148.66128540039062,51.96421813964844,59.122222900390625,-2.357679843902588,42.86318588256836,17.780807495117188,31.161699295043945,-14.38206672668457,27.816253662109375,-5.735446453094482,17.737751007080078,-15.545299530029297,19.120742797851562,2.6764113903045654,17.402999877929688,-5.220211505889893,16.162076950073242,-16.599742889404297,15.224783897399902,3.8697457313537598,11.370671272277832,-10.253924369812012,14.765159606933594,-8.870548248291016,11.394843101501465
audio_614.wav,train,60.0746875,16000,0.05752384662628174,0.04481848329305649,0.79913330078125,0.25931842385516507,0.6613418530351438,205.2672581380976,192.90505962259488,28.809784675270294,0.20139495557108625,0.18355095761837448,2030.523102377126,1500.9511145354866,1493.0965449864175,544.0148871621993,3461.707101970181,2123.706690234646,-314.54052734375,95.35301971435547,72.39936828613281,67.6604995727539,8.994633674621582,43.038204193115234,6.644512176513672,35.008907318115234,-28.203994750976562,31.503664016723633,-22.03582191467285,23.488746643066406,-29.032848358154297,17.98282241821289,-1.0352426767349243,15.976564407348633,-10.236170768737793,14.859336853027344,-4.862789154052734,12.926959037780762,-11.8966646194458,12.949641227722168,-2.1133010387420654,12.84112548828125,2.1229708194732666,10.089581489562988
audio_121.wav,train,45.06,16000,0.04766363650560379,0.04722626879811287,0.709075927734375,0.37402413058907025,0.6124911284599006,246.94165062806206,59.1163145122699,75.75285163452969,0.12991122915188077,0.11691301215548612,1629.9444778428133,1041.7994975348727,1533.7357214227097,523.2176010632309,3006.770094038325,1873.6425663241685,-350.90972900390625,116.91441345214844,95.63511657714844,51.289100646972656,14.764524459838867,37.93898391723633,5.224432945251465,36.46161651611328,-18.39491844177246,21.976001739501953,-30.671689987182617,22.767988204956055,-17.144975662231445,17.877573013305664,-2.1386563777923584,15.555018424987793,-7.496957302093506,13.871801376342773,-15.214893341064453,13.24679183959961,-18.306577682495117,13.284809112548828,-11.908994674682617,11.542293548583984,-4.640928745269775,13.021414756774902
audio_216.wav,train,60.07475,16000,0.05831122025847435,0.04755542427301407,0.999969482421875,0.37752928647497336,0.7657082002129926,219.99999999999997,41.05824055276452,36.45293506495332,0.13461846462326943,0.08393065212249566,1207.946894778809,593.7713962852926,934.9079062924775,239.813510145923,2110.0530817358895,1068.7831477843033,-303.50701904296875,81.65813446044922,95.6681137084961,44.622962951660156,-15.311481475830078,38.47190856933594,23.03046417236328,30.852449417114258,-15.937932968139648,16.756765365600586,-17.450239181518555,18.61826515197754,-3.4081718921661377,13.99542236328125,-17.0827579498291,14.981141090393066,2.683424711227417,13.92375373840332,-7.168521404266357,9.586484909057617,-11.214009284973145,10.891894340515137,0.6593857407569885,8.968090057373047,-8.443263053894043,7.926105976104736
audio_552.wav,train,60.0746875,16000,0.060322634875774384,0.05351511016488075,0.9146728515625,0.32800851970181044,0.6975505857294995,137.79308824865404,31.12194927278193,19.228224387303925,0.1389303156616081,0.11989092066195016,1763.4635796481277,990.3759712535325,1604.1903272804038,354.84521923412325,3192.4961727902023,1498.7414474016937,-279.6973571777344,111.83843231201172,89.6303939819336,52.21115493774414,1.1872659921646118,31.954647064208984,20.08134651184082,35.534385681152344,9.63742733001709,18.425262451171875,-13.382292747497559,21.209680557250977,-11.95641803741455,17.860227584838867,-5.28198766708374,14.956687927246094,-5.547318935394287,14.553701400756836,0.2919445037841797,12.22254753112793,-3.239763021469116,10.909890174865723,-4.511044979095459,12.670083045959473,0.4918920397758484,12.218184471130371
audio_514.wav,train,60.0746875,16000,0.047660209238529205,0.0519535206258297,0.99462890625,0.4984025559105431,0.7284345047923323,229.0776735576574,48.64487424224823,25.22625639838705,0.11788170177715655,0.08630000952146184,1502.7761552663947,882.1127753517125,1525.7232285384207,579.279354212455,2928.289736421725,1946.0845707752737,-370.8580627441406,74.73554229736328,86.71703338623047,48.817447662353516,22.370084762573242,24.80819320678711,19.970073699951172,26.30243682861328,-12.683707237243652,21.382558822631836,-9.593793869018555,15.636743545532227,-1.1386507749557495,12.605459213256836,-15.799256324768066,15.424029350280762,-6.272707462310791,11.475083351135254,-5.014078617095947,10.718456268310547,-10.26469612121582,12.43767261505127,-2.925304889678955,9.369202613830566,-3.37308931350708,8.914827346801758
audio_593.wav,train,60.0746875,16000,0.05329350754618645,0.054766617715358734,0.946502685546875,0.43503727369542067,0.6395101171458999,126.35681904967383,226.87534810749787,13.914535910586679,0.09124203357960596,0.05878954689317453,1293.7448815608464,621.0077091753087,1417.7040482733203,497.67487793688287,2589.040867944622,1325.7179369699497,-328.9688415527344,84.43415069580078,122.38780212402344,51.93519973754883,4.903080463409424,25.534469604492188,31.605697631835938,27.753753662109375,11.84127140045166,20.824323654174805,-15.710749626159668,24.05574607849121,-9.206897735595703,21.974864959716797,6.602097034454346,14.20591926574707,6.747649669647217,12.480794906616211,-5.606721878051758,15.745918273925781,-3.785003900527954,10.276363372802734,3.3307554721832275,10.608233451843262,-0.6493078470230103,9.994725227355957
audio_565.wav,train,60.0746875,16000,0.044535454362630844,0.053353387862443924,0.67144775390625,0.5191693290734825,0.7082002129925452,252.71363809934766,76.030594803043,34.28468096449046,0.12929677099973375,0.07327301251628156,1688.65144219176,683.2742432724975,1630.8404699780415,410.48650419309797,3245.889909478168,1376.40794175133,-295.3085021972656,72.06783294677734,94.34053802490234,27.061378479003906,-11.814261436462402,26.997838973999023,-0.627141535282135,19.570205688476562,-15.262529373168945,17.19179916381836,-15.46773624420166,17.076772689819336,-13.916725158691406,16.386554718017578,-5.5771098136901855,12.844444274902344,-0.7014626264572144,13.3170747756958,-1.7207316160202026,11.367850303649902,-0.48370933532714844,11.939449310302734,-10.213105201721191,12.513484954833984,0.3235588073730469,11.369134902954102
audio_140.wav,train,60.08,16000,0.02497217431664467,0.03307964652776718,0.6708984375,0.5756123535676251,0.45686900958466453,218.73289323986043,500.8331855804922,77.55194508051753,0.28021727735623003,0.17020067076551726,2744.7035397843697,1223.695693631445,1916.1123747148797,395.7283197115732,4868.418863152289,1608.4186539877353,-408.81109619140625,172.9053955078125,33.82434844970703,54.14022445678711,5.879907131195068,35.89838409423828,4.691586017608643,31.535425186157227,-13.125024795532227,25.2175235748291,-3.334981679916382,20.005565643310547,-14.09286117553711,17.699871063232422,-4.466936111450195,15.252436637878418,-8.66561222076416,15.826006889343262,-5.9763994216918945,12.11786937713623,-11.243830680847168,12.462749481201172,-2.362107515335083,10.324848175048828,-6.431539535522461,10.975607872009277
audio_117.wav,train,45.06,16000,0.023912014439702034,0.02024136669933796,0.27606201171875,0.3243435060326473,0.6827537260468417,155.56349186104043,18.793703212532716,16.08834679281827,0.12187347520404543,0.14970168321628613,2372.632724365042,1525.4899628963872,1733.4456942936417,564.8878462796681,4108.681910929738,2369.21293232465,-435.636474609375,174.21446228027344,58.50921630859375,73.21309661865234,10.198456764221191,36.56180191040039,17.20088768005371,36.564361572265625,-7.688590049743652,17.800474166870117,-16.407222747802734,22.56952476501465,-7.779804706573486,15.654891014099121,-10.464314460754395,14.297935485839844,-20.44515609741211,17.84324836730957,-5.909608840942383,13.598919868469238,-0.4502815008163452,8.855851173400879,-8.895821571350098,10.141109466552734,-4.941381454467773,9.997930526733398
audio_495.wav,train,60.0746875,16000,0.064246766269207,0.06029549241065979,0.93792724609375,0.34717784877529284,0.7103301384451545,122.05264192746294,98.55759301684304,26.3225273825673,0.10789377620806709,0.09764629334321895,1402.083476865455,961.7734315264688,1474.8476964685099,481.89673237637805,2562.7745607028755,1766.9487279523987,-308.3697204589844,82.6906967163086,109.06033325195312,49.114784240722656,23.900766372680664,28.347469329833984,7.919508457183838,28.586071014404297,8.721219062805176,20.778696060180664,4.798454761505127,20.240510940551758,-22.441001892089844,26.805583953857422,-7.548501491546631,17.626909255981445,-6.814974308013916,15.915166854858398,-7.3204498291015625,16.443063735961914,2.738186836242676,15.462666511535645,2.485988140106201,13.521909713745117,-6.379870891571045,15.422810554504395
audio_652.wav,train,60.0746875,16000,0.027426457032561302,0.03883631154894829,0.63763427734375,0.6357827476038339,0.5378061767838126,114.5388367788287,21.369382434397316,17.422568132583095,0.14607799395966453,0.12289073538108874,1942.278165129004,1075.7740422423421,1871.9510926879493,408.30658798589474,3887.6381123535675,1740.6324870048677,-364.7364807128906,88.12832641601562,80.68949890136719,47.94362258911133,19.422178268432617,27.13044548034668,12.175755500793457,23.209184646606445,5.433791160583496,16.379743576049805,2.2193758487701416,21.007844924926758,-2.4602792263031006,13.296820640563965,-15.99880313873291,13.456090927124023,-6.492766380310059,11.289889335632324,-5.486341953277588,11.434610366821289,-9.450839042663574,9.396050453186035,-6.253352165222168,9.781426429748535,-6.989899635314941,8.59545612335205
audio_645.wav,train,48.96,16000,0.02403911016881466,0.027338506653904915,0.692352294921875,0.4676681907250163,0.41802743305029394,121.70115618273752,597.9130282699948,53.11556017517289,0.1589781239794252,0.09171626841032726,1662.610967477192,811.162831304788,1237.196339535384,503.25689363558155,2861.324297844546,1452.4875865135202,-424.9497985839844,158.445556640625,90.21697235107422,79.3741226196289,-30.759809494018555,46.9785041809082,25.665023803710938,42.96074676513672,4.560954570770264,24.0817928314209,-1.2047187089920044,22.207666397094727,-18.943445205688477,24.929420471191406,-12.848227500915527,19.553146362304688,2.464108943939209,15.999767303466797,2.4394009113311768,16.85616683959961,-15.692763328552246,14.503813743591309,-6.274925708770752,12.537664413452148,1.8195513486862183,10.799018859863281
audio_242.wav,train,60.08,16000,0.025646116584539413,0.03542516380548477,0.684173583984375,0.5766773162939297,0.42012779552715657,169.64319079487348,25.13850683529962,25.94703918627806,0.08777856471312566,0.1367974954926171,1445.556441722451,1466.382218952774,1068.9772974589505,884.6702799118567,2637.3635516506924,2432.741641369988,-433.7085876464844,154.634521484375,27.37398910522461,46.112083435058594,-0.07091420888900757,31.95435905456543,24.250225067138672,38.20124816894531,-12.624119758605957,24.685165405273438,3.7920031547546387,12.970101356506348,-10.256142616271973,18.998550415039062,-11.394641876220703,17.09748077392578,-8.259443283081055,13.503857612609863,-6.447415351867676,12.164998054504395,-6.913482189178467,10.52366828918457,-5.848956108093262,11.243597984313965,-0.1972351223230362,7.523866176605225
audio_4.wav,train,45.06,16000,0.008057698607444763,0.007961265742778778,0.122650146484375,0.3647977288857346,0.22924059616749468,107.48759652776705,9.974781635227822,11.376179115282667,0.262687341975692,0.1282586885095258,2673.3993824190497,930.7298700603092,1781.201950636486,289.64899469642296,4604.772888573456,1215.76750842867,-432.06231689453125,158.16477966308594,40.66260528564453,51.81522750854492,-17.97147560119629,32.903282165527344,19.264602661132812,25.76825523376465,-19.80455780029297,24.314260482788086,-4.1860270500183105,20.179027557373047,-2.4780569076538086,15.974224090576172,-2.8042831420898438,14.98096752166748,-10.796911239624023,15.265580177307129,7.1853790283203125,10.719232559204102,-10.098089218139648,13.588517189025879,0.6203327178955078,10.551697731018066,-8.173868179321289,11.447539329528809
audio_93.wav,train,45.06,16000,0.008399437181651592,0.009071252308785915,0.2969970703125,0.45990063875088716,0.531582682753726,118.57804013471404,27.670641459385735,20.692909843056086,0.1590071083215046,0.10387257323475631,1937.9219732628976,897.4399536686335,1663.6196711284704,373.25176720983086,3734.5579755145495,1411.307666728684,-446.98687744140625,124.91253662109375,69.96009826660156,51.31548309326172,1.6390135288238525,29.852066040039062,29.507469177246094,31.290979385375977,-16.88814926147461,21.932985305786133,-8.551855087280273,16.646770477294922,-16.15456199645996,14.676815032958984,-8.86374568939209,14.07900619506836,-1.4980508089065552,11.17106819152832,-6.217582702636719,12.172941207885742,-6.259217262268066,8.335875511169434,-5.111461162567139,9.248490333557129,-1.4637559652328491,7.82280158996582
audio_582.wav,train,60.0746875,16000,0.02001531980931759,0.04517043009400368,0.929046630859375,0.7880724174653887,0.43503727369542067,113.87914162255151,19.11136636015386,20.596480894039047,0.09268347726970182,0.04839116828066782,2516.064276104544,1367.9393354032097,1754.4718334322695,605.6612727051199,4470.655284877529,2239.6256172988974,-465.63153076171875,125.79265594482422,40.882476806640625,64.55162048339844,-7.089690208435059,22.578536987304688,8.764617919921875,21.845855712890625,2.3040947914123535,10.537639617919922,-3.8610949516296387,12.5586576461792,-1.1952264308929443,8.902785301208496,-2.879589319229126,8.983148574829102,-2.5860702991485596,8.998990058898926,-1.053135871887207,7.0406413078308105,-3.1649599075317383,7.131483554840088,-1.9936388731002808,5.616150856018066,-3.2494332790374756,7.031528472900391
audio_222.wav,train,58.92275,16000,0.03223147615790367,0.039123889058828354,0.956756591796875,0.4799131378935939,0.5662323561346363,94.11545282508624,312.44303339009537,22.70346635681635,0.1477808916089848,0.07728941298933707,1443.958130258881,534.8650980699472,1058.7756603477942,218.7393851898535,2623.121097991314,780.5727176459667,-353.93505859375,133.63246154785156,100.78958129882812,58.57792663574219,-34.65919876098633,46.417999267578125,44.3604621887207,35.85395050048828,-1.1546796560287476,22.485960006713867,-9.644253730773926,18.882091522216797,-2.4068827629089355,15.770021438598633,-21.332292556762695,18.426218032836914,9.139513969421387,14.347440719604492,-1.496097445487976,13.725959777832031,-6.65043830871582,9.870296478271484,2.9567015171051025,9.92370891571045,-4.446051120758057,9.717448234558105
audio_5042.wav,train,60.0746875,16000,0.11929000914096832,0.019238222390413284,0.949981689453125,0.0,0.2689030883919063,141.8307339283537,36.80958137796983,72.86906989586024,0.450282152722311,0.05448461867008838,3839.280597698475,184.40903914833345,2350.614857884755,44.86510527172247,6729.4953075079875,120.3697356217754,6.750187873840332,9.000649452209473,4.060949325561523,7.094372272491455,2.753300666809082,4.586162567138672,3.244652271270752,6.126961708068848,1.6142404079437256,4.431415557861328,-1.1190990209579468,4.167657375335693,-0.8808041214942932,3.9503352642059326,-0.45409372448921204,3.503596305847168,-1.5896995067596436,3.978621482849121,-2.0874080657958984,4.137050628662109,-1.1778360605239868,3.321715831756592,-1.0318852663040161,3.3078417778015137,-1.5414695739746094,3.5283567905426025
audio_253.wav,train,60.08,16000,0.030914675444364548,0.035246215760707855,0.620819091796875,0.4968051118210863,0.7550585729499467,143.47872767421205,35.54854994912556,28.87120556189562,0.08785708491413738,0.08295019175391329,1174.668231755791,709.7302324440091,1291.8075195192189,416.09059518743965,2187.6040002662407,1244.9943854139192,-415.9125061035156,103.60955047607422,104.70819854736328,49.567996978759766,12.445761680603027,30.223255157470703,26.157447814941406,31.838747024536133,1.4100111722946167,20.425634384155273,-13.676925659179688,31.060626983642578,-1.138535499572754,15.255672454833984,-5.322659492492676,11.603676795959473,-4.365100383758545,12.157537460327148,-1.157159447669983,11.672951698303223,-4.4139814376831055,9.75045108795166,-0.04327620193362236,9.134801864624023,-2.328216075897217,8.41143798828125
audio_167.wav,train,60.0746875,16000,0.04737888276576996,0.054227303713560104,0.959747314453125,0.46592119275825344,0.5883919062832801,198.27510177438265,143.64276253019287,44.374355001537,0.15265835080537807,0.11677509056160104,1877.3411320449643,1002.4052961423536,1513.3476641660277,470.0970512419084,3435.727835463259,1659.740508806,-338.38262939453125,157.32620239257812,64.01736450195312,59.63518524169922,-13.483562469482422,36.94662094116211,2.9886903762817383,25.928682327270508,-24.287389755249023,26.40292739868164,3.2718379497528076,15.918811798095703,-15.512454986572266,16.58867645263672,-4.931106090545654,13.45628547668457,-13.93659496307373,15.4274320602417,-6.739953994750977,9.640637397766113,-8.666711807250977,10.604751586914062,-6.3539628982543945,12.229477882385254,-6.153411865234375,9.470213890075684
audio_583.wav,train,60.0746875,16000,0.05186602845788002,0.04832486808300018,0.9107666015625,0.3935037273695421,0.6938232161874335,239.91170118635668,47.42625613978476,48.928134304613195,0.14029479915468585,0.10557506867951544,1885.3650308269462,960.8087669847525,1642.7871245835627,407.9816026877513,3485.4316427050053,1511.692329363393,-311.42108154296875,119.00779724121094,69.26923370361328,45.98725509643555,4.232712268829346,42.39433670043945,25.524356842041016,29.356218338012695,-4.641151428222656,22.24999237060547,-6.5420942306518555,20.36098861694336,-1.680735468864441,15.368925094604492,-5.302457809448242,17.662639617919922,-5.353780746459961,16.187990188598633,-14.454306602478027,12.85348892211914,-2.060304641723633,10.8463716506958,-11.57629680633545,11.46036434173584,-11.70421314239502,9.712281227111816
audio_682.wav,train,60.0746875,16000,0.04346092417836189,0.05408453941345215,0.944671630859375,0.4792332268370607,0.5058572949946751,159.19961611844158,38.943832930109885,52.66445738678436,0.1891325441793131,0.13580286701259006,2348.4611014889906,1141.5695785401313,1862.6185134539658,471.4739749423898,4330.342285676252,1820.7294150145317,-321.9480285644531,153.8665771484375,50.342994689941406,55.115055084228516,-7.083477973937988,35.872650146484375,-0.9636663198471069,25.997568130493164,-8.702919960021973,22.969036102294922,-17.661928176879883,19.705944061279297,-5.808126926422119,15.719717979431152,-10.571247100830078,14.178420066833496,-9.726882934570312,12.114686012268066,-4.876156330108643,11.415775299072266,-8.734814643859863,10.420235633850098,-1.8258702754974365,7.9170451164245605,-4.460264682769775,8.485311508178711
audio_5045.wav,train,60.0746875,16000,0.1216970831155777,0.024418635293841362,0.95001220703125,0.0,0.5005324813631523,97.99885899543732,21.651250474895747,39.38175837786963,0.45934161591453676,0.06721960265955083,3870.9324015018815,233.94734534432658,2347.5088303042594,59.89732010337509,6742.52446086262,129.58293461916313,7.361217975616455,10.717785835266113,3.376868724822998,10.753541946411133,3.2779269218444824,5.478250980377197,1.2315852642059326,5.743831634521484,-0.18160861730575562,4.996514320373535,-1.2321974039077759,4.3355278968811035,-1.4541614055633545,4.183129787445068,-1.4632025957107544,4.2536420822143555,-1.3313604593276978,4.268443584442139,-0.7252225875854492,3.8825278282165527,-0.2531249225139618,3.519571304321289,-0.038968756794929504,3.2642924785614014,0.09562948346138,3.042529821395874
audio_173.wav,train,60.0746875,16000,0.05246472358703613,0.06504669785499573,0.9853515625,0.5015974440894568,0.6443024494142705,181.8190699939266,45.852176025703706,22.987403714421276,0.14040633944022896,0.11564022664021327,1765.680711634673,1081.2278239307018,1578.0304858701668,494.0256345624679,3306.721745207668,1758.6846256120955,-325.086669921875,128.3900146484375,75.56867218017578,56.86800003051758,9.742112159729004,38.12680435180664,11.25749397277832,26.040283203125,-7.039623737335205,19.055124282836914,-3.993502140045166,17.134132385253906,-12.715933799743652,16.38842010498047,-2.6715586185455322,12.758177757263184,-6.4222846031188965,14.249571800231934,-3.480156183242798,10.870044708251953,-5.525187969207764,10.318035125732422,-4.105766773223877,11.577885627746582,-2.387695074081421,9.451780319213867
audio_338.wav,train,60.0106875,16000,0.06107320636510849,0.04559655115008354,0.96221923828125,0.21375266524520256,0.5213219616204691,105.64102395561046,61.8034540358295,32.064452602788705,0.1606846140391791,0.12595131975742152,1860.0520189690783,1118.276157276832,1574.1278324549965,470.4133927995934,3341.2096881663115,1816.3639481653777,-259.87115478515625,101.08740997314453,91.74170684814453,63.34520721435547,7.317532062530518,44.83206558227539,9.822781562805176,39.06637191772461,-6.188910484313965,27.44828987121582,2.36494517326355,20.098827362060547,-17.248706817626953,19.86880111694336,-10.234122276306152,19.773406982421875,-3.7471413612365723,15.678589820861816,-14.578973770141602,20.89837646484375,-2.5571272373199463,12.578519821166992,-2.463831901550293,11.801250457763672,-1.5572487115859985,13.460098266601562
audio_188.wav,train,60.07475,16000,0.058496665209531784,0.046403657644987106,0.940399169921875,0.2971246006389776,0.7694355697550586,181.8190699939266,39.952358337386386,25.666600237097498,0.10788675619009584,0.07153517855873383,1125.3028978184957,487.16215737237917,924.0182323004642,276.9808476787658,2017.0477236421725,843.5716730618262,-314.0408630371094,99.99935913085938,108.2063217163086,53.639122009277344,-27.990400314331055,44.34192657470703,30.296836853027344,36.234901428222656,1.045199990272522,21.155073165893555,-10.175025939941406,17.912128448486328,-11.261625289916992,19.844120025634766,-26.406953811645508,18.48257064819336,-0.20314671099185944,15.258548736572266,-10.530817031860352,10.416257858276367,-9.25037670135498,8.631182670593262,6.3813090324401855,9.704822540283203,-7.619050979614258,8.84500789642334
audio_59.wav,train,45.06,16000,0.01442580297589302,0.010333011858165264,0.177947998046875,0.2370475514549326,0.6302342086586231,104.42763330455712,10.955398114305765,12.210917254203366,0.10126620442246274,0.11241254980194913,1692.6294090633926,1039.2286972262802,1671.7882283252136,414.78310493156647,3254.4745830376155,1641.8838901303739,-385.2475280761719,100.76737213134766,96.65015411376953,57.092830657958984,12.733675956726074,35.092926025390625,22.28135871887207,26.835248947143555,4.308520317077637,20.613075256347656,3.8961498737335205,19.95821762084961,-5.114050388336182,14.103537559509277,5.277061939239502,13.425905227661133,-6.00191593170166,14.494169235229492,3.9422004222869873,11.475456237792969,-7.381787300109863,10.447927474975586,8.04500675201416,9.149528503417969,-0.7625340223312378,9.659001350402832
audio_318.wav,train,60.0746875,16000,0.029133424162864685,0.032229334115982056,0.955474853515625,0.5287539936102237,0.5708200212992546,81.46036537576103,9.717861776776338,9.415904388796505,0.13898101579140043,0.12860798169744184,1664.8586569452366,1196.8706757164805,1519.084782873484,428.11320885647575,2968.9330404685834,1849.869856736846,-388.5677490234375,107.45082092285156,76.27182006835938,68.8615951538086,24.190494537353516,33.63515853881836,13.459029197692871,28.760818481445312,0.5619605183601379,20.04471778869629,6.429154396057129,17.680017471313477,7.267208576202393,15.837413787841797,7.0425848960876465,14.590608596801758,-12.535975456237793,18.825132369995117,-4.057375431060791,16.698633193969727,4.867642879486084,14.19718074798584,-3.616683006286621,10.749217987060547,-2.9010119438171387,11.203926086425781
audio_17.wav,train,44.1,16000,0.1415875107049942,0.11990843713283539,1.0,0.27918781725888325,0.6134880348078318,109.36644661993022,17.668582309069738,18.017118697360033,0.0871569638324873,0.07613605504293872,1575.1743434790296,733.7898661756329,1560.1805915823902,481.7099005589513,3242.159173313996,1410.4214480888595,-191.82945251464844,132.92959594726562,101.72920989990234,54.29695510864258,-8.401426315307617,36.31782150268555,45.42570877075195,36.446189880371094,-8.611865997314453,24.168989181518555,-0.8117666840553284,17.876569747924805,2.401395797729492,14.639493942260742,-7.066982746124268,18.27027702331543,3.405942678451538,10.939749717712402,1.1979001760482788,13.54516887664795,-5.1814799308776855,11.455772399902344,5.9180121421813965,8.80168628692627,-3.9835641384124756,12.635998725891113
audio_551.wav,train,60.0746875,16000,0.053880006074905396,0.05617779865860939,0.949127197265625,0.44515441959531415,0.6964856230031949,138.59131548843604,76.8461803538236,22.49316656662438,0.12561828158280086,0.10063094848779244,1666.2497565588799,875.599080055737,1633.8740777954988,404.1599602604097,3182.9489483493076,1548.901601028319,-306.95220947265625,115.96930694580078,94.45294189453125,49.510345458984375,5.25087833404541,31.031269073486328,17.409273147583008,31.64603042602539,7.27769660949707,18.740589141845703,-9.964365005493164,20.335586547851562,-10.524957656860352,17.672801971435547,-6.5151238441467285,12.989006996154785,-5.752692699432373,13.411016464233398,-2.2193140983581543,12.247908592224121,-5.918461799621582,10.818976402282715,-0.7815543413162231,11.952651977539062,-0.9274753332138062,9.942490577697754
audio_275.wav,train,39.0186875,16000,0.05111588165163994,0.05934551730751991,0.867523193359375,0.4959016393442623,0.4745901639344262,190.41804342135148,340.56513449302804,39.92206691155829,0.14835625320184426,0.14889805858629768,1874.3049627907735,1373.5506274571428,1291.645957929156,681.9027372068672,3192.277151639344,2120.689074222183,-369.5881652832031,164.9349365234375,39.30278396606445,64.7020034790039,-10.743913650512695,38.9318733215332,22.682815551757812,33.487892150878906,-12.047643661499023,22.034095764160156,-7.027091026306152,17.46720314025879,-8.185938835144043,15.209338188171387,-1.5990142822265625,12.98327922821045,-15.260380744934082,17.101402282714844,-5.826092720031738,11.684232711791992,-4.954790115356445,11.034262657165527,-4.905089855194092,12.557777404785156,-6.473147869110107,10.451427459716797
audio_368.wav,train,60.0746875,16000,0.03709466755390167,0.030416157096624374,0.464447021484375,0.3200212992545261,0.6549520766773163,175.62564499846297,36.24362082450495,23.148158547396605,0.1984429080138445,0.16028993309960424,2444.1147553505316,1402.3893561051957,1901.5182332195047,501.31353320447056,4477.748103035144,2062.1450902158936,-378.489990234375,129.2815399169922,48.03251647949219,69.17463684082031,24.157543182373047,46.95464324951172,23.730510711669922,39.26019287109375,12.366124153137207,23.80202865600586,2.597090482711792,17.662391662597656,-8.84943675994873,19.50180435180664,-11.377185821533203,18.812091827392578,-12.604873657226562,16.75030517578125,-2.909930467605591,13.34831428527832,-4.991127967834473,11.092233657836914,-7.029524803161621,11.879999160766602,11.787796020507812,12.428729057312012
audio_730.wav,train,60.0746875,16000,0.03394804894924164,0.04981580004096031,0.64703369140625,0.6198083067092651,0.3572949946751864,117.21605517913326,78.5262244433964,15.71959553220995,0.12879184970713525,0.13368170600806123,1932.6515677917503,1285.6680097128633,1439.8608690876135,629.3198992993363,3428.743177582535,2062.045354970868,-433.2981872558594,141.95767211914062,46.868194580078125,69.83036804199219,6.135646343231201,27.24993324279785,22.44196319580078,34.085655212402344,-9.493331909179688,20.04743766784668,-1.7644898891448975,15.089885711669922,-4.6236677169799805,12.890402793884277,-8.518735885620117,13.083571434020996,-9.302989959716797,13.161134719848633,-3.4988746643066406,9.295066833496094,-2.5780506134033203,8.753361701965332,-3.7982513904571533,9.311872482299805,-5.529873847961426,10.13336181640625
audio_5060.wav,train,60.0746875,16000,0.1346118152141571,0.018425488844513893,0.949981689453125,0.0,0.15601703940362088,84.33305895682803,70.0599213302983,143.23010254815318,0.4393915048422524,0.059739291806437556,3862.825025788864,146.62526678622342,2356.0382635768156,47.22115025397999,6743.202542598509,88.37148682426475,15.796906471252441,6.51821231842041,2.9633259773254395,6.137923717498779,3.1577389240264893,4.403759956359863,1.9164878129959106,4.526154041290283,0.9368305802345276,3.49735426902771,0.10291317105293274,3.4097073078155518,-0.9052731990814209,3.4928698539733887,-1.1395885944366455,3.442466974258423,-0.8861768245697021,3.6324892044067383,-0.7567509412765503,3.6561708450317383,-1.4355988502502441,3.523963689804077,-1.997746467590332,3.436734914779663,-2.066175699234009,3.5047526359558105
audio_685.wav,train,60.0746875,16000,0.06278564780950546,0.06569456309080124,0.9801025390625,0.36687965921192756,0.7806176783812566,128.565497341737,74.76695155619934,16.730843691087784,0.15027778471112885,0.14992566226152151,1657.6400841819752,1286.3274106584574,1430.148951526652,582.6429566574659,3018.0086861022364,2040.2772929549496,-327.740234375,118.80426788330078,94.5653305053711,70.97344207763672,3.2301955223083496,35.04594802856445,22.790985107421875,35.85195541381836,3.268873453140259,19.255245208740234,-16.54351234436035,21.24756622314453,-9.685041427612305,15.77380084991455,-8.481136322021484,13.20071792602539,1.0319502353668213,12.289874076843262,-5.6360015869140625,12.10706901550293,-5.396324157714844,9.443129539489746,-4.741774559020996,9.892655372619629,-4.850242614746094,9.247736930847168
audio_7.wav,train,45.06,16000,0.08260387927293777,0.07555095851421356,0.893768310546875,0.39460610361958837,0.808374733853797,127.08879665595002,19.484723760968308,17.632359506804406,0.07326921797374024,0.08528271781210858,927.4242990192738,798.6670049392253,1028.0238384102581,535.1195317927164,1627.583836053939,1559.453896810229,-336.98931884765625,113.79015350341797,123.06218719482422,65.6240005493164,16.335920333862305,32.86955642700195,11.431182861328125,27.941600799560547,9.079973220825195,21.222627639770508,2.296144485473633,16.031925201416016,-13.487617492675781,21.123125076293945,-1.3970955610275269,12.649762153625488,-12.797101974487305,15.361496925354004,-11.030200004577637,13.599472999572754,-5.732113361358643,11.191749572753906,-7.765539646148682,9.267263412475586,-11.880003929138184,10.50747013092041
audio_204.wav,train,61.03475,16000,0.05657995492219925,0.04894932359457016,0.743927001953125,0.31551362683438156,0.5870020964360587,193.74649219115264,48.04518907488437,37.74238462111617,0.1354240881322065,0.06952171116112629,1393.8327800177108,524.9027259728103,1106.3440701832267,265.4965001484595,2581.8756551362685,925.4191480359705,-336.0532531738281,138.67994689941406,94.90579223632812,59.00872039794922,-26.50168228149414,44.51243209838867,36.45041275024414,36.84062576293945,-30.731679916381836,27.413747787475586,-22.054733276367188,23.8682804107666,-8.059622764587402,17.978391647338867,-29.306575775146484,22.04965591430664,-0.278860867023468,16.989215850830078,-15.962235450744629,13.913908958435059,-8.778146743774414,11.706326484680176,4.683434963226318,9.611062049865723,-7.603709697723389,8.579163551330566
audio_5064.wav,train,60.0746875,16000,0.1030988097190857,0.02575332298874855,0.949981689453125,0.0,0.1964856230031949,78.23233100085048,49.91786361023146,22.933610146899923,0.4633812462559904,0.06276433189787285,3904.1596984649655,167.32996005765196,2339.3704999634633,45.823577650356654,6758.8400226304575,104.14480047541397,-9.570441246032715,7.130326747894287,1.2381651401519775,6.445921897888184,2.3744537830352783,4.601767063140869,1.324418306350708,4.549249172210693,-0.27742713689804077,3.6167151927948,-1.474308967590332,3.7646467685699463,-1.6588598489761353,3.8026328086853027,-1.3349944353103638,3.6509790420532227,-1.0798728466033936,3.7022082805633545,-0.7851970791816711,3.173701047897339,-0.4338168203830719,3.0916202068328857,-0.57242751121521,3.0654313564300537,-0.4978465437889099,2.9602012634277344
audio_127.wav,train,45.06,16000,0.02130485512316227,0.02039523236453533,0.47393798828125,0.3633782824698368,0.6401703335699077,124.90548719779652,17.739865453826066,15.791813589510369,0.17153538635557133,0.10797330718091945,1927.675531555675,891.5497390251783,1574.3818303277228,374.9648505874731,3601.0357523066004,1412.6445420763816,-403.6422119140625,142.70849609375,71.4830551147461,47.62736892700195,-14.253081321716309,31.9511775970459,31.631399154663086,42.27688980102539,-12.607008934020996,21.445941925048828,-6.91005802154541,17.8934268951416,2.896369218826294,14.727277755737305,-6.216494560241699,13.493024826049805,-5.3213605880737305,14.51427936553955,-2.3155946731567383,15.370573997497559,-12.208724975585938,11.26472282409668,-3.852386951446533,9.392547607421875,-12.589508056640625,12.106042861938477
audio_412.wav,train,33.728,16000,0.03173810988664627,0.037424564361572266,0.5997314453125,0.524170616113744,0.5232227488151658,242.6993408760242,56.50946832994312,39.05085107974614,0.1943470453199052,0.16005393101119889,2081.9421191893634,1231.4000486354305,1613.9133122320764,392.0773163657672,3642.654028436019,1655.7350277409528,-359.6213684082031,90.77391052246094,71.93199157714844,45.46875762939453,-7.764030933380127,35.067291259765625,0.4265870749950409,25.62993049621582,-9.842218399047852,21.009279251098633,-3.816925525665283,13.871121406555176,-9.62038516998291,18.14389991760254,-13.114823341369629,19.59078025817871,-5.155858516693115,14.170762062072754,-6.84068489074707,10.283696174621582,-6.7443132400512695,10.222426414489746,-4.5858025550842285,9.514083862304688,0.148111492395401,8.81053352355957
audio_132.wav,train,45.06,16000,0.010421901941299438,0.0076846834272146225,0.120361328125,0.047551454932576294,0.751596877217885,100.87044475251382,18.131681619845487,21.307964998782438,0.08637345302519517,0.04427831385006253,1306.1343421425374,391.0723606507582,1496.7453249210434,277.6689715599037,2601.0191181689142,891.5847683170654,-358.0020751953125,44.056270599365234,124.3744888305664,22.622831344604492,-12.78156852722168,16.498554229736328,20.156003952026367,17.639385223388672,-1.455857515335083,14.360696792602539,4.829728603363037,8.409018516540527,-1.5861828327178955,10.938377380371094,0.45967763662338257,8.01301383972168,1.1216949224472046,7.6633405685424805,4.848234176635742,9.236123085021973,0.22671069204807281,6.525997161865234,2.8158066272735596,5.472878456115723,-3.0425689220428467,5.751302719116211
audio_156.wav,train,60.08,16000,0.021275246515870094,0.026420695707201958,0.64166259765625,0.4957401490947817,0.31735889243876464,227.75828324510303,383.7615355463952,30.368256801132617,0.32529359275159747,0.17834870128663485,3026.933550774929,1367.8902993566203,1780.6117904547718,467.3399735332315,4967.427116613419,1813.4363894760588,-423.3274230957031,142.13641357421875,24.09416961669922,75.12429809570312,-2.8937880992889404,45.71781539916992,10.431367874145508,37.253936767578125,-21.327638626098633,29.1011905670166,-14.672691345214844,21.81514549255371,-9.208409309387207,16.756404876708984,-2.727550745010376,16.40079116821289,-16.07489013671875,15.567306518554688,-9.284517288208008,13.130937576293945,-12.605005264282227,13.058577537536621,-4.592064380645752,12.856866836547852,-10.481480598449707,11.215412139892578
audio_426.wav,train,60.0746875,16000,0.043752968311309814,0.04196876287460327,0.537841796875,0.40521831735889247,0.7263045793397231,270.8517709358815,74.34560328988756,43.350089741974614,0.12671678439496806,0.11345287901394799,1592.4276645061918,965.1102932390847,1569.7757552880926,454.543508794535,3139.019235889244,1712.4578180960764,-372.4961853027344,83.96524810791016,96.78398895263672,41.354820251464844,22.6470890045166,32.3497200012207,11.084259986877441,26.77945327758789,-19.928884506225586,25.70808982849121,-0.4403277635574341,19.275358200073242,-20.34262466430664,22.3989200592041,-7.454286575317383,14.734804153442383,-9.143607139587402,15.266827583312988,-6.636744976043701,14.174052238464355,-2.8647239208221436,12.824832916259766,-7.159584045410156,12.570306777954102,-5.046459197998047,11.274724960327148
audio_709.wav,train,60.0106875,16000,0.06512529402971268,0.06905160844326019,0.93133544921875,0.4275053304904051,0.8160980810234542,117.21605517913326,30.449663777547823,35.66492271286252,0.13194837753198294,0.11066460617817636,1638.9624820140893,1148.1012153852196,1583.9253538918524,617.1549824941096,3149.628531449893,2204.9220552998504,-348.0923156738281,98.31836700439453,85.29351043701172,68.25077819824219,39.70561599731445,30.461044311523438,31.31946563720703,30.210739135742188,0.8914435505867004,21.623079299926758,-12.94118595123291,23.95378303527832,-8.314023971557617,17.97247314453125,-3.338674545288086,12.453160285949707,-1.1675912141799927,13.700448036193848,-8.958404541015625,12.765746116638184,-5.1729416847229,12.007533073425293,-0.48645561933517456,10.897934913635254,-6.564772605895996,11.3821439743042
audio_291.wav,train,56.4693125,16000,0.037356533110141754,0.0363987497985363,0.77398681640625,0.41076487252124644,0.6,186.06888929891866,329.07654833966086,90.38428782168712,0.1806748517174221,0.14231810259238026,2289.817930299599,1181.442423500466,1846.5088469870773,398.33897003235455,4294.112960339943,1563.3741290530006,-354.6512145996094,143.0010223388672,55.964115142822266,55.511016845703125,12.99855899810791,40.28403091430664,33.466495513916016,31.502994537353516,-1.7210999727249146,26.736106872558594,-15.778547286987305,21.849870681762695,-23.06753921508789,28.067949295043945,-3.6098921298980713,18.10364532470703,4.157474517822266,18.900362014770508,-14.823451042175293,12.695758819580078,0.23863612115383148,11.341497421264648,-5.879680633544922,12.895551681518555,-7.343365669250488,11.098657608032227
audio_523.wav,train,60.0746875,16000,0.047799110412597656,0.04775017499923706,0.9290771484375,0.42119275825346114,0.7710330138445154,298.79793764201077,117.46665460828986,41.21660126001103,0.16993253502728967,0.1401213090606555,2022.0158915937072,1127.1747609965378,1591.570415146519,442.4092019264246,3678.6308572949947,1713.6809042137309,-348.3156433105469,130.69171142578125,52.983768463134766,49.587120056152344,-8.608322143554688,36.62140655517578,13.770785331726074,29.509647369384766,-22.509876251220703,29.49199676513672,2.3105106353759766,17.347402572631836,-15.746747970581055,18.695056915283203,-11.224326133728027,15.713507652282715,-11.592525482177734,14.999019622802734,-6.7500996589660645,11.599099159240723,-10.277532577514648,12.171886444091797,-9.49590015411377,11.002462387084961,-3.837496042251587,9.2449951171875
audio_632.wav,train,60.0746875,16000,0.06044647470116615,0.0474574901163578,0.927215576171875,0.24920127795527156,0.740681576144835,94.6606580968763,225.19140143422925,15.343461184769708,0.1218404719116081,0.0911741605696713,1624.064803373569,870.8420925099533,1587.3858601143504,418.9582518553402,3078.5534810969116,1667.2514942284308,-290.158935546875,119.5919189453125,108.01399230957031,55.893218994140625,6.082858085632324,36.81156539916992,20.406030654907227,31.95201873779297,-1.8003506660461426,31.428316116333008,-0.6372601985931396,21.564022064208984,-16.396883010864258,20.849058151245117,-13.274128913879395,16.742359161376953,18.87447738647461,17.696086883544922,-21.861005783081055,23.40019989013672,-2.120957374572754,14.49068546295166,-0.8997847437858582,11.462553977966309,-2.220770835876465,11.754474639892578
audio_684.wav,train,57.792,16000,0.061321813613176346,0.06102016940712929,0.991973876953125,0.36358605423353624,0.7974543442169342,128.565497341737,62.2150073287526,18.52813251549803,0.1412235295897897,0.14037397931912812,1619.4165458105688,1252.2736929042117,1420.2244312749633,597.2657327125826,3053.1483467072494,2038.5109506687945,-333.2071228027344,114.8755874633789,94.43964385986328,65.8827133178711,6.462169647216797,38.53605270385742,29.033475875854492,39.504966735839844,2.5081615447998047,20.21639633178711,-17.216873168945312,24.654813766479492,-7.1363654136657715,15.938182830810547,-2.8740639686584473,13.31706714630127,-3.972141981124878,12.167362213134766,-8.433883666992188,11.6107816696167,-6.773388385772705,10.450448036193848,-5.432016849517822,10.09506893157959,-3.822506904602051,10.099356651306152
audio_512.wav,train,60.0746875,16000,0.04633545130491257,0.06288918107748032,0.9554443359375,0.6325878594249201,0.6517571884984026,218.73289323986043,274.12225832489474,44.11516803238274,0.12841198873469117,0.095060419941393,1671.2744365779508,859.3964391250131,1681.3660057687932,581.0909928868256,3335.1387779552715,1929.1118705286658,-370.3286437988281,70.1585464477539,85.44900512695312,47.30817413330078,22.685226440429688,21.865901947021484,19.50618553161621,23.988834381103516,-6.492841720581055,20.471906661987305,-0.9459589719772339,16.282209396362305,5.815687656402588,13.606588363647461,-8.0232515335083,14.739407539367676,-2.53092360496521,12.931427955627441,-1.5180773735046387,11.654210090637207,-7.095737457275391,11.599782943725586,-2.0676193237304688,10.608885765075684,-3.946446657180786,8.562092781066895
audio_764.wav,train,60.0106875,16000,0.03671944513916969,0.03308424726128578,0.95135498046875,0.32196162046908317,0.291044776119403,111.27813843321147,439.704417850674,24.554202252657078,0.18198419176439232,0.09343019746672822,1782.6469362591206,859.7973431004857,1260.5316426329803,399.0311492132125,2907.0162579957355,1386.6287593116829,-297.44720458984375,117.95280456542969,98.09423065185547,79.53826904296875,-47.72746658325195,38.25531768798828,12.294028282165527,39.817264556884766,3.513326644897461,23.813024520874023,-8.730992317199707,23.84545135498047,-10.205167770385742,19.861215591430664,-3.1795854568481445,15.72143840789795,-3.110658645629883,16.041860580444336,3.8073394298553467,16.186199188232422,-15.395676612854004,12.569698333740234,-0.04408425837755203,11.913253784179688,-0.18434153497219086,11.463974952697754
audio_585.wav,train,60.0746875,16000,0.051764678210020065,0.0419037789106369,0.79949951171875,0.29233226837060705,0.7380191693290735,242.6993408760242,44.40810513239362,49.29177952702415,0.15601209939097443,0.13514952930098897,2015.4794939947112,1144.1087420968763,1612.4438381384516,373.2150232548566,3558.7227103301384,1597.0379007638549,-298.955810546875,108.7634048461914,65.76984405517578,53.82545852661133,3.6288061141967773,40.97795104980469,24.866352081298828,33.80360412597656,-9.87829303741455,24.325939178466797,-4.095071315765381,19.24797821044922,-6.6438069343566895,17.989185333251953,-8.953200340270996,20.334165573120117,-3.9333317279815674,16.076004028320312,-14.097622871398926,12.950827598571777,-1.253240942955017,12.550936698913574,-9.147372245788574,13.081891059875488,-12.678492546081543,11.222310066223145
audio_562.wav,train,61.0346875,16000,0.05173714831471443,0.05503816157579422,0.931915283203125,0.4418238993710692,0.7819706498951782,155.56349186104043,67.88825449236093,34.19796157108891,0.13666884704205975,0.10506168843544632,1748.1361651951195,879.1610205412481,1527.3477110204947,401.02624602894383,3336.490271226415,1350.5816342901726,-316.61895751953125,123.16567993164062,65.66384887695312,53.35455322265625,3.2395918369293213,38.50039291381836,33.875946044921875,41.26237487792969,-13.334554672241211,25.49616050720215,-3.8209097385406494,18.731847763061523,4.395791530609131,17.662370681762695,-16.391735076904297,18.594526290893555,-4.98511266708374,12.90977668762207,-8.285057067871094,15.522622108459473,-9.492433547973633,11.439360618591309,3.293252468109131,9.425317764282227,-7.7280683517456055,11.94636344909668
audio_465.wav,train,60.0746875,16000,0.08065850287675858,0.06881148368120193,0.944976806640625,0.3141640042598509,0.8120340788072418,244.1052838549259,107.42860769436103,25.538658623348994,0.07520831253328009,0.04200803044661937,863.0903128057089,439.79177983796137,886.6011262931792,433.9665646506649,1415.8013844515442,933.7931561812449,-348.824951171875,76.61308288574219,117.4271469116211,50.43418502807617,7.293025016784668,36.0660400390625,3.342179536819458,30.91346549987793,4.860257625579834,15.778772354125977,-13.85254192352295,19.390853881835938,-13.40528678894043,14.973791122436523,-9.854567527770996,13.228192329406738,-10.522408485412598,15.569250106811523,-7.126864910125732,10.985918998718262,-7.653507709503174,10.055150032043457,-6.8384504318237305,10.576866149902344,-3.1288278102874756,9.385165214538574
audio_37.wav,train,45.06,16000,0.019411232322454453,0.012485126033425331,0.2037353515625,0.17246273953158267,0.7892122072391767,121.34967043801211,15.706110921150119,14.10791618092803,0.0977082316802697,0.11386445751605762,1454.7303617364464,1032.7116985638515,1455.454829348958,497.43905564293226,2775.4280518097944,1706.7925604643342,-386.6221618652344,90.92840576171875,109.9851303100586,62.86865997314453,5.699067115783691,34.70603942871094,28.64405632019043,32.21010971069336,-1.7514129877090454,18.667160034179688,-6.145998001098633,19.082143783569336,-4.554295063018799,12.598745346069336,-1.2987488508224487,12.732182502746582,-6.012911319732666,11.874296188354492,0.7777048349380493,12.360980033874512,-3.642495632171631,8.776236534118652,-3.1610779762268066,9.661848068237305,-0.8777040839195251,10.287500381469727
audio_47.wav,train,45.12,16000,0.034129004925489426,0.026391731575131416,0.467803955078125,0.2565556343019135,0.5910701630049611,180.77186920887385,46.35378206976535,27.33160007721858,0.12367184731573352,0.10790534695857563,1493.6325837732395,898.7469016926245,1352.2746434680928,478.44928414217827,2764.3570605953223,1549.5475763250474,-358.89544677734375,121.65528869628906,110.73880767822266,57.81474685668945,-19.092632293701172,41.61995315551758,37.020118713378906,34.78303527832031,4.082261562347412,24.539236068725586,-32.299583435058594,25.319034576416016,-3.948127269744873,14.983576774597168,-10.072444915771484,14.801196098327637,-9.657966613769531,14.307185173034668,-4.907682418823242,12.145973205566406,-22.546287536621094,13.343159675598145,2.2890079021453857,12.138016700744629,-10.893747329711914,10.531783103942871
audio_233.wav,train,60.08,16000,0.03414943069219589,0.03508409485220909,0.51385498046875,0.41533546325878595,0.7763578274760383,180.77186920887385,37.81396459904173,70.87037615873845,0.21182774227902024,0.17533458249650447,2242.7924568288245,1413.3636101808634,1834.799594661909,576.269656541314,4122.520633652822,2380.940270162667,-374.58941650390625,102.83789825439453,73.52943420410156,61.603614807128906,21.29155731201172,28.119108200073242,1.3354883193969727,27.562095642089844,-9.965801239013672,23.92435073852539,-10.138961791992188,17.192718505859375,-10.53625774383545,14.568648338317871,-4.541049003601074,11.783466339111328,-7.64046573638916,11.99579906463623,0.5075598359107971,8.75682544708252,-4.730355262756348,9.305768013000488,-2.3214519023895264,9.133025169372559,-0.43556955456733704,7.815925598144531
audio_621.wav,train,60.0746875,16000,0.05099159851670265,0.06479508429765701,1.0,0.4776357827476038,0.768370607028754,136.21039964151845,134.0797807517867,24.271490056054148,0.16908805286541534,0.15150948796393732,1908.2997416735936,1244.8442846360397,1407.4745839099594,521.5442817806749,3386.348509052183,1874.3307366225977,-319.60125732421875,117.36177062988281,63.311702728271484,66.3717041015625,-6.104581832885742,38.5605583190918,26.946819305419922,35.750244140625,-3.0160927772521973,22.109294891357422,-6.5538225173950195,19.270458221435547,-11.5945463180542,19.731901168823242,-21.93456268310547,20.5169734954834,-8.940629959106445,13.447014808654785,-5.814897537231445,12.954839706420898,-12.292613983154297,11.288285255432129,4.107627868652344,10.299558639526367,-9.601826667785645,10.245296478271484
audio_590.wav,train,60.0746875,16000,0.07742290943861008,0.07892739772796631,0.981170654296875,0.36741214057507987,0.3610223642172524,114.87059514454882,119.3959419624582,116.0730262005452,0.08788828499400958,0.09333647298375547,1189.1127167859693,945.206673877747,1388.445952253118,594.7584651270494,2348.816892971246,1849.8229919602582,-297.4967346191406,74.12459564208984,127.9844970703125,60.29053497314453,31.972328186035156,36.20611572265625,33.33112716674805,28.99532699584961,9.835015296936035,21.956878662109375,11.54494857788086,16.131181716918945,3.8827555179595947,14.309678077697754,-0.8915567398071289,13.70552921295166,4.267788887023926,12.256019592285156,2.8401057720184326,10.824460983276367,-7.461013317108154,10.407822608947754,0.8642930388450623,9.827018737792969,-0.07845611125230789,9.466865539550781
audio_349.wav,train,60.0746875,16000,0.03757145255804062,0.04867710918188095,0.95611572265625,0.6554845580404686,0.5351437699680511,91.96585291173604,28.264621725397415,42.23497241231516,0.06989415892904687,0.08813900401585054,1001.65409243922,841.9571879805058,1204.8525495702258,466.70502181545726,1830.533646166134,1576.9976101622483,-351.05322265625,80.58937072753906,96.24560546875,52.2121467590332,36.9179573059082,28.122900009155273,25.975587844848633,23.830034255981445,17.4953556060791,14.529471397399902,19.427949905395508,16.674829483032227,4.11568021774292,14.336498260498047,-1.2701672315597534,17.807493209838867,-5.678079605102539,16.36186981201172,3.041076183319092,12.697027206420898,4.543263912200928,9.9169340133667,1.0187854766845703,9.690869331359863,0.34767600893974304,8.745739936828613
audio_387.wav,train,60.0106875,16000,0.04865394905209541,0.04435492679476738,0.9324951171875,0.35501066098081024,0.5959488272921108,173.60841241450115,26.85868296308895,24.507537737317648,0.1426957705890192,0.13474851493398446,1724.0836159635926,1139.5330890643484,1502.4691213253777,571.5081410734892,3238.618570095949,1896.768756173607,-351.9627380371094,144.96653747558594,79.72894287109375,76.94657897949219,8.014395713806152,40.88215255737305,13.627802848815918,34.809059143066406,-25.71786880493164,26.808578491210938,0.3076465427875519,18.000978469848633,-7.016226768493652,17.66455841064453,-11.76047134399414,15.76913070678711,-18.24586296081543,15.919017791748047,-7.356332778930664,11.238221168518066,-13.765048027038574,11.694929122924805,-7.588002681732178,10.268178939819336,-8.234102249145508,9.448004722595215
audio_630.wav,train,60.0746875,16000,0.04470548778772354,0.05467165634036064,0.945220947265625,0.48083067092651754,0.6001064962726305,124.90548719779652,12.108225927368942,14.437673090040605,0.23144843250798722,0.18705856999870488,2407.343233544662,1612.3902313383219,1816.8766978214703,503.2264741245932,3994.0470247603835,2528.7514547324245,-366.2362365722656,116.79438781738281,52.78617858886719,68.59082794189453,38.53251647949219,40.4110221862793,7.7353105545043945,28.87488555908203,6.148414134979248,23.765024185180664,3.744973659515381,14.698573112487793,-7.823104381561279,16.682876586914062,-8.679309844970703,13.426465034484863,-15.304414749145508,16.355255126953125,-2.9378464221954346,13.117871284484863,-1.9555332660675049,11.83434009552002,-4.470096588134766,9.185614585876465,-4.473510265350342,9.250226020812988
audio_5046.wav,train,60.0746875,16000,0.14153830707073212,0.021950488910079002,0.95001220703125,0.0,0.12566560170394037,77.33375603922921,89.28782761159776,20.968805803933463,0.4468075038272098,0.06048245159772227,3879.1119410729534,149.95451286498258,2345.679933990764,43.3064409212025,6747.0547124600635,94.43478243428318,20.598255157470703,6.375588417053223,1.7731256484985352,5.538826942443848,1.9661604166030884,4.147290229797363,0.5152419805526733,3.9818646907806396,-0.9652588963508606,3.9096298217773438,-2.1094987392425537,4.285564422607422,-2.3980870246887207,3.867558717727661,-1.9716287851333618,3.531224489212036,-1.5876729488372803,3.2396538257598877,-1.4008570909500122,3.300992965698242,-0.44425168633461,3.3402726650238037,0.029477665200829506,3.537801504135132,-0.4122817814350128,3.3750171661376953
audio_183.wav,train,60.07475,16000,0.038599394261837006,0.05115778371691704,0.914459228515625,0.5761448349307774,0.7257720979765708,80.9911881955289,57.592612969590775,108.06444080944085,0.09217127595846646,0.05762409896811022,1068.9720370648624,437.65464187295373,1024.1627049615877,242.30940623624053,2145.7667731629394,924.1514262389145,-379.8335876464844,94.8058853149414,113.4864730834961,45.2004280090332,-6.5492262840271,32.69194030761719,31.106412887573242,24.879179000854492,-1.4581773281097412,18.342987060546875,4.042616367340088,11.003299713134766,17.385482788085938,8.698424339294434,-6.03029727935791,14.595160484313965,2.56034779548645,10.122331619262695,-8.563979148864746,11.55024528503418,-9.300148010253906,11.348389625549316,1.517185091972351,7.514133930206299,-5.685691833496094,10.860240936279297
audio_607.wav,train,60.0746875,16000,0.04958868771791458,0.0425662063062191,0.8668212890625,0.38072417465388714,0.7380191693290735,115.86971395503193,10.255182470674141,9.954132923804735,0.1813026241347178,0.16840832197839226,2122.134314832958,1413.4582528942708,1633.0014219021075,401.7780169181126,3664.3578607561235,1851.9804401318652,-303.0246276855469,81.14295959472656,75.20277404785156,67.62468719482422,4.876161575317383,39.8428840637207,17.681249618530273,27.121116638183594,7.879953384399414,19.00653839111328,4.075767993927002,19.536296844482422,3.4161484241485596,19.87539291381836,7.34552526473999,13.887411117553711,-11.66401195526123,12.771185874938965,-3.2981889247894287,11.77145767211914,-2.3867578506469727,11.102180480957031,2.1352386474609375,10.649609565734863,-5.691654205322266,10.034526824951172
audio_133.wav,train,45.0,16000,0.04397575557231903,0.02733738161623478,0.58709716796875,0.13290689410092396,0.7796730632551528,128.565497341737,54.42858025329526,14.405230959761596,0.05804057280561478,0.034858047173556575,1102.4617651121337,442.57110085887723,1435.2695467935994,314.25278290128267,2201.275986140725,1008.5290719809549,-259.9305114746094,36.12928009033203,128.42654418945312,24.52479362487793,-5.438931941986084,14.446917533874512,22.785245895385742,12.201777458190918,15.274638175964355,8.248154640197754,6.507350444793701,6.830325603485107,-2.273367166519165,9.884709358215332,0.32852813601493835,8.004491806030273,-6.913919448852539,7.569145679473877,4.540768623352051,6.446524620056152,-1.918259859085083,5.927617073059082,-1.2806978225708008,5.4228081703186035,-5.345125198364258,5.0264201164245605
audio_443.wav,train,60.0746875,16000,0.05598340183496475,0.057288430631160736,0.94586181640625,0.3913738019169329,0.8040468583599574,234.43211035826653,130.25219523833783,27.2546975291701,0.12149597102968583,0.0730757423879479,1716.444912341142,711.1750465912468,1619.8104144080971,471.22689715847264,3432.782547923323,1533.884578081329,-323.1990966796875,121.37799835205078,71.1447982788086,44.535648345947266,-2.983262300491333,33.88369369506836,11.464637756347656,25.9329891204834,-21.259218215942383,29.07202911376953,-15.672798156738281,21.198379516601562,-14.41032600402832,17.553924560546875,6.536442279815674,15.47964096069336,-11.075114250183105,14.462934494018555,-7.325063705444336,11.07286262512207,-12.33986759185791,11.373811721801758,-4.32577657699585,11.806049346923828,-6.444800853729248,9.687857627868652
audio_55.wav,train,45.06,16000,0.00925364438444376,0.00886326003819704,0.195465087890625,0.38679914833215046,0.6231369765791341,124.90548719779652,23.284668515839257,22.59073473838511,0.12438280418293116,0.12514184154916982,1956.0245460319013,1336.1113003144,1573.430839348973,612.3606527145066,3553.306866572037,2185.330139168066,-523.8172607421875,141.77749633789062,75.89363098144531,73.78494262695312,6.93668270111084,40.00659942626953,23.047422409057617,33.89793014526367,-6.765050888061523,25.30654525756836,3.220710039138794,20.030569076538086,-12.03891372680664,18.11383819580078,-14.735172271728516,18.760652542114258,-16.888233184814453,17.53955078125,-3.9922828674316406,11.907524108886719,1.8115688562393188,12.572765350341797,-6.999140739440918,9.935585975646973,-0.7016017436981201,9.130964279174805
audio_686.wav,train,53.888,16000,0.04408806934952736,0.058468740433454514,0.991790771484375,0.5270029673590505,0.657566765578635,127.08879665595002,54.17221850227914,20.129211078420795,0.15496655925445105,0.13000661175790704,1865.6384669481363,1153.7039936539413,1643.159947292034,602.6680188371695,3666.92321958457,1996.9132513977004,-389.2049560546875,132.41989135742188,81.62860107421875,67.28718566894531,5.238988399505615,34.847320556640625,19.754894256591797,35.72309494018555,1.4377580881118774,19.360687255859375,-13.387260437011719,23.427005767822266,-4.864752769470215,16.99884796142578,-0.031790949404239655,13.355504989624023,-2.2901628017425537,11.989598274230957,-5.404455184936523,11.797320365905762,-5.2808837890625,9.809582710266113,-6.262622833251953,10.043635368347168,-2.856083869934082,9.531981468200684
audio_740.wav,train,60.0746875,16000,0.030986521393060684,0.034333236515522,0.4871826171875,0.4536741214057508,0.7454739084132055,97.99885899543732,29.289001842319106,19.674774028535566,0.12561464157348243,0.11375630516797411,1519.3097319706094,1080.172077755808,1503.3334175149753,530.4851372395194,2824.2021099574017,1915.0189572834477,-393.69781494140625,87.8193130493164,98.82496643066406,59.160404205322266,21.766212463378906,30.72990608215332,31.033164978027344,28.888578414916992,12.437339782714844,17.55820083618164,-0.7975069284439087,15.95798397064209,-3.6341779232025146,15.231472969055176,-2.509047269821167,15.121118545532227,-2.152010440826416,13.468052864074707,4.925124168395996,11.742695808410645,-5.291304588317871,11.496709823608398,0.04924337938427925,9.69933032989502,0.6580386757850647,9.357585906982422
audio_699.wav,train,60.0746875,16000,0.04079592600464821,0.041217152029275894,0.93994140625,0.4206602768903088,0.6059637912673056,108.1102658399776,74.77176928492305,79.3103477438156,0.12164625141440362,0.07816429938370442,1417.897842813819,644.274531080015,1239.7000849696121,376.2520482977172,2661.986654685836,1194.300269966179,-331.0001220703125,132.74014282226562,94.85944366455078,54.261329650878906,-27.91971778869629,39.03166198730469,24.776655197143555,33.81324005126953,-12.108019828796387,29.070743560791016,-3.936274290084839,16.838998794555664,-3.364105224609375,18.29506492614746,-11.737401008605957,15.958050727844238,-13.278525352478027,14.462920188903809,-15.071573257446289,14.097800254821777,-7.017393112182617,11.82570743560791,-4.046995162963867,10.931485176086426,-10.935501098632812,11.231382369995117
audio_44.wav,train,45.06,16000,0.046480122953653336,0.04681503400206566,0.711883544921875,0.39389638041163944,0.559971611071682,189.3213161937526,32.706693950504445,35.86295835352317,0.15321669568399574,0.0961846761461072,1740.326961701369,808.9246817339372,1438.226070333839,427.2355650360659,3165.060548261178,1432.5498573741263,-314.3138427734375,128.4473419189453,82.94467163085938,50.64261245727539,-28.394411087036133,33.52295684814453,9.039178848266602,26.158512115478516,-15.076794624328613,20.570274353027344,-9.291752815246582,18.403318405151367,-14.442716598510742,17.041893005371094,-4.672643661499023,13.574726104736328,-4.562655448913574,13.03995418548584,-3.891113519668579,12.894001960754395,-4.635396480560303,9.942480087280273,1.761788010597229,9.73986530303955,0.23494035005569458,7.783444404602051
audio_500.wav,train,60.0746875,16000,0.0453612357378006,0.05502397567033768,0.965118408203125,0.5053248136315229,0.7108626198083067,251.2581146483697,172.2949376212633,36.63063752505235,0.11286888894435569,0.06890658166523068,1264.8360796938084,676.0676671457325,1178.7971941748074,643.3334715059829,2370.8857494675185,1655.060439350188,-380.81549072265625,101.57836151123047,103.21226501464844,65.02237701416016,-12.197550773620605,37.77321243286133,-19.36345863342285,31.276439666748047,-0.2831316888332367,16.858396530151367,-9.508980751037598,18.56022834777832,-11.753731727600098,15.395743370056152,-8.093562126159668,13.870077133178711,-8.084821701049805,12.778644561767578,-3.9330976009368896,9.195514678955078,-5.5803985595703125,8.096725463867188,-4.41719388961792,8.463793754577637,-5.338662147521973,7.76801872253418
audio_265.wav,train,60.08,16000,0.027303477749228477,0.032140906900167465,0.700439453125,0.5244941427050053,0.6970181043663471,118.57804013471404,17.429428827184147,16.168944958977946,0.12311395517172524,0.09845335597523014,1521.0130224042891,832.3236094329645,1459.1052909726025,432.9088027364723,2872.7868743343984,1482.1899257915586,-379.21282958984375,124.30901336669922,99.21698760986328,54.55437469482422,-4.232399940490723,28.942840576171875,12.56921672821045,27.36812973022461,2.331801414489746,19.815357208251953,1.7007148265838623,12.257818222045898,-11.639073371887207,16.880353927612305,-2.9811861515045166,11.338103294372559,-5.790029048919678,11.484148979187012,-6.877027988433838,10.66476821899414,-7.7393670082092285,10.602965354919434,-3.3770833015441895,10.007702827453613,-8.253620147705078,9.630107879638672
audio_125.wav,train,45.06,16000,0.003896860871464014,0.0026770022232085466,0.038299560546875,0.15826827537260468,0.6664300922640171,153.77669275969214,26.478055272283356,19.554629455377892,0.09114121273953159,0.07372436200301144,1581.1918332890837,741.2499262758784,1678.0178600919246,349.60746642981303,3129.2084368346345,1339.291005830534,-499.44854736328125,77.46180725097656,93.88899230957031,37.25270462036133,3.7174267768859863,24.361183166503906,37.65485763549805,19.656314849853516,11.130091667175293,14.381430625915527,-10.166671752929688,17.6959228515625,-18.1135311126709,17.968164443969727,6.9837422370910645,10.073760032653809,5.867685794830322,11.272124290466309,-3.5449507236480713,10.194733619689941,6.880199432373047,8.507394790649414,3.2182912826538086,8.000330924987793,-4.958637714385986,8.464040756225586
audio_413.wav,train,45.9093125,16000,0.07123519480228424,0.0651216059923172,0.940673828125,0.3616724738675958,0.659233449477352,233.08188075904494,161.85198827885364,46.92061510227359,0.17845131478658535,0.12224730561178815,1970.8936729951233,1122.6776388170977,1579.782379239207,468.25435111040673,3502.9398954703834,1741.2132901298994,-275.4990234375,101.12676239013672,66.54663848876953,54.25675582885742,4.839344024658203,42.11957550048828,23.100976943969727,32.70450973510742,-8.986571311950684,27.581560134887695,-9.618602752685547,19.489009857177734,-17.211660385131836,22.715776443481445,-13.636988639831543,19.717960357666016,-8.063899040222168,15.03800106048584,-2.850147008895874,12.963897705078125,-7.153002738952637,11.695830345153809,1.2876676321029663,12.241527557373047,2.5948829650878906,11.544370651245117
audio_256.wav,train,60.08,16000,0.024803632870316505,0.022791629657149315,0.329254150390625,0.365814696485623,0.5676251331203408,169.64319079487348,29.065547424730116,16.551175940461633,0.25907064322084666,0.19920199787925333,2327.5387155079807,1446.879528968897,1759.8800160895232,421.4878662906668,4058.5438298722047,2090.6753528039617,-389.8569030761719,114.7933578491211,55.162166595458984,69.50306701660156,22.071983337402344,35.65360641479492,11.01872444152832,25.841609954833984,-21.18950080871582,23.23701286315918,-7.613675594329834,16.76474380493164,-12.338343620300293,14.102333068847656,-2.4643752574920654,14.34692668914795,-13.725244522094727,12.500054359436035,-10.892651557922363,10.86588191986084,-12.26103687286377,10.074226379394531,-4.530094623565674,8.81750774383545,-7.705612659454346,9.094062805175781
audio_350.wav,train,60.0746875,16000,0.037569813430309296,0.037884458899497986,0.840576171875,0.402555910543131,0.43450479233226835,86.80420620725057,10.154011096857968,13.12426462955733,0.1867218180078541,0.14962762999164053,2164.8937121378335,1250.126434090154,1828.5769446878487,492.59472982196706,4057.0711861022364,1969.7897790218256,-339.8365173339844,142.3142852783203,61.190391540527344,64.82169342041016,18.553977966308594,35.87361145019531,32.807708740234375,36.52998352050781,8.023932456970215,23.790834426879883,-20.400903701782227,24.325685501098633,-15.200973510742188,20.267107009887695,-9.536260604858398,15.175561904907227,-3.731163501739502,15.493419647216797,-6.1632232666015625,12.582816123962402,-7.814294338226318,12.508647918701172,-3.789670467376709,11.411850929260254,-1.6185139417648315,10.77553653717041
audio_364.wav,train,60.0746875,16000,0.029754769057035446,0.02915237843990326,0.74755859375,0.3812566560170394,0.11075612353567625,107.48759652776705,51.83595221592966,103.40104460867651,0.22965234791001066,0.16623000928271392,2207.0358886468857,1550.9435974834487,1463.3304974067044,710.2642286206014,3685.578075079872,2414.758456600488,-425.0018005371094,145.44595336914062,86.578857421875,93.79129028320312,-1.9937443733215332,46.819984436035156,-8.95847225189209,39.01539611816406,-5.98262882232666,24.993499755859375,-17.21817398071289,27.250511169433594,-21.859302520751953,23.784605026245117,-18.563892364501953,19.058412551879883,-15.852333068847656,19.33135414123535,-15.866349220275879,14.8160982131958,-14.58263874053955,14.154606819152832,-3.5168330669403076,10.39980697631836,-6.968667030334473,9.497017860412598
audio_131.wav,train,44.88,16000,0.08188279718160629,0.05650128796696663,0.50177001953125,0.18602993585174626,0.782608695652174,221.27444703492776,32.59236984023655,28.300813660313878,0.09718850231646471,0.059613643902060684,1369.002041808889,547.560456744719,1470.1319671791168,371.02559464453816,2497.0598717034927,1242.2542544155287,-208.24305725097656,45.639434814453125,115.68856811523438,26.261503219604492,-20.019977569580078,20.05072021484375,-4.767136096954346,17.792343139648438,3.762651205062866,12.815192222595215,-4.654737949371338,12.960144996643066,-25.26430892944336,14.792183876037598,6.073670387268066,10.140161514282227,-10.31542682647705,9.669636726379395,4.103758811950684,8.552539825439453,0.015083079226315022,7.3116631507873535,-6.76423978805542,8.045707702636719,7.920006275177002,7.988856792449951
audio_168.wav,train,60.0746875,16000,0.03743172064423561,0.048623356968164444,0.9898681640625,0.5926517571884984,0.5623003194888179,208.25380769954342,152.5235968095369,55.65757431489871,0.1279166874667199,0.07984883179042646,1538.1545192321234,763.9648356734149,1395.5737879836086,510.04150535377715,2920.4065162406814,1583.7766611593822,-371.4710388183594,110.75680541992188,64.84313201904297,57.59626388549805,-1.5709812641143799,31.986106872558594,-4.042417049407959,26.891929626464844,-27.813045501708984,29.591228485107422,-10.93717098236084,16.962350845336914,-10.266568183898926,14.878732681274414,-6.582398414611816,12.48670768737793,-8.061840057373047,12.197578430175781,-6.085522651672363,9.872716903686523,-6.394923210144043,9.910489082336426,-7.048807621002197,10.256549835205078,-1.948915958404541,9.180132865905762
audio_557.wav,train,44.0533125,16000,0.053599756211042404,0.04789165034890175,0.63604736328125,0.35294117647058826,0.7349310094408134,122.75968568932456,18.97851344553888,12.769329311674497,0.08782927957062454,0.08113633553960353,1275.132436905197,901.7665234899454,1305.8774252385595,519.5084036017886,2379.01688453159,1621.3059373672788,-347.87884521484375,110.75527954101562,112.83550262451172,59.12340545654297,12.374845504760742,38.608882904052734,20.984272003173828,31.97942352294922,-3.2756147384643555,18.9300479888916,-0.7591514587402344,19.747089385986328,-1.6107722520828247,15.491480827331543,-4.68154239654541,15.138362884521484,2.356576442718506,14.297138214111328,-1.4725691080093384,13.410261154174805,-2.207404851913452,11.636329650878906,-1.9597641229629517,10.236703872680664,-8.905139923095703,10.269094467163086
audio_670.wav,train,60.0746875,16000,0.0597546361386776,0.05902993306517601,0.926025390625,0.3876464323748669,0.7880724174653887,119.95585059317834,20.031792147030817,20.015148190283412,0.1226191739050852,0.09743995908417338,1544.261488622514,912.426948238662,1626.0623067618549,444.0888240620901,2958.582933972311,1757.1253299084678,-294.9305725097656,68.43555450439453,103.18971252441406,42.199554443359375,5.991115093231201,24.81045913696289,20.044536590576172,22.507688522338867,15.66222095489502,16.350555419921875,8.892557144165039,12.3620023727417,-7.15043306350708,16.55474853515625,-1.8329980373382568,11.758745193481445,-12.450655937194824,12.607279777526855,-7.292481899261475,12.586348533630371,-7.330913066864014,9.705223083496094,-5.542304515838623,9.10176944732666,-7.820073127746582,8.188715934753418
audio_342.wav,train,60.0746875,16000,0.03346823900938034,0.03588258475065231,0.9525146484375,0.44675186368477104,0.369542066027689,93.57338770459413,525.8163871365218,15.594474956552503,0.20491900459265175,0.13937964019386792,2139.37516061646,1084.084771420073,1704.8561209704892,349.3325655395001,3822.1054645899894,1558.093494493791,-355.0587158203125,169.5362548828125,55.95023727416992,68.2083511352539,-1.6823413372039795,28.319517135620117,13.925930976867676,25.19563865661621,5.497322082519531,17.734466552734375,-5.431260585784912,19.665668487548828,-13.153244018554688,18.796239852905273,-8.382142066955566,16.623477935791016,0.8886922597885132,17.333253860473633,-9.76502799987793,15.214570045471191,-24.64126968383789,17.40538787841797,3.9199016094207764,14.199590682983398,-10.616559028625488,14.680720329284668
audio_2.wav,train,45.0,16000,0.10317619889974594,0.056694403290748596,0.696685791015625,0.022743425728500355,0.7029140014214641,143.47872767421205,41.11564360735452,86.76757859591255,0.08143122279228855,0.089844521690771,1463.3384534936579,827.1114293627015,1831.8609721468783,350.77939835839095,3109.474946695096,1439.8145306412548,-172.2335662841797,48.74323654174805,98.74585723876953,28.884052276611328,17.91875648498535,18.97785758972168,27.117645263671875,14.911420822143555,19.805593490600586,14.284164428710938,2.895193338394165,16.188339233398438,6.576914310455322,11.653387069702148,-1.1089305877685547,12.184258460998535,6.7783050537109375,9.437670707702637,-1.3452404737472534,10.575726509094238,3.6072275638580322,8.3314790725708,5.586636543273926,8.249483108520508,0.18606847524642944,7.72719144821167
audio_5048.wav,train,60.0746875,16000,0.13350136578083038,0.020866554230451584,0.949981689453125,0.0,0.3248136315228967,85.80717486147108,41.423381261532946,20.461509556950148,0.45121295510516507,0.059375984645076534,3864.0526754700727,189.2862784035277,2359.7832791649303,66.45718542039839,6746.809271831736,100.49153015105747,15.74363899230957,7.620172500610352,3.8108980655670166,8.954315185546875,4.889747142791748,6.02751350402832,2.866697072982788,4.3403143882751465,1.1128416061401367,3.413917064666748,-0.8629266619682312,3.9522905349731445,-2.5801665782928467,4.8031110763549805,-2.744442939758301,4.9934892654418945,-2.334721803665161,4.61346435546875,-2.156309127807617,4.204444408416748,-1.9250741004943848,3.744354248046875,-1.3826903104782104,3.443922281265259,-1.1265324354171753,3.4728384017944336
audio_741.wav,train,60.0746875,16000,0.026748377829790115,0.04154772311449051,0.582366943359375,0.630457933972311,0.849307774227902,81.93226047174862,33.33622897914396,45.373091224234415,0.09889281316560171,0.0947976001559548,1433.0997380528274,904.48190459445,1552.0865268086186,495.19218186980675,2797.9441227369543,1701.9067099828974,-430.13232421875,99.20197296142578,83.40746307373047,54.564998626708984,25.54458999633789,24.977649688720703,23.531322479248047,29.68670082092285,7.457310676574707,16.00214195251465,-0.3703382611274719,18.01966667175293,2.181833267211914,15.46507740020752,4.879235744476318,11.378397941589355,-2.6573660373687744,12.251510620117188,4.892458915710449,10.272322654724121,1.1496163606643677,10.269143104553223,-1.3539159297943115,10.592670440673828,-2.393453598022461,9.224688529968262
audio_294.wav,train,60.0746875,16000,0.049374181777238846,0.0515761598944664,0.8455810546875,0.4281150159744409,0.5223642172523961,187.14677540918822,39.42824239366308,17.30219079250284,0.15473575612353568,0.1380506799505439,1821.3846744373466,1084.9032119493377,1600.2440121451662,420.839765902451,3434.3425519169327,1696.9656552387144,-342.49407958984375,130.0137481689453,66.00020599365234,55.035072326660156,23.06215476989746,35.81612014770508,17.025232315063477,34.10847854614258,-29.878082275390625,27.305601119995117,-1.0683016777038574,18.38852310180664,-9.990900039672852,15.284738540649414,-8.945664405822754,14.343555450439453,-5.698190689086914,12.09892749786377,-2.2007319927215576,10.639198303222656,-4.3292951583862305,11.224173545837402,-8.004117012023926,11.817740440368652,-4.303676128387451,10.220552444458008
audio_370.wav,train,60.0746875,16000,0.04125986248254776,0.033817920833826065,0.98748779296875,0.2880724174653887,0.6815761448349308,176.64303400994282,38.94868220577662,30.825761439630583,0.13633004900492546,0.13279457542032147,1645.7687734819629,1157.321375823361,1374.5248783594539,487.5142529471299,2981.242511980831,1749.9182564655769,-335.834716796875,110.77140045166016,86.49812316894531,66.7054672241211,7.310530185699463,45.878639221191406,36.87802505493164,34.375885009765625,-14.565672874450684,27.62932586669922,-1.5051239728927612,20.261783599853516,0.8858509063720703,16.540328979492188,-7.319455623626709,18.774093627929688,0.5995741486549377,16.107736587524414,-12.197308540344238,12.708146095275879,-5.444642543792725,11.391397476196289,-8.272089004516602,11.409194946289062,-10.455148696899414,10.157456398010254
audio_417.wav,train,60.0746875,16000,0.06412498652935028,0.04900166392326355,0.83367919921875,0.26624068157614483,0.7673056443024494,206.4563592676515,32.208224457252726,31.760565254228396,0.1325847394169329,0.12057558675404395,1493.7224294843081,1084.6050518649959,1306.4063950682441,540.5344253089371,2674.029885516507,1857.9619220150632,-337.2362976074219,111.69535827636719,88.72941589355469,63.294036865234375,5.731112480163574,42.34091567993164,18.011152267456055,31.99127769470215,-20.7557430267334,24.075016021728516,-14.999966621398926,18.793495178222656,-11.351393699645996,14.855073928833008,-8.71486759185791,16.72840690612793,-13.240352630615234,13.779484748840332,-11.918726921081543,11.272927284240723,-10.814557075500488,9.966105461120605,-7.913644313812256,11.650382995605469,-7.353084087371826,9.164521217346191
audio_753.wav,train,60.0746875,16000,0.04374762997031212,0.038565199822187424,0.466796875,0.345580404685836,0.65814696485623,186.06888929891866,172.09331018611425,26.571730939725796,0.12831656849041534,0.1457357744846424,1594.0251765738155,1337.9242491522239,1425.0659472758518,601.9181629628881,2789.5284211927583,2156.9580601477314,-376.5081481933594,104.35077667236328,85.96814727783203,65.09770202636719,28.126426696777344,39.857547760009766,19.578920364379883,33.75297164916992,-6.508535385131836,25.8748836517334,-9.653098106384277,20.48890495300293,-20.39533805847168,18.907154083251953,-8.2608060836792,16.618242263793945,-7.595725059509277,14.53911304473877,3.0102834701538086,11.571138381958008,-5.046531677246094,9.66239070892334,-12.552434921264648,11.562480926513672,-7.892716407775879,10.048978805541992
audio_533.wav,train,60.0746875,16000,0.08419415354728699,0.055040162056684494,0.895782470703125,0.17358892438764642,0.8343982960596379,205.2672581380976,27.268779557040794,36.028448640216766,0.11972614649893504,0.11367572021896001,1587.7306493122885,1045.3924944815317,1499.6517860771314,490.8433806427755,2899.0240615015973,1851.6955489804704,-281.9324035644531,91.19400787353516,98.36922454833984,56.0344352722168,8.604125022888184,40.71721649169922,10.818940162658691,31.364933013916016,-9.114021301269531,19.464078903198242,-26.897680282592773,24.913890838623047,-17.327531814575195,18.14707374572754,5.311656475067139,17.880327224731445,-15.099457740783691,16.658674240112305,-7.531966686248779,14.00082015991211,-3.635512351989746,12.233423233032227,-13.425446510314941,12.57667350769043,5.337584018707275,13.598870277404785
audio_239.wav,train,60.08,16000,0.0449528805911541,0.04557178542017937,0.686676025390625,0.3738019169329074,0.7545260915867945,249.81097439559304,119.71039276512596,49.710660065496285,0.21097520009651224,0.14955170845212218,2113.849405320217,1134.1471134195133,1483.0815357540237,483.16997033098977,3604.070986421725,1736.2001661251459,-323.5112609863281,117.3731689453125,51.31209182739258,54.718788146972656,-23.050168991088867,50.20354461669922,13.87869644165039,37.80574417114258,-23.256235122680664,27.669065475463867,-14.24523639678955,20.734729766845703,-20.222869873046875,18.421810150146484,-5.559609413146973,15.326286315917969,-15.65776252746582,16.568092346191406,-9.602094650268555,12.500933647155762,-6.440508842468262,12.088825225830078,-11.698683738708496,13.831907272338867,-3.7232744693756104,11.06775188446045
audio_566.wav,train,60.0746875,16000,0.05394585803151131,0.057926323264837265,0.882965087890625,0.5005324813631523,0.7028753993610224,252.71363809934766,56.77098900884326,25.28272244024805,0.13779203274760382,0.10984779585547261,1704.08245626771,939.1962372592277,1585.96460065493,433.2241601477523,3121.7385516506924,1589.44549620444,-285.5426025390625,65.24674224853516,95.87175750732422,35.68857192993164,-5.992434024810791,29.920324325561523,-4.660085678100586,22.910724639892578,-12.226704597473145,17.09716033935547,-17.98881721496582,19.897939682006836,-14.82747745513916,14.834465980529785,-7.1683783531188965,12.966482162475586,-1.9547175168991089,14.271323204040527,-1.7985857725143433,11.630021095275879,-3.524475574493408,10.503695487976074,-7.4434967041015625,11.570440292358398,-2.1888577938079834,11.048727989196777
audio_736.wav,train,60.0106875,16000,0.04634518921375275,0.051159705966711044,0.9473876953125,0.44243070362473347,0.47334754797441364,113.87914162255151,31.135225690141443,28.276023600333147,0.12683027385394458,0.09561498251231806,1618.528747851328,1149.5989103039176,1448.9436055116053,719.376767567598,3058.531283315565,2249.2233188801447,-378.1067810058594,132.64683532714844,85.77901458740234,79.56035614013672,12.491985321044922,32.169166564941406,4.331789970397949,30.8717098236084,-11.483100891113281,25.538679122924805,-4.654281139373779,17.489152908325195,-20.314208984375,22.74948501586914,-7.1753764152526855,12.281037330627441,-14.386878967285156,14.228071212768555,-13.43444538116455,13.839531898498535,-11.589523315429688,12.156603813171387,-6.450034141540527,9.037420272827148,-6.737011432647705,10.121850967407227
audio_541.wav,train,60.0746875,16000,0.04485087841749191,0.03739476948976517,0.778472900390625,0.3397231096911608,0.7454739084132055,286.9574553484241,64.25607184022043,52.810611077429314,0.15807494467185837,0.14576746614324945,2000.560195053701,1161.1575791885223,1738.5321520108216,402.02185765330194,3679.6042997870077,1726.442813540605,-331.1997375488281,98.41976165771484,66.8850326538086,39.601383209228516,15.116604804992676,34.40729522705078,6.073286533355713,34.41666793823242,-18.360027313232422,29.471757888793945,-2.7533886432647705,21.796056747436523,-8.1509428024292,16.889495849609375,-9.77596664428711,20.72298240661621,1.8619121313095093,13.492015838623047,-20.437774658203125,17.01422691345215,-1.6172720193862915,12.342632293701172,-5.364011287689209,12.514549255371094,-6.770617961883545,10.40725326538086
audio_531.wav,train,60.0746875,16000,0.039215996861457825,0.03805211931467056,0.705841064453125,0.3929712460063898,0.4712460063897764,110.63722351746388,133.5707586047989,25.171758694688847,0.12707090530151757,0.07453471354710121,1563.4721818985643,697.8832394135012,1430.7595350870151,400.088504654436,2953.595081203408,1274.8492350627555,-288.1322021484375,75.10708618164062,115.99933624267578,30.409460067749023,-26.11729621887207,26.980436325073242,18.171525955200195,28.882530212402344,-10.410505294799805,22.145896911621094,-7.767599582672119,17.27281379699707,-19.154701232910156,19.53078842163086,-9.511006355285645,13.822033882141113,-9.015083312988281,11.990062713623047,-12.394563674926758,15.102470397949219,7.2856597900390625,19.21695899963379,-2.890324354171753,12.590275764465332,-5.030872344970703,10.261175155639648
audio_280.wav,train,60.0746875,16000,0.04689473286271095,0.04943373426795006,0.84027099609375,0.4696485623003195,0.7119275825346113,168.66611791365605,331.7674689072774,94.11545282508621,0.11985484682840788,0.10660145890438112,1635.402973999025,972.2009099937152,1598.3647187627034,496.37309371867303,3222.2236088924387,1693.6113690779218,-360.12213134765625,133.67091369628906,58.62213897705078,69.4183578491211,9.048602104187012,34.239871978759766,15.726823806762695,28.094453811645508,4.573185920715332,17.094924926757812,7.0923638343811035,15.798134803771973,-12.852296829223633,19.39708137512207,-17.28592300415039,19.396312713623047,-0.6421077847480774,13.85224723815918,-4.313971996307373,11.375571250915527,-9.367159843444824,10.959753036499023,-5.535099983215332,9.993553161621094,-3.2136597633361816,9.384190559387207
audio_33.wav,train,39.36,16000,0.02228204347193241,0.019849859178066254,0.419525146484375,0.2835093419983753,0.6799350121852152,115.86971395503193,15.105254643330804,18.24655320969623,0.1677438471009342,0.13024088668170988,1906.4718355822602,1049.4235133043853,1413.022740047898,472.6305390247559,3366.457656376929,1628.220146961315,-382.1862487792969,131.48843383789062,80.89959716796875,68.61988830566406,-25.700428009033203,41.28868865966797,27.95977020263672,36.530548095703125,-18.341323852539062,26.679426193237305,-4.623064994812012,16.826351165771484,-12.429484367370605,16.621036529541016,-6.08793306350708,14.86595344543457,-10.684252738952637,12.847762107849121,-1.8212810754776,13.477801322937012,-12.518001556396484,10.930004119873047,0.2510293126106262,10.885421752929688,-13.08222770690918,11.423425674438477
audio_307.wav,train,60.1386875,16000,0.03798272833228111,0.03480888530611992,0.607635498046875,0.34361702127659577,0.648936170212766,151.57265900842256,26.808564273525317,20.268379739910984,0.17693572348736702,0.14943910994344084,2041.4399148724683,1366.6388795993394,1587.2719511000432,585.6112001989601,3586.240857712766,2114.391675996208,-366.7346496582031,136.25233459472656,62.71391677856445,85.9507064819336,2.183915376663208,47.92377853393555,-3.452604055404663,39.2032585144043,1.277698278427124,23.780078887939453,-4.382126331329346,25.715349197387695,-7.577625274658203,19.052398681640625,-12.960179328918457,16.065166473388672,-16.638452529907227,18.058107376098633,-10.924439430236816,14.239787101745605,-12.744033813476562,12.76744556427002,-10.178108215332031,11.145429611206055,-11.107280731201172,10.3652925491333
audio_617.wav,train,60.0746875,16000,0.04533630609512329,0.049337878823280334,0.939544677734375,0.5356762513312034,0.6853035143769968,216.22053167995523,46.06258856872463,43.409588078275476,0.09229009626264643,0.08374665099696339,1134.9021228753224,705.1866391253272,1261.1170384323564,471.42169068848267,2054.163338658147,1500.9709566527101,-342.7269592285156,71.54913330078125,99.56424713134766,37.6501350402832,34.74553298950195,25.241588592529297,0.8226963877677917,27.48028564453125,-17.128570556640625,19.93294906616211,-1.8508481979370117,17.2873592376709,-6.2668137550354,14.85275936126709,6.351969242095947,10.703864097595215,0.5239891409873962,10.966094017028809,-2.754099130630493,9.581780433654785,-5.419677257537842,9.161737442016602,-9.708901405334473,12.005949974060059,-4.014652252197266,9.428061485290527
audio_613.wav,train,60.0746875,16000,0.07088648527860641,0.050838157534599304,0.968963623046875,0.2273695420660277,0.6517571884984026,207.65234878997256,48.59144825139042,31.395764048137863,0.18526217427116615,0.1685753437170771,1891.707324962012,1411.6352873951419,1459.0567771379651,553.6359133964944,3280.6675985090524,2087.5678173736574,-290.2203063964844,99.62979125976562,78.73777770996094,66.51383209228516,5.03647518157959,45.58230209350586,10.436312675476074,34.34735107421875,-24.288583755493164,27.964635848999023,-23.71800994873047,24.492630004882812,-31.487529754638672,18.16040802001953,-1.7717983722686768,15.443196296691895,-8.105106353759766,14.533190727233887,-5.34583044052124,12.115238189697266,-12.462380409240723,12.864700317382812,-3.3863730430603027,13.115762710571289,3.11038875579834,10.20660400390625
audio_472.wav,train,23.8933125,16000,0.04381062835454941,0.043810587376356125,0.56060791015625,0.4404283801874163,0.5970548862115127,208.85526660911424,310.4432068890006,18.259110494972333,0.1285238610692771,0.09888591687629716,1679.9242542532545,946.3027114191246,1580.4715804383943,535.5926876096189,3273.740796519411,1706.0114958547827,-365.4659423828125,116.78178405761719,79.5344467163086,55.927711486816406,9.054160118103027,38.07328414916992,9.011621475219727,32.03965377807617,-10.429156303405762,22.19249725341797,-1.264522671699524,17.940757751464844,-10.002866744995117,16.852397918701172,-12.038155555725098,17.819185256958008,-9.374327659606934,14.874042510986328,-2.7455577850341797,11.217856407165527,-4.8805365562438965,10.3603515625,-10.464290618896484,12.912069320678711,-3.8746182918548584,10.868831634521484
audio_568.wav,train,60.0746875,16000,0.0425337590277195,0.046391453593969345,0.78704833984375,0.4861554845580405,0.7129925452609158,135.4258854679408,23.196402028873887,17.522114267506822,0.08727806343184238,0.04775255680159611,1313.1088289947654,536.7366768742162,1489.0525762387394,337.80523137764294,2557.079506123536,1119.4055648769702,-307.0137634277344,77.51663970947266,120.05895233154297,29.153715133666992,-4.342809200286865,21.44093894958496,16.560976028442383,22.432180404663086,7.980391979217529,12.0730619430542,-4.1052446365356445,15.293622016906738,-0.44161176681518555,13.123888969421387,-3.095319986343384,12.202276229858398,-2.5794732570648193,13.984760284423828,6.241824626922607,12.18612003326416,-1.5429891347885132,8.984856605529785,-5.929105758666992,9.680318832397461,-5.280039310455322,8.129684448242188
audio_521.wav,train,60.0746875,16000,0.04931135103106499,0.04620541259646416,0.84130859375,0.38072417465388714,0.6863684771033014,288.6197829762387,176.95995140028066,43.1363245286725,0.1464703349640575,0.10710096875146585,2075.802234876911,1164.8189095734506,1574.5900550824897,493.94098301214603,3740.9436568157616,1876.1606425100463,-334.9143371582031,129.71473693847656,53.409645080566406,51.05218505859375,-13.49056339263916,34.99147415161133,15.597105979919434,30.764942169189453,-22.820545196533203,29.002525329589844,0.18317624926567078,16.624343872070312,-16.19157600402832,16.961219787597656,-12.087478637695312,14.91129207611084,-9.551456451416016,14.647366523742676,-6.5796027183532715,10.451628684997559,-6.828271865844727,9.883923530578613,-10.940996170043945,10.833463668823242,-4.898746490478516,9.286612510681152
audio_401.wav,train,60.0746875,16000,0.05268342047929764,0.047177765518426895,0.843536376953125,0.3274760383386581,0.6230031948881789,179.73069985652097,38.47302176346225,33.07477159137159,0.1468629359691161,0.1363612735009582,1715.0562850531778,1173.3640525052633,1500.452179722642,544.9670641277941,3172.8110023961663,1904.0021840785814,-338.7341613769531,134.38351440429688,77.83071899414062,72.43103790283203,17.687519073486328,41.00674819946289,16.975616455078125,35.567447662353516,-24.14862823486328,27.118162155151367,-5.812733173370361,19.10062026977539,-12.698141098022461,18.629615783691406,-12.241034507751465,15.882322311401367,-22.023155212402344,17.650218963623047,-6.315988063812256,11.728348731994629,-15.869751930236816,12.557741165161133,-6.464128017425537,10.06811809539795,-7.67263650894165,9.580631256103516
audio_573.wav,train,60.0746875,16000,0.03834204748272896,0.041261281818151474,0.77410888671875,0.4680511182108626,0.6187433439829606,124.90548719779652,294.32313975020327,14.605430770609004,0.13121843591919596,0.10939341640472376,1578.9229513532155,912.1281160458831,1437.4011392744621,471.7211506075548,2958.936534877529,1590.3810702744854,-360.2444152832031,137.16476440429688,85.6452407836914,66.72789764404297,-5.124208450317383,36.72819137573242,22.921926498413086,33.69198226928711,-1.6526674032211304,23.91188621520996,-0.9933528900146484,18.010013580322266,-6.478106498718262,18.870668411254883,-5.262143135070801,16.513559341430664,-1.852420449256897,15.445993423461914,-0.623777449131012,13.178380966186523,1.6466375589370728,11.807839393615723,-4.4440999031066895,13.521240234375,0.6524248719215393,10.052380561828613
audio_180.wav,train,60.07475,16000,0.08146969974040985,0.08411414921283722,1.0,0.369542066027689,0.7156549520766773,198.27510177438265,232.44795009599756,61.57079567629671,0.11089080388045794,0.06776429304948513,1239.166500571549,463.074998799783,994.8395964034589,191.94759709425807,2312.1921592119274,835.5718267006149,-254.00531005859375,100.03337097167969,106.509521484375,38.759681701660156,-32.52528381347656,41.82632827758789,33.576053619384766,30.264795303344727,-8.607075691223145,18.65337562561035,-7.144984722137451,15.803007125854492,3.3943967819213867,15.425115585327148,-19.716283798217773,16.908830642700195,4.322207927703857,14.86306381225586,-7.697482109069824,11.0519380569458,-7.391186714172363,11.037940979003906,4.4854841232299805,9.450942039489746,-8.386792182922363,9.766200065612793
audio_320.wav,train,38.8906875,16000,0.025752896443009377,0.03430207446217537,0.908935546875,0.5526315789473685,0.3881578947368421,118.57804013471404,8.051360797739918,8.931988535202336,0.21665593197471217,0.12399595036126301,2329.0227577304186,1123.607552677823,1610.3203018464174,519.4494307439547,4095.041375411184,1736.9981903491962,-458.307373046875,155.74610900878906,48.09626388549805,67.09320831298828,-2.806689739227295,37.05328369140625,36.120262145996094,46.53845977783203,-6.768093585968018,23.494707107543945,0.9699271321296692,20.141958236694336,-11.72398567199707,22.48296356201172,-7.812871932983398,18.41805076599121,-8.287198066711426,17.52372932434082,-16.670679092407227,18.462270736694336,-5.550357341766357,12.088603019714355,-9.55182933807373,11.761433601379395,-6.196076393127441,11.089263916015625
audio_85.wav,train,45.06,16000,0.03804929181933403,0.06436459720134735,1.0,0.8119233498935415,0.5330021291696239,176.64303400994282,39.15789195998292,27.017669875008835,0.15298173848917673,0.11805281197035118,1767.060241614435,920.2336934201409,1587.4852696192786,468.60850025455164,3397.8663946061038,1652.6278458314748,-344.1971740722656,129.9614715576172,71.91043090820312,52.532440185546875,0.6160888075828552,37.8259391784668,17.53883171081543,30.921688079833984,-7.848194122314453,21.31847381591797,0.5405607223510742,15.828118324279785,-6.687514781951904,14.275909423828125,-1.907340407371521,15.328964233398438,-4.207674503326416,12.612541198730469,-5.403170108795166,11.352181434631348,-7.655448913574219,9.355646133422852,-0.1950865536928177,11.335031509399414,-1.0174139738082886,8.484353065490723
audio_296.wav,train,60.0746875,16000,0.06103810667991638,0.056998733431100845,0.943206787109375,0.3769968051118211,0.5702875399361023,136.21039964151845,11.001995297338404,9.497979959320872,0.13318456095247605,0.12189269153489256,1748.4605108075627,1121.3435551546897,1361.4752230872682,539.2328589432814,3034.4074480830673,1812.362358020563,-310.13592529296875,146.9814910888672,80.40876770019531,70.80443572998047,-21.653745651245117,39.894676208496094,19.841110229492188,37.64889144897461,1.974582552909851,16.650245666503906,-9.649035453796387,21.816436767578125,-5.748903751373291,15.9364652633667,-10.809029579162598,14.620089530944824,-15.99665355682373,17.16554069519043,-7.167257308959961,17.97199821472168,-16.674057006835938,13.092286109924316,3.806129217147827,9.97531795501709,-6.62541389465332,9.642314910888672
audio_250.wav,train,20.12,16000,0.006757090333849192,0.006373551208525896,0.145050048828125,0.36089030206677264,0.739268680445151,89.3477635991859,189.25100540206645,119.50750300992834,0.0641953994435612,0.04898012025207949,1114.3948508224096,532.9656958818856,1409.9551882274636,332.39903323550203,2193.5860492845786,1083.9350262102619,-506.0277099609375,76.31990051269531,121.12622833251953,27.38286781311035,9.05073356628418,37.27460861206055,35.70629119873047,22.423587799072266,0.39222240447998047,21.633129119873047,4.621485233306885,17.182464599609375,0.7556421160697937,13.174016952514648,2.224393606185913,13.376431465148926,3.701944351196289,13.780845642089844,-4.398565769195557,9.95858383178711,0.4726881682872772,9.823182106018066,3.077803611755371,8.504738807678223,-2.7716290950775146,8.049459457397461
audio_346.wav,train,60.0746875,16000,0.035392146557569504,0.04358159750699997,0.8502197265625,0.5212992545260916,0.46219382321618746,128.565497341737,40.87130844237786,16.25454904834011,0.1273345459764377,0.09944105508564755,1507.953055346505,984.3821809378828,1475.9665138430526,654.3230555341495,2978.46362486688,2024.5581582787336,-396.6040954589844,107.15279388427734,108.60128784179688,72.2544174194336,15.381683349609375,29.212993621826172,-0.06715134531259537,30.446823120117188,1.9336310625076294,20.972753524780273,-4.743755340576172,18.92270851135254,-12.029897689819336,18.605037689208984,-6.649289131164551,12.966023445129395,-4.929408550262451,12.367718696594238,0.09670069813728333,11.093342781066895,-9.598570823669434,11.432605743408203,-0.7160689234733582,10.16453742980957,-0.6156732439994812,9.207123756408691
audio_335.wav,train,60.0746875,16000,0.049176909029483795,0.05813224986195564,1.0,0.48242811501597443,0.61395101171459,149.39896882100535,68.29807716460888,25.921272292051555,0.13949659711128862,0.11537871188707474,1680.2527148485813,972.9824255676671,1522.4506157136138,483.40657603107627,3216.4037539936103,1716.461062044382,-338.7255859375,136.16575622558594,68.28861236572266,56.025726318359375,0.15306571125984192,37.56882858276367,23.38081932067871,38.33744812011719,-7.084686279296875,23.320056915283203,-0.12210172414779663,16.30146026611328,-6.3118438720703125,14.263331413269043,-8.301066398620605,15.70530891418457,-3.326397180557251,15.371973037719727,-6.226851940155029,13.071279525756836,-10.414942741394043,11.114678382873535,-6.270547389984131,10.263203620910645,-3.7637383937835693,9.258846282958984
audio_20.wav,train,43.02,16000,0.031119557097554207,0.0194528941065073,0.34112548828125,0.020817843866171002,0.5799256505576208,71.1207712349912,27.848147916116556,49.79596218511928,0.07602230483271376,0.060902395104468696,1335.1659961027638,725.4931257201395,1491.7255172446698,403.57465775227087,2687.918215613383,1393.7056040249304,-298.3185729980469,82.47266387939453,120.76062774658203,37.79888916015625,1.9889347553253174,33.59363555908203,37.89482879638672,26.554731369018555,1.9149408340454102,20.977561950683594,-0.8600658774375916,15.944708824157715,1.3185455799102783,13.022912979125977,-10.532286643981934,15.915428161621094,-0.2816466689109802,9.787731170654297,2.7618610858917236,9.763679504394531,-4.389926433563232,9.408080101013184,8.645808219909668,7.786932468414307,6.774446964263916,10.571191787719727
audio_5071.wav,train,60.0746875,16000,0.12147334963083267,0.025917932391166687,0.95001220703125,0.0,0.20873269435569755,75.5674506101949,41.05921158097507,17.634261375782657,0.46132776099906814,0.06636485810772161,3895.9971869999827,198.5325324584107,2341.917968117874,53.5620529508793,6749.729599307774,108.59799526269228,6.033731460571289,7.736439228057861,1.9913016557693481,8.176902770996094,2.6385531425476074,4.228121757507324,-0.11118040978908539,4.566517353057861,-1.6372326612472534,5.198713779449463,-2.3065598011016846,5.114138126373291,-2.093637228012085,4.4483962059021,-0.858303427696228,3.764946937561035,0.12735532224178314,3.4026682376861572,1.1499769687652588,3.5518009662628174,0.8654928803443909,3.553631067276001,0.7416197657585144,3.3489913940429688,0.17889057099819183,3.152921199798584
audio_558.wav,train,60.0746875,16000,0.03131696954369545,0.039930351078510284,0.736846923828125,0.5750798722044729,0.5686900958466453,127.08879665595002,180.67055181851936,19.10437758047827,0.11347703050119809,0.08827501376031709,1487.3428863263546,867.5422539511904,1463.5237706214127,477.0235721591528,2786.229532747604,1496.6612563315982,-390.1502990722656,111.84818267822266,89.72075653076172,54.59099197387695,9.926727294921875,35.009613037109375,20.662830352783203,31.06998634338379,7.2029242515563965,16.412342071533203,-1.6081461906433105,17.936294555664062,-7.98637580871582,16.294485092163086,-5.387552738189697,15.366292953491211,-2.0171914100646973,11.911575317382812,-2.4816744327545166,13.594759941101074,-2.482862949371338,11.12415599822998,-0.5277374982833862,9.386150360107422,-5.962346076965332,9.772448539733887
audio_289.wav,train,60.0746875,16000,0.025709744542837143,0.04281124472618103,0.99334716796875,0.7034078807241747,0.2779552715654952,134.6458897635121,83.61553785124234,8.581384161277498,0.2159266527722311,0.11119502083690701,2168.941971702574,797.0803655695788,1663.609745874209,300.12253223818647,3951.1323548988285,1104.2869005229284,-412.6495666503906,125.46000671386719,56.719974517822266,47.266258239746094,-8.370671272277832,23.114587783813477,28.083009719848633,34.50209426879883,-6.4478230476379395,16.393909454345703,3.5482165813446045,16.443281173706055,-13.249072074890137,20.63698959350586,2.906181812286377,14.394413948059082,-0.22142605483531952,12.652320861816406,-6.477136611938477,16.052385330200195,3.0556142330169678,10.060997009277344,-7.390745639801025,8.35899543762207,-1.4585965871810913,9.413949966430664
audio_620.wav,train,61.0346875,16000,0.048245370388031006,0.048020072281360626,0.948883056640625,0.3584905660377358,0.6121593291404612,205.2672581380976,156.47465432088757,31.03515294127564,0.16089558151533018,0.13888570111899584,2020.673302070302,1210.1332929652829,1504.8604647378397,575.8155400390463,3603.355935534591,1921.5719377376163,-339.8896789550781,133.92831420898438,59.476768493652344,59.198326110839844,-8.264453887939453,41.36222839355469,13.212810516357422,36.19845962524414,-30.367551803588867,29.6508731842041,-17.484817504882812,20.834028244018555,-14.879462242126465,17.832788467407227,-16.53333282470703,16.75678062438965,-14.697154998779297,17.460363388061523,-7.060719013214111,13.207733154296875,-9.36224365234375,12.872530937194824,-8.006115913391113,12.903251647949219,-10.481316566467285,10.986650466918945
audio_665.wav,train,60.0746875,16000,0.040820006281137466,0.04065166786313057,0.649932861328125,0.369542066027689,0.707667731629393,205.2672581380976,193.2926095499014,63.700301384722536,0.12425847810170394,0.11173022587617133,1642.380447184564,955.4599152706437,1462.5902137403648,444.29630460610355,2922.3367611821086,1519.55245563248,-351.1534118652344,126.25206756591797,69.92972564697266,56.040000915527344,-9.003334045410156,39.094398498535156,13.683363914489746,35.855369567871094,-10.321633338928223,27.688215255737305,-4.7846293449401855,20.00608253479004,-11.005051612854004,19.001564025878906,-10.600058555603027,18.963869094848633,6.045875549316406,15.709641456604004,18.93653678894043,15.80003547668457,10.849211692810059,12.30018424987793,-3.3428640365600586,14.345661163330078,-1.4088164567947388,11.142497062683105
audio_751.wav,train,60.0746875,16000,0.08011651784181595,0.063388392329216,0.778167724609375,0.29818956336528224,0.7353567625133121,197.13312122062953,36.73291163253395,31.40419517871848,0.13905719598642172,0.15563087959090882,1696.6599981306997,1451.6944558696898,1442.9523186538063,617.6018304663426,2904.049354366347,2243.008886353036,-299.54766845703125,90.86531066894531,80.81997680664062,62.91079330444336,27.090776443481445,42.00224685668945,14.512292861938477,31.16110610961914,-7.9525957107543945,25.25871467590332,-13.718117713928223,19.638578414916992,-17.981510162353516,17.183338165283203,-3.3953678607940674,18.035913467407227,-6.762369632720947,14.5758638381958,-2.0859215259552,10.754210472106934,-10.836675643920898,10.684159278869629,-11.835665702819824,11.095056533813477,-7.756594657897949,9.972578048706055
audio_442.wav,train,60.0746875,16000,0.03176775202155113,0.039567187428474426,0.602691650390625,0.5505857294994675,0.6070287539936102,123.47082531403103,14.568397544717692,12.234742515585268,0.10728355464589989,0.06144668457310521,1323.4861046768233,530.028798600909,1331.1088805841162,309.26271391697026,2564.430244941427,1084.0686660394158,-340.5532531738281,73.00293731689453,111.30022430419922,33.356597900390625,-9.04478645324707,19.26250648498535,19.64324951171875,24.343961715698242,-8.50166130065918,16.640104293823242,-3.7809665203094482,10.735891342163086,-1.02195405960083,12.893945693969727,-2.3121931552886963,12.912842750549316,-3.456901788711548,10.95807933807373,-10.768898010253906,11.619790077209473,-8.1094331741333,9.184242248535156,-10.108592987060547,9.680959701538086,-0.5897534489631653,8.541280746459961
audio_362.wav,train,60.0746875,16000,0.04099990800023079,0.0572807639837265,1.0,0.6064962726304579,0.5617678381256656,187.14677540918822,315.450153265592,24.51688448397485,0.21912596096246006,0.1667110226007547,2831.675167690416,1347.9670156458671,1639.3360165500694,426.08761097901606,4607.469715122471,1651.0356986604368,-344.756591796875,141.4446258544922,13.568238258361816,70.81165313720703,-13.58608341217041,47.44672393798828,23.40509796142578,33.87387466430664,-14.60793399810791,26.464860916137695,-4.061309337615967,16.350505828857422,-11.963994026184082,17.42394256591797,-7.451730728149414,16.051298141479492,5.354516983032227,16.46837043762207,-4.339094638824463,12.476070404052734,-3.626725673675537,11.756464958190918,-5.772885799407959,11.548030853271484,-4.787890911102295,9.259522438049316
audio_311.wav,train,60.0746875,16000,0.027484841644763947,0.0419900007545948,0.9498291015625,0.6703940362087327,0.11501597444089456,94.11545282508624,12.023346773724736,15.504657390014856,0.1542797149560703,0.14043958381107605,1859.3630379753033,1214.324504506891,1384.663649956029,661.4575350356555,3252.4169661874334,2063.747131787976,-379.51104736328125,154.92745971679688,53.43471145629883,75.05243682861328,-7.994816780090332,29.16804313659668,0.5076256990432739,27.948884963989258,-21.77650260925293,23.753267288208008,-15.955423355102539,20.08833122253418,-4.822920799255371,14.858414649963379,2.6953442096710205,12.001962661743164,-9.683582305908203,17.25008201599121,5.038005828857422,12.71257209777832,-8.643881797790527,11.768909454345703,-4.370190620422363,8.918899536132812,-2.46561861038208,8.144474983215332
audio_724.wav,train,60.0106875,16000,0.04199805483222008,0.04250446334481239,0.943267822265625,0.44616204690831557,0.5517057569296375,118.57804013471404,66.86791532872408,29.909160816529607,0.23425579274386993,0.14679895440995322,2380.4203886388805,1200.7233200982005,1605.7495553840417,377.62163626843153,4058.656216684435,1559.8185955784481,-297.907958984375,112.51905822753906,57.301856994628906,61.67176055908203,-12.557275772094727,43.21329879760742,13.058990478515625,32.1546745300293,-7.139561176300049,24.143949508666992,-0.6828662157058716,21.72762107849121,-27.76873207092285,22.102773666381836,-7.581563949584961,17.47822380065918,-11.725812911987305,15.129735946655273,5.474641799926758,13.028626441955566,-9.87684440612793,12.757013320922852,0.6211904883384705,10.843390464782715,-3.753643035888672,12.261764526367188
audio_39.wav,train,45.06,16000,0.01919916644692421,0.013274862430989742,0.239410400390625,0.13484740951029098,0.5904897090134847,187.14677540918822,38.396621734667,36.45674044579047,0.10461971588892832,0.09023381104430434,1736.1034426151082,860.5131533937654,1837.8046835664584,407.8310970814127,3534.393852022711,1582.289360392717,-328.6169128417969,51.99352264404297,88.74192810058594,34.453857421875,15.122441291809082,25.41408920288086,29.293676376342773,19.14454460144043,8.030662536621094,16.999929428100586,-2.901341676712036,14.482261657714844,-10.370977401733398,14.098152160644531,-1.1341798305511475,12.06258773803711,3.42806077003479,12.186814308166504,-2.861081123352051,8.271439552307129,0.06283333152532578,7.250276565551758,4.558931827545166,7.535933971405029,-5.502747058868408,8.01805305480957
audio_290.wav,train,60.07475,16000,0.01692642830312252,0.04214494302868843,0.944427490234375,0.8764643237486688,0.72790202342918,76.44550209132854,17.905847579425615,3.5533121624474546,0.15498899677183173,0.05148913627176644,1462.8271704053159,312.5554564979802,1176.7453164400472,112.73620884133341,2923.222843450479,515.7968586580052,-349.6602783203125,75.45880126953125,81.03270721435547,27.99925422668457,-10.836338996887207,26.53166961669922,27.867265701293945,21.821016311645508,-3.2428250312805176,15.644384384155273,-3.9859137535095215,8.02392864227295,3.7112069129943848,9.648221969604492,-12.370226860046387,10.393791198730469,6.134092807769775,7.681642532348633,0.4641938805580139,8.021892547607422,-4.333776950836182,6.218512058258057,2.245417833328247,5.660688400268555,-4.319897174835205,6.575449466705322
audio_23.wav,train,45.06,16000,0.006802981253713369,0.00569399306550622,0.17608642578125,0.4038325053229241,0.6210078069552875,99.13755088719131,21.022963455363172,39.38239670700783,0.09493830121096522,0.10669944756859961,1765.9444687561158,1017.3583538712903,1956.2188188622133,429.6127489918094,3822.2864176721077,1716.817564916882,-451.74688720703125,100.12926483154297,89.14913177490234,42.802391052246094,24.748414993286133,27.396198272705078,20.36992835998535,21.993112564086914,7.305298328399658,21.186952590942383,10.887202262878418,13.071732521057129,8.30810546875,12.340814590454102,3.227252721786499,13.822657585144043,5.585447311401367,9.10383129119873,0.4373934268951416,10.620068550109863,2.1897833347320557,8.006245613098145,4.4402971267700195,8.25582218170166,1.0775699615478516,6.551083087921143
audio_624.wav,train,60.0746875,16000,0.04681836813688278,0.04481612518429756,0.976043701171875,0.3812566560170394,0.6288604898828541,130.8127826502993,180.9386621585436,15.296181807322299,0.18246924712127263,0.12783095463777966,2175.190598414468,1051.7028787132704,1671.511430866376,416.77963243256994,3923.2644435569755,1578.4086027921478,-309.0019226074219,150.32521057128906,55.77548599243164,67.27620697021484,-5.556953430175781,35.65095138549805,26.79733657836914,31.785030364990234,-5.097265720367432,22.343271255493164,-3.6468238830566406,18.738405227661133,-11.901165008544922,17.745508193969727,-4.776815414428711,15.475603103637695,-4.0901780128479,15.560648918151855,-10.116920471191406,15.577546119689941,-0.06302253901958466,13.577253341674805,-7.018073081970215,9.737861633300781,-1.4983370304107666,10.894062042236328
audio_206.wav,train,60.07475,16000,0.06259993463754654,0.05511445552110672,0.94976806640625,0.3391906283280085,0.5804046858359957,171.61434972294217,245.5304967938086,26.09734885516943,0.14989792373868477,0.08670388327991092,1432.6132352664029,599.2131267194753,1099.188051202679,260.32653944536617,2627.109125399361,972.8796390757211,-318.48785400390625,130.04637145996094,92.92584228515625,57.967227935791016,-20.660385131835938,43.460914611816406,38.68025207519531,35.70771408081055,-30.923015594482422,26.926246643066406,-22.184667587280273,24.587566375732422,-9.063347816467285,19.156848907470703,-29.667747497558594,21.547788619995117,-0.529374361038208,16.918882369995117,-16.981157302856445,14.663216590881348,-7.251104354858398,10.733054161071777,7.048189640045166,11.034482955932617,-8.486536026000977,8.605819702148438
audio_288.wav,train,60.0746875,16000,0.031157180666923523,0.03865174204111099,0.7763671875,0.5505857294994675,0.6757188498402555,162.92073075152206,53.045655922053115,82.58286341000947,0.12256561376797125,0.10795262130432995,1531.915542908223,933.1770561203687,1419.5434793139837,360.0091188163266,2742.0626996805113,1441.1837344946498,-379.9979248046875,116.5024185180664,79.0772476196289,48.33182907104492,7.9948320388793945,31.905689239501953,28.118183135986328,40.2468147277832,-4.534691333770752,25.83277702331543,4.884401321411133,19.18274688720703,-2.770911693572998,15.482006072998047,-5.300662994384766,16.1317081451416,-3.5675697326660156,13.14182186126709,-10.662248611450195,13.203291893005371,0.6776685118675232,9.395269393920898,0.9087917804718018,9.67080020904541,-7.824885845184326,8.876189231872559
audio_60.wav,train,45.0,16000,0.06266660988330841,0.05328676849603653,1.0,0.30419331911869224,0.6297085998578535,162.92073075152206,270.1408170272961,22.998804617550803,0.15461371990493958,0.1331085388575402,2243.607400839793,1091.1176178952153,1920.165271777574,384.7320813339945,4324.782338308458,1583.9486352026863,-242.07745361328125,105.10612487792969,57.76975631713867,46.43698501586914,10.930145263671875,39.75699996948242,20.69834327697754,28.85867691040039,-3.208810806274414,23.927610397338867,17.631309509277344,16.435312271118164,-5.978085994720459,15.484869956970215,-10.90024185180664,15.832317352294922,1.2480169534683228,14.072938919067383,2.781020402908325,10.26429271697998,-2.2042102813720703,9.913235664367676,3.186091661453247,9.245186805725098,19.353172302246094,11.624883651733398
audio_80.wav,train,45.06,16000,0.007247729692608118,0.003471978474408388,0.07568359375,0.0014194464158978,0.631653655074521,113.87914162255151,29.104742276171432,55.259511654124736,0.1896191198323279,0.10590017243811992,2681.3595928659765,799.6344832347025,2477.871345511225,293.05982569639076,5927.536151525905,1138.576576004623,-369.6305847167969,44.86721420288086,56.317562103271484,26.44391441345215,33.050079345703125,19.443269729614258,14.207682609558105,19.448556900024414,16.244468688964844,14.9807767868042,-4.117210865020752,11.855948448181152,5.580520153045654,12.901020050048828,-6.801966667175293,11.712312698364258,3.7947959899902344,9.562188148498535,10.037108421325684,9.86920166015625,3.7636122703552246,8.604687690734863,7.758411407470703,7.2781805992126465,2.809346914291382,7.837290287017822
audio_214.wav,train,60.07475,16000,0.07472464442253113,0.054740794003009796,0.932342529296875,0.24334398296059637,0.7353567625133121,213.73702705379327,74.0084286876884,34.049272252956854,0.12729398587260382,0.08223109550603223,1176.7674532876963,576.6410119989879,910.7609059212788,248.99005627594633,2090.767272364217,1042.5416578271506,-292.61505126953125,95.84613037109375,120.71890258789062,49.540245056152344,-29.99383544921875,41.72540283203125,31.853057861328125,32.170989990234375,-21.297632217407227,20.447608947753906,-22.20321273803711,20.631128311157227,-1.3156923055648804,15.293403625488281,-20.004878997802734,16.526147842407227,4.133983612060547,13.867341041564941,-9.714130401611328,9.641840934753418,-11.841157913208008,10.65698528289795,1.2255535125732422,9.122804641723633,-11.234210968017578,8.488216400146484
audio_599.wav,train,60.0746875,16000,0.046723902225494385,0.040630124509334564,0.67974853515625,0.345580404685836,0.6656017039403621,226.44649206156825,35.672358641739535,40.9557077864788,0.14924116205737487,0.12540298394143998,1877.277174123743,1121.847706602796,1565.691493961291,412.6712308276796,3512.9709132055377,1663.1074278628819,-277.2236633300781,76.4720230102539,92.59038543701172,46.36196517944336,-3.0789718627929688,36.1888313293457,17.19748878479004,30.161767959594727,-19.82217025756836,29.64556312561035,2.364917278289795,16.797283172607422,-9.057583808898926,20.904861450195312,6.683675289154053,16.137311935424805,-9.236331939697266,13.939238548278809,-9.86329460144043,11.82811450958252,2.0875351428985596,12.307666778564453,-9.340555191040039,10.765995979309082,1.6601201295852661,12.398268699645996
audio_5063.wav,train,46.336,16000,0.14854051172733307,0.023774191737174988,0.949981689453125,0.0,0.15527950310559005,76.44550209132854,26.621404373407724,16.60716736285417,0.45502184965924775,0.05984926796324731,3872.213456857724,180.7178665285836,2344.63790861142,58.66898791421578,6740.607746721877,107.22488750239054,26.45283317565918,8.443355560302734,2.4083969593048096,7.841991424560547,2.8250350952148438,5.549737453460693,2.6684999465942383,4.95274019241333,0.5637820363044739,3.4663100242614746,-1.6907663345336914,4.11458683013916,-1.2412171363830566,3.82765531539917,-0.8935925364494324,4.20405387878418,-1.8719170093536377,4.10742712020874,-1.677760124206543,3.5579559803009033,-1.027492880821228,3.4091081619262695,-1.1656447649002075,3.2804293632507324,-1.049461841583252,3.2264184951782227
audio_207.wav,train,60.07475,16000,0.03583351895213127,0.03941081091761589,1.0,0.4994675186368477,0.527689030883919,184.9972113558172,343.53035963428135,25.097855495084815,0.15428517497004793,0.09276990137000013,1442.0195281483184,737.8488807767461,1091.2606236537038,394.69100227283883,2460.4715788072417,1185.9236414458137,-376.197509765625,118.30280303955078,76.0989761352539,67.02706146240234,-7.267491817474365,38.12971115112305,16.31764793395996,26.00271987915039,-4.183889865875244,17.97540283203125,-9.508113861083984,16.454824447631836,-6.291430473327637,18.166337966918945,-15.532203674316406,16.370052337646484,-1.194942593574524,14.000800132751465,-6.203826427459717,10.200019836425781,-11.231154441833496,13.7670316696167,-2.9046318531036377,9.297229766845703,-5.269802093505859,8.849720001220703
audio_438.wav,train,60.0746875,16000,0.02513492852449417,0.03994297608733177,0.965301513671875,0.7012779552715654,0.6629392971246006,103.82617439498627,104.29363442736482,11.56628955611933,0.10902815911208733,0.0637084061180577,1614.423956542074,750.4446769495934,1682.1191080750468,590.8057347300559,3429.8622204472845,1790.624429547585,-423.4358215332031,103.46920013427734,97.1443862915039,59.0093879699707,11.408150672912598,28.558557510375977,13.321221351623535,25.446943283081055,4.2125325202941895,16.60915184020996,-1.5043874979019165,16.367490768432617,-2.0071754455566406,15.496077537536621,-1.1850179433822632,13.516241073608398,0.9217165112495422,13.055232048034668,2.009300708770752,13.674805641174316,2.573866605758667,9.90700626373291,-0.26641780138015747,10.353389739990234,-1.776910424232483,11.049688339233398
audio_332.wav,train,60.0746875,16000,0.04745693877339363,0.033585187047719955,0.618621826171875,0.2534611288604899,0.645367412140575,181.8190699939266,25.483474679701434,14.79239842288851,0.18525125424321087,0.16357617558270202,2340.2916328641622,1456.9891785058285,1830.3730165329923,456.0834150555525,4155.293197550585,2064.7522970876335,-345.9754943847656,118.20980072021484,54.31829833984375,71.84090423583984,26.51582145690918,46.43707275390625,16.333402633666992,39.93021011352539,5.675227642059326,26.721435546875,6.148902416229248,19.45865249633789,-8.747492790222168,20.85622215270996,-15.46503734588623,19.666730880737305,-14.244059562683105,17.194856643676758,-2.9135115146636963,14.508084297180176,-4.97145938873291,11.63802719116211,-5.420295238494873,13.990697860717773,12.811491012573242,13.014435768127441
audio_159.wav,train,60.08,16000,0.049832768738269806,0.048638783395290375,0.676513671875,0.3562300319488818,0.6538871139510117,234.43211035826653,210.5260239648829,21.925676995780634,0.22993652863751332,0.1870662029447527,2468.028071576595,1435.2480187684482,1674.8492257981127,423.65195345019436,4230.847310969116,1890.8896500401474,-306.5096130371094,104.51139068603516,26.504011154174805,66.07034301757812,1.3252675533294678,37.789241790771484,16.429401397705078,32.43840408325195,-19.08958625793457,23.0340633392334,-13.56810474395752,19.854228973388672,-12.935531616210938,16.167503356933594,-0.8373939990997314,16.445545196533203,-18.378400802612305,16.76468276977539,-8.835128784179688,13.5635986328125,-15.092402458190918,12.315997123718262,-6.83116340637207,11.710113525390625,-9.691015243530273,12.416929244995117
audio_478.wav,train,60.0746875,16000,0.03460381180047989,0.044217128306627274,0.94232177734375,0.536741214057508,0.5857294994675186,207.65234878997256,105.99368032435993,79.27927142586083,0.14265326519235888,0.10762373453204573,1796.589417201194,1012.8430575917944,1584.8888272699267,517.7546659889726,3392.430444621938,1835.8532685082853,-408.9703063964844,154.41310119628906,51.597599029541016,59.30942153930664,-5.92948055267334,40.715885162353516,15.189661026000977,31.591585159301758,-7.846796989440918,28.673864364624023,0.22211609780788422,19.80457878112793,-10.499425888061523,22.51460075378418,0.7117587924003601,16.143529891967773,-5.494416236877441,16.151668548583984,-0.05811716988682747,12.063323020935059,-4.144900798797607,11.987543106079102,-2.3745768070220947,12.945464134216309,0.3785633146762848,9.862407684326172
audio_46.wav,train,45.06,16000,0.08820918947458267,0.07813455164432526,0.97412109375,0.34918381831085876,0.6508161816891412,116.54094037952247,11.939231860484423,9.536439658540445,0.16262988489176722,0.1311038670810934,1687.3961155951492,1145.5853933981093,1576.306880625024,621.3937436242372,3282.8635113555715,2163.9954409663615,-279.0598449707031,129.7495574951172,99.50753784179688,68.17425537109375,0.6844675540924072,30.810211181640625,13.407649993896484,21.981985092163086,1.1219855546951294,16.088733673095703,-7.017686367034912,12.589014053344727,-10.275301933288574,11.361881256103516,-14.104393005371094,11.520092010498047,-8.255373001098633,10.908873558044434,-9.05422592163086,10.388402938842773,-8.657524108886719,8.711127281188965,-9.380594253540039,8.422347068786621,-6.430341720581055,8.660009384155273
audio_130.wav,train,45.06,16000,0.023556852713227272,0.018464582040905952,0.4307861328125,0.22569198012775019,0.5400993612491128,187.14677540918822,39.1917924267011,30.653142421595646,0.23885027612668558,0.15317517544480957,2827.18504072385,1035.6301342864408,1899.5324593597727,281.41492309240914,4916.651880766501,1156.9637778881615,-319.8299560546875,120.73277282714844,17.730497360229492,52.92583465576172,-2.7900123596191406,37.74592971801758,20.494836807250977,29.25653076171875,-15.5715970993042,20.721750259399414,0.14582861959934235,17.757143020629883,2.2401554584503174,13.21328067779541,-2.577043056488037,16.553356170654297,-0.5633508563041687,12.310200691223145,-6.480488300323486,11.361742973327637,-7.784607887268066,11.118131637573242,-2.414734363555908,10.68251895904541,-7.232776641845703,9.563177108764648
audio_437.wav,train,60.0746875,16000,0.01693987101316452,0.02726334147155285,0.4969482421875,0.6975505857294995,0.5665601703940362,106.86851352689665,246.25530039071833,19.08540584066452,0.11963488626530884,0.07003727489785717,1673.2487654508443,678.5406124618422,1742.5315172329126,494.0735289338872,3522.8592585197016,1573.9655905384043,-434.3711242675781,95.51887512207031,98.43644714355469,45.149654388427734,9.0747652053833,25.940839767456055,18.331253051757812,22.40937614440918,-4.644364833831787,14.689261436462402,0.789768397808075,13.98510456085205,1.3039475679397583,15.327959060668945,0.42081695795059204,12.95689868927002,2.640711784362793,11.0623197555542,2.6173291206359863,12.408583641052246,-0.17684713006019592,10.381040573120117,-0.6758077144622803,8.716381072998047,-6.001278877258301,9.293228149414062
audio_771.wav,train,60.0746875,16000,0.05781177431344986,0.053695548325777054,0.999969482421875,0.3109691160809372,0.6480298189563365,111.9227661312955,23.609472322349948,17.625008622905824,0.15522403737353568,0.13877293759082213,1817.4413927056153,1136.3587340414824,1400.8609258925812,452.66662642498824,3229.878028487753,1676.272750216456,-282.5385437011719,130.46273803710938,82.75101470947266,74.45996856689453,-2.817871570587158,46.77505874633789,36.524112701416016,34.67771530151367,-17.948270797729492,29.279647827148438,10.147490501403809,23.19957160949707,-11.226277351379395,23.57254409790039,-3.0844829082489014,19.03024673461914,-2.6207032203674316,13.189035415649414,2.9351487159729004,12.149571418762207,-2.176673412322998,11.649048805236816,-3.650754690170288,9.494099617004395,-1.1349289417266846,7.824058532714844
audio_759.wav,train,60.0746875,16000,0.049138765782117844,0.050741054117679596,0.9398193359375,0.4728434504792332,0.6821086261980831,108.73654223881857,222.2313006773904,14.414932660578614,0.14560843275758786,0.14090600531551176,1930.2996977018272,1210.3941532958409,1791.2962348945648,463.83662628093305,3618.5228634185305,1988.662566536325,-294.6778564453125,119.47118377685547,61.094200134277344,61.20060348510742,11.348906517028809,33.51567077636719,21.39381217956543,31.861692428588867,16.40883445739746,20.048250198364258,-3.7560653686523438,20.869482040405273,7.608353614807129,15.727886199951172,-1.3712959289550781,15.295894622802734,-2.07175612449646,15.676482200622559,5.218064785003662,13.668256759643555,-7.8815507888793945,14.166315078735352,0.8744121789932251,10.848722457885742,-2.2470407485961914,10.656270980834961
audio_25.wav,train,45.06,16000,0.005632775370031595,0.0029202017467468977,0.059112548828125,0.13484740951029098,0.7125621007806955,88.32151700497141,13.4475981278214,13.200292721115275,0.10891374922374024,0.11755221327946488,1912.5531350271774,1021.1401437505194,2095.0016660086867,308.4740808698249,4233.271602200142,1702.967081480901,-445.6903076171875,48.442317962646484,73.68730926513672,42.5048942565918,41.491878509521484,16.284608840942383,28.790470123291016,13.724321365356445,17.577791213989258,12.83491039276123,8.369659423828125,8.958059310913086,-8.908631324768066,12.362818717956543,4.666839122772217,9.31965446472168,6.754074573516846,9.92735767364502,2.300767421722412,8.833647727966309,0.3750936985015869,7.20463228225708,1.7564294338226318,7.374536037445068,0.326510488986969,8.092185020446777
audio_191.wav,train,60.423,16000,0.026492739096283913,0.04027422145009041,0.61767578125,0.6500794070937004,0.6829010058231869,169.64319079487348,32.39702512853467,27.467043821771114,0.08377241596082584,0.05659550115767388,961.1140803652321,457.321424760364,872.7673287779775,279.9895637708363,1714.6018065113817,752.2012822634682,-395.2605285644531,99.12897491455078,103.21500396728516,61.645057678222656,-2.704857587814331,34.049705505371094,11.38451862335205,19.32646942138672,7.505856037139893,11.937521934509277,-4.935251712799072,12.125831604003906,0.09448720514774323,10.391419410705566,-5.313014507293701,10.178918838500977,-3.9709270000457764,8.890586853027344,-4.914058208465576,7.117791175842285,-9.081466674804688,7.9629645347595215,-7.530102729797363,7.722894191741943,-6.6682915687561035,6.255184173583984
audio_182.wav,train,40.448,16000,0.04828064143657684,0.05575317516922951,0.833251953125,0.5106719367588933,0.5272727272727272,211.28204791122093,397.2890825427811,61.936798454617104,0.1422075716403162,0.07926562225253198,1376.4341516738536,476.28852688277476,1062.0134304472513,188.4616455344634,2558.189229249012,810.6096671055612,-326.1108093261719,122.8543930053711,98.38665771484375,46.95269012451172,-32.917137145996094,41.19732666015625,31.99468231201172,27.246444702148438,-7.221864223480225,18.61148452758789,1.3286328315734863,14.129589080810547,9.5240478515625,13.842082977294922,-17.544219970703125,17.774446487426758,5.619483947753906,13.804162979125977,-6.717013835906982,11.95438003540039,-5.4602508544921875,10.364070892333984,5.404003620147705,9.382051467895508,-9.260004997253418,8.368402481079102
audio_236.wav,train,48.7,16000,0.02169923670589924,0.025215299800038338,0.5140380859375,0.45663600525624176,0.6511169513797634,192.63059450929475,49.110935335861264,33.422118850348795,0.21951225772010513,0.1801634319574006,2144.242980603781,1364.4113674078696,1583.8940845577272,630.7943544336968,3814.902266754271,2331.75763983187,-460.4727783203125,139.00790405273438,66.97271728515625,64.3465576171875,-2.5257062911987305,37.8603630065918,17.34231185913086,33.024169921875,-15.710906982421875,27.697193145751953,-2.587366819381714,18.649585723876953,-9.807926177978516,17.52953338623047,-4.134358882904053,14.44766902923584,-5.227959156036377,11.761324882507324,-9.02387523651123,11.313496589660645,-5.875741958618164,9.817229270935059,-5.32057523727417,9.091638565063477,-4.035841941833496,9.457215309143066
audio_24.wav,train,45.06,16000,0.05414721369743347,0.05159024894237518,1.0,0.36692689850958127,0.5102909865152591,124.18608452867444,36.1208676307994,39.57270946585139,0.09074788469215755,0.07260974859014238,1166.4803605295485,737.5049341293607,1237.115162593322,575.9304636415601,2181.0404098651525,1599.1331112320659,-310.9524230957031,123.48835754394531,122.21748352050781,56.93035888671875,-2.857327699661255,35.53675079345703,-2.345720052719116,28.712675094604492,-1.916139006614685,18.39898109436035,-17.826339721679688,16.83379364013672,-19.64626693725586,14.88896369934082,-13.719282150268555,11.695713996887207,-13.150228500366211,10.573687553405762,-20.62692642211914,12.019678115844727,-12.024158477783203,9.438786506652832,-8.161251068115234,9.85958194732666,-18.64483070373535,10.48772144317627
audio_428.wav,train,60.0746875,16000,0.08249670267105103,0.0720592588186264,0.94036865234375,0.3615548455804047,0.6869009584664537,207.65234878997256,249.45842560398168,23.13257911223866,0.13213337826144836,0.11227039107067649,1605.2906839679727,990.9009119993349,1533.3501722880012,470.59680712600505,3027.601670660277,1740.768278585365,-288.8036193847656,91.59461212158203,93.97505187988281,48.49897766113281,15.821385383605957,34.327972412109375,21.22850799560547,34.111324310302734,-20.003828048706055,25.95319938659668,-8.414146423339844,23.003963470458984,-19.664974212646484,22.505741119384766,-6.6706438064575195,19.499197006225586,-5.22507905960083,18.80864906311035,-1.1574549674987793,10.98795223236084,-7.918604373931885,12.739566802978516,-6.123571395874023,13.698225975036621,-3.023733377456665,10.600957870483398
audio_678.wav,train,55.2746875,16000,0.029135284945368767,0.035361241549253464,0.980865478515625,0.5787037037037037,0.23958333333333334,93.57338770459413,498.26730982728634,23.844639414715374,0.2371495564778646,0.15096912733017243,2595.9839604201575,1233.698090270686,1634.9863776335233,409.7963583591517,4286.449291087963,1693.4394357171946,-327.6550598144531,138.961181640625,30.33877182006836,77.25946807861328,-21.225553512573242,37.89488983154297,7.031509876251221,29.921253204345703,-9.828230857849121,23.610445022583008,-16.468767166137695,22.366270065307617,-20.93128776550293,18.29960060119629,-7.139171600341797,14.124947547912598,-20.96405792236328,18.469087600708008,4.393851280212402,14.254914283752441,-11.840006828308105,12.684610366821289,-8.47164535522461,11.00322437286377,-5.198385715484619,9.357301712036133
audio_591.wav,train,60.0746875,16000,0.026417944580316544,0.033808331936597824,0.936920166015625,0.6112886048988285,0.44515441959531415,113.22324603078411,185.6067999561856,122.83075339253583,0.1411431813265442,0.119397611018079,1755.4990012427709,963.0949618112513,1720.8182561765211,387.0384354400072,3473.0680910543133,1565.1047233308495,-334.69427490234375,92.16876220703125,82.54742431640625,40.15443420410156,13.092242240905762,25.746902465820312,26.816001892089844,24.687814712524414,5.769582748413086,19.797632217407227,13.706966400146484,14.874641418457031,5.278836727142334,16.51536750793457,1.5139720439910889,14.277169227600098,4.779938697814941,12.824859619140625,4.84609842300415,10.934347152709961,-0.6877044439315796,10.404505729675293,5.31709623336792,10.110650062561035,-0.6662311553955078,9.612964630126953
audio_597.wav,train,60.0746875,16000,0.04645201936364174,0.04113558679819107,0.9351806640625,0.325346112886049,0.6789137380191693,214.97519305553408,41.5941928179023,30.847432969749093,0.15064204564363684,0.12027087486137075,1918.8374748270214,1136.1452209034815,1597.7751014692276,418.4704520198625,3589.6482294994676,1707.6170810136082,-273.53863525390625,77.79341888427734,88.4342269897461,47.971439361572266,2.5458922386169434,34.240501403808594,16.319442749023438,29.210012435913086,-15.553264617919922,28.676050186157227,0.6302842497825623,16.495712280273438,-7.155318260192871,18.345287322998047,8.815668106079102,16.21262550354004,-12.975232124328613,14.627442359924316,-8.87987995147705,11.397007942199707,2.9431164264678955,13.13271427154541,-10.557672500610352,11.451120376586914,1.6288878917694092,13.167389869689941
audio_580.wav,train,60.0746875,16000,0.04144122079014778,0.05385487154126167,0.809234619140625,0.5505857294994675,0.7673056443024494,118.57804013471404,84.65135444406789,20.933349873650528,0.09466312233759318,0.0807890077787651,1296.0338163287533,708.8278030290943,1256.1547742958517,422.04110812175344,2438.423522364217,1210.9603900032387,-395.9757385253906,152.25404357910156,83.7068862915039,68.29326629638672,-9.338621139526367,32.154850006103516,22.24230194091797,30.071775436401367,2.2238309383392334,15.708841323852539,-4.640109539031982,15.835111618041992,0.9915089011192322,12.02287483215332,-5.542060375213623,12.89523696899414,-6.253079414367676,15.315411567687988,-0.23180602490901947,11.292573928833008,-7.615920543670654,10.642623901367188,-4.440737724304199,8.68729019165039,-7.5869879722595215,9.00167465209961
audio_19.wav,train,45.06,16000,0.023744918406009674,0.01581057906150818,0.23883056640625,0.2044002838892832,0.7700496806245565,212.505992363466,51.77752633940914,35.74170991918922,0.1628523664833215,0.14353930174232946,2137.7554081632397,1140.1780959508283,1824.426147408564,441.2121494410766,4123.109253016323,1675.4303612068175,-351.6298828125,92.43489074707031,68.01985931396484,41.58318328857422,11.62429141998291,39.84760284423828,31.314762115478516,31.2816219329834,-5.589102745056152,28.833168029785156,-0.024034639820456505,19.469974517822266,-21.70511245727539,20.34239387512207,11.449356079101562,15.047060012817383,-13.1858491897583,15.807868003845215,-10.973213195800781,11.521819114685059,-3.760521173477173,10.434885025024414,5.171775817871094,9.070528984069824,2.095168113708496,8.497992515563965
audio_476.wav,train,60.0746875,16000,0.04770028218626976,0.05733894556760788,0.985870361328125,0.4957401490947817,0.5899893503727369,225.1422562392905,173.95664812885587,60.84007122701823,0.16048775084864217,0.10967360440612421,1959.582943448948,961.5944168530206,1632.4302782114385,498.31234095566566,3699.988351970181,1726.0706948220966,-367.8786315917969,147.20095825195312,46.2616081237793,55.54561233520508,-10.640340805053711,40.606849670410156,17.594425201416016,35.34246826171875,-13.05195426940918,31.787689208984375,-7.549382209777832,23.038944244384766,-10.644207000732422,21.103975296020508,0.151116281747818,15.429220199584961,-7.459697723388672,17.406972885131836,-1.9016520977020264,12.532646179199219,-3.4428913593292236,12.107759475708008,-4.051877021789551,13.008627891540527,1.1286598443984985,8.952564239501953
audio_375.wav,train,60.0746875,16000,0.02632088027894497,0.04845061153173447,0.941436767578125,0.7364217252396166,0.45154419595314166,119.95585059317834,312.6906017183818,6.810833659183416,0.19936487037406816,0.11731520439647446,2102.961556585692,936.9120080145923,1603.8219948421345,447.45294134451086,3695.4622603833864,1633.3525284651564,-403.7096252441406,132.9359893798828,38.76102828979492,64.38554382324219,1.4980624914169312,22.31693458557129,8.465003967285156,23.575027465820312,-9.123905181884766,18.32152557373047,-9.88257122039795,17.36467170715332,-12.90926456451416,21.074851989746094,-2.0366837978363037,12.654385566711426,-6.94890022277832,14.732237815856934,-1.3878560066223145,10.400032043457031,-6.076284885406494,11.31432819366455,-3.6785364151000977,9.273648262023926,-2.7535643577575684,8.355854988098145
audio_642.wav,train,60.0746875,16000,0.010368208400905132,0.01974419131875038,0.54364013671875,0.7891373801916933,0.88604898828541,90.38593460443693,10.227090080795627,8.334983362174768,0.07256254576011714,0.046477309705552756,1216.3536487187255,474.73807314779765,1448.55687537321,330.52200981338103,2402.5059904153354,1014.9336059364127,-470.865478515625,77.91309356689453,102.51918029785156,32.0650520324707,9.697731971740723,23.534297943115234,14.157780647277832,22.2957763671875,7.606514930725098,10.980669975280762,2.9234580993652344,12.089936256408691,5.832075119018555,10.738162994384766,-1.8686189651489258,14.181490898132324,-4.447447776794434,12.92129135131836,-5.806031227111816,13.283019065856934,-4.998887538909912,11.36401081085205,-2.289818048477173,9.616555213928223,-5.251147270202637,11.746270179748535
audio_66.wav,train,59.96,16000,0.041148971766233444,0.051574207842350006,0.61376953125,0.5560298826040555,0.5618996798292423,217.47308447763714,74.89107555954273,45.83018208054324,0.12277954492395944,0.09242992697975586,1447.2590266902978,846.1821097275007,1347.3145171806457,470.10826748541797,2635.397211846318,1520.5027342748724,-386.689453125,93.45853424072266,85.59144592285156,51.30324172973633,7.349452018737793,30.887134552001953,9.218761444091797,24.53710174560547,-3.4247684478759766,20.29277229309082,-11.988636016845703,18.57173728942871,-17.26367950439453,17.123849868774414,-10.949565887451172,13.29201889038086,-14.205839157104492,13.300304412841797,-13.099122047424316,12.057032585144043,-1.3154181241989136,11.229082107543945,-5.416073799133301,9.007485389709473,-7.7491774559021,8.359553337097168
audio_186.wav,train,60.07475,16000,0.07114916294813156,0.046715252101421356,0.69927978515625,0.19382321618743345,0.7066027689030884,172.60850153728515,32.67163027118344,19.22867639361388,0.09648026698948349,0.069479017050038,1037.877007992775,503.48908759350036,886.7381690308971,255.46386568107076,1901.7447084664536,914.1967564123031,-296.0686340332031,93.85087585449219,120.52273559570312,52.14385223388672,-14.450358390808105,45.13227844238281,39.3945198059082,36.92892074584961,-9.824505805969238,22.336748123168945,-23.05878448486328,22.70823860168457,-7.557541370391846,17.29459571838379,-19.81668472290039,18.100139617919922,0.3163224756717682,15.948291778564453,-11.474242210388184,11.06541633605957,-13.196768760681152,9.751161575317383,-1.138492226600647,10.715840339660645,-9.835031509399414,8.696111679077148
audio_713.wav,train,60.0746875,16000,0.0410207137465477,0.04808888956904411,0.937896728515625,0.49148029818956335,0.5915867944621939,102.63362906904881,132.5121137142482,18.22353952418132,0.20451938356962193,0.1492407564696822,2047.5914400024078,1279.0757408261109,1642.3616848247877,599.9708945266817,3767.9546059637914,2189.651962541943,-351.5400695800781,113.89544677734375,79.52767181396484,76.80752563476562,7.638110637664795,36.45577621459961,15.638914108276367,34.45505905151367,5.570693016052246,23.983430862426758,-3.796247720718384,20.668514251708984,-7.733376502990723,16.33213233947754,-8.990209579467773,15.559800148010254,-9.555353164672852,14.833074569702148,-5.1047492027282715,13.154139518737793,-5.909952640533447,13.352025985717773,-0.014316067099571228,10.586536407470703,-6.398529052734375,10.581787109375
audio_354.wav,train,60.0746875,16000,0.04435711354017258,0.04247233271598816,0.778900146484375,0.45420660276890307,0.6240681576144835,124.18608452867444,23.89087779774646,33.7128223692215,0.10184070071219382,0.12901577521762297,1236.2746858803791,1132.2139594344378,1218.6514968707663,496.05922136342366,2150.829506123536,1785.2911079759692,-338.0938720703125,95.67801666259766,103.5783920288086,67.22442626953125,29.829668045043945,30.924983978271484,19.43398094177246,28.34633445739746,8.286245346069336,19.62135124206543,19.885541915893555,18.946147918701172,1.365671992301941,17.26753044128418,1.2350202798843384,17.522872924804688,-11.548364639282227,16.755586624145508,-7.212167739868164,15.747523307800293,-0.4288836419582367,10.522038459777832,3.286383867263794,10.564783096313477,-1.1845096349716187,8.70173168182373
audio_768.wav,train,60.0746875,16000,0.049949564039707184,0.05139681696891785,0.945953369140625,0.4387646432374867,0.6608093716719915,113.87914162255151,323.54115436694843,24.739322946750733,0.14022199896831736,0.11689015146734008,1719.6348226998332,1009.1234706496823,1447.2257441602255,491.50883656952044,3186.019036208733,1697.7602365086198,-300.3928527832031,130.3949737548828,83.52083587646484,69.33306884765625,-1.5431936979293823,39.50124740600586,31.11481285095215,33.41136169433594,-15.12822437286377,27.972047805786133,4.681117534637451,21.894323348999023,-9.316682815551758,21.211711883544922,-2.235919952392578,15.427861213684082,-2.8595004081726074,11.87488842010498,1.0463645458221436,12.12038516998291,-1.4299895763397217,11.506767272949219,-4.746920585632324,8.824966430664062,-1.6587928533554077,7.814985752105713
audio_14.wav,train,45.06,16000,0.0033018027897924185,0.002775426022708416,0.0654296875,0.33144073811213626,0.8119233498935415,104.42763330455712,18.52185807883518,16.81056615707159,0.10859042317246274,0.11505389995544697,1621.5884299133577,1006.7503846685663,1650.4359378624724,419.68809496311894,3050.5677785663593,1681.5819007097307,-535.6068115234375,100.2542495727539,101.91524505615234,51.47425079345703,7.7022175788879395,35.990474700927734,19.859790802001953,28.139944076538086,10.012282371520996,18.747827529907227,13.455779075622559,16.008136749267578,1.2135416269302368,18.571863174438477,-2.753828287124634,13.960917472839355,-11.176934242248535,16.578319549560547,-0.8336029052734375,10.216704368591309,1.9708678722381592,8.933306694030762,-4.424157619476318,9.42645263671875,-2.171172618865967,9.412257194519043
audio_208.wav,train,60.07475,16000,0.06485772132873535,0.05602310225367546,0.921539306640625,0.3258785942492013,0.6586794462193823,184.9972113558172,367.50167302133883,19.35468398093181,0.13586880782414804,0.09436642612405231,1234.4411616483774,660.9137947669399,995.7527426034635,317.6186779379468,2176.2305311501595,1165.7054561947216,-355.3154296875,131.44638061523438,107.14442443847656,69.34426879882812,-9.806253433227539,39.62101364135742,36.000953674316406,35.40812301635742,-10.215810775756836,21.075599670410156,-11.944430351257324,17.706668853759766,-8.550301551818848,16.04142951965332,-18.942171096801758,15.936563491821289,6.8032379150390625,17.83285140991211,-11.144109725952148,12.584236145019531,-11.058283805847168,12.375149726867676,-4.840423107147217,10.11912727355957,-10.945920944213867,11.160710334777832
audio_418.wav,train,60.615,16000,0.015802044421434402,0.015232876874506474,0.261505126953125,0.37519788918205804,0.8184696569920844,210.06515286029162,148.64985557039185,38.65963013630591,0.08201913959432718,0.060641948324647865,1382.781768594948,1010.3459225958286,1229.562303214885,798.4933230986205,2639.2851253298154,2217.584287777407,-530.283935546875,99.18473815917969,90.6607437133789,66.22343444824219,13.80331039428711,38.56295394897461,12.113631248474121,31.49916648864746,-14.471790313720703,21.04222869873047,-31.163114547729492,33.12617874145508,-17.955488204956055,21.120243072509766,-7.7972493171691895,15.790921211242676,-3.5309219360351562,15.52697467803955,-1.4925005435943604,12.739155769348145,-6.035173416137695,12.377325057983398,-8.626667022705078,12.834794044494629,-4.104861259460449,10.565109252929688
audio_212.wav,train,60.07475,16000,0.0637492686510086,0.05928688868880272,0.948516845703125,0.32161874334398294,0.6996805111821086,216.22053167995523,265.0956164528219,44.525485760133364,0.11856368352302982,0.08324476397348916,1206.2570405621484,845.6800761919445,803.1617012052426,499.65260067498934,1917.066027689031,1351.7583961664398,-354.6195373535156,94.83755493164062,100.53071594238281,67.23357391357422,-3.1964612007141113,54.932708740234375,4.843347549438477,41.19279479980469,-16.382963180541992,24.150245666503906,-26.640100479125977,26.06499481201172,-16.895456314086914,20.822755813598633,-13.965394020080566,20.1202449798584,-5.762857437133789,14.57262134552002,-11.594573974609375,14.009366989135742,-10.48890209197998,11.946748733520508,-5.707156181335449,11.6775541305542,-10.080044746398926,10.68720817565918
audio_177.wav,train,60.08,16000,0.030820803716778755,0.03208092972636223,0.563507080078125,0.42385516506922255,0.7199148029818956,144.30989148811935,23.52607726520702,21.443938790659303,0.11634301783812566,0.11840423340353022,1496.9124894415534,990.3629300229865,1578.0459985004848,472.5482926530054,2857.5487553248136,1761.4100601240896,-373.940673828125,93.48761749267578,96.61035919189453,45.309452056884766,14.920890808105469,27.73500633239746,21.09368324279785,31.182241439819336,8.8784818649292,20.127208709716797,-1.1689045429229736,18.771440505981445,-4.925643444061279,17.01100730895996,-9.159339904785156,15.863980293273926,-4.342548847198486,14.017484664916992,-6.539152145385742,12.667617797851562,-4.52370023727417,10.190860748291016,0.46133774518966675,9.8455810546875,-3.76332426071167,10.89897632598877
audio_503.wav,train,60.0746875,16000,0.0749516412615776,0.05554226413369179,0.879608154296875,0.2417465388711395,0.8146964856230032,216.22053167995523,20.540715175255713,20.222406948543153,0.12244679346379127,0.09255405882692419,1769.605609254847,860.3228372400381,1731.9389877354595,384.42071406798743,3712.676384451544,1499.6350984444523,-258.0394592285156,71.04105377197266,93.13848876953125,31.242202758789062,5.626216888427734,26.432226181030273,18.559389114379883,28.464366912841797,-14.666772842407227,26.70003318786621,5.456292629241943,13.395195960998535,-18.138919830322266,16.33565330505371,7.754734992980957,12.332514762878418,-15.375740051269531,14.99744987487793,-6.084991455078125,10.512484550476074,-5.603957176208496,10.32178783416748,-16.127168655395508,13.974534034729004,1.0103027820587158,13.418632507324219
audio_564.wav,train,60.0746875,16000,0.023065194487571716,0.04343676194548607,0.874603271484375,0.751863684771033,0.691160809371672,108.73654223881857,97.6281221398666,59.43981779034712,0.1347513249633919,0.08669033713186755,1726.6786166220845,703.4515506448215,1664.0531382173692,379.0511023557042,3405.9213591586795,1244.1935912151157,-435.9168701171875,130.79978942871094,63.89364242553711,46.547760009765625,5.296276092529297,29.526090621948242,13.960766792297363,28.597925186157227,-4.944946765899658,17.192283630371094,0.4163871705532074,16.368606567382812,2.53251314163208,12.419635772705078,-9.301490783691406,14.908720970153809,-5.43848991394043,9.145097732543945,-4.07155179977417,11.441795349121094,-1.4818131923675537,9.510478973388672,2.9165220260620117,8.984583854675293,-4.32400369644165,10.695918083190918
audio_257.wav,train,60.08,16000,0.033472832292318344,0.028566673398017883,0.655059814453125,0.31576144834930775,0.5425985090521832,168.66611791365605,28.552016791419433,14.745585944487175,0.2678693257454739,0.2030045852675469,2360.970598337743,1486.1019396106676,1685.0803205186894,466.48728415948517,3992.420460596379,2157.191300887274,-344.4602966308594,117.06021118164062,62.0819091796875,75.33260345458984,11.740816116333008,38.430885314941406,4.143272399902344,26.816511154174805,-18.682729721069336,22.448135375976562,-5.023188591003418,18.715383529663086,-11.848593711853027,14.60770320892334,-4.84215784072876,16.048675537109375,-11.31586742401123,12.073286056518555,-9.943042755126953,10.83150577545166,-12.805153846740723,11.517607688903809,-5.78728723526001,8.303556442260742,-8.82759952545166,8.77213191986084
audio_408.wav,train,34.0906875,16000,0.04708920046687126,0.03215368464589119,0.565521240234375,0.20168855534709193,0.8217636022514071,208.85526660911424,179.97735858906384,28.00913501866097,0.1501675546728424,0.11971746828920382,1924.4409792236036,1117.0576326504297,1653.295211425479,466.38476821379305,3483.8399976547844,1794.760416857615,-306.1645202636719,103.25694274902344,81.41187286376953,54.51930236816406,4.649080276489258,46.267433166503906,19.73836898803711,37.37448501586914,-4.7005205154418945,20.66307830810547,-7.025859355926514,22.499685287475586,-13.370851516723633,18.182140350341797,-16.66425132751465,16.9971866607666,-2.3935787677764893,15.951912879943848,-10.845817565917969,14.41236686706543,-21.286815643310547,15.224437713623047,3.0619404315948486,13.591338157653809,-6.9816155433654785,12.565511703491211
audio_468.wav,train,60.0746875,16000,0.05995817482471466,0.050250597298145294,0.816925048828125,0.30404685835995743,0.724174653887114,115.20235351026894,272.8449863851814,16.45157313848614,0.11362211087260383,0.08576456724083953,1204.7131993984754,744.7367873936461,1182.1248807577686,490.52831084236425,2101.5125798722047,1391.1194850387033,-310.7030944824219,66.02640533447266,141.7126922607422,52.75677490234375,-10.190962791442871,24.399845123291016,4.427008152008057,28.468908309936523,13.407146453857422,21.364477157592773,-13.056093215942383,16.15264320373535,-15.410128593444824,18.555280685424805,-2.247788667678833,14.036102294921875,-11.709450721740723,13.010883331298828,-5.7107930183410645,15.95000171661377,1.1556328535079956,13.076085090637207,-2.6055431365966797,10.98542308807373,-0.5510304570198059,10.059774398803711
audio_574.wav,train,60.0746875,16000,0.046522174030542374,0.05101971700787544,0.92041015625,0.4643237486687966,0.7497337593184239,290.2917403700367,87.51413823609695,55.9592825761747,0.17331410368410544,0.10329240295555661,2102.353649096701,952.3641286834622,1754.3289729431613,471.0052288980416,3923.0730830670927,1654.922187247878,-289.5747985839844,87.75308227539062,67.20145416259766,34.13204574584961,-2.8617827892303467,33.188323974609375,-1.0060011148452759,26.863012313842773,-21.17474937438965,26.05530548095703,-23.535173416137695,22.355884552001953,-16.225683212280273,17.066686630249023,-3.7169134616851807,17.657045364379883,-4.273409843444824,14.057751655578613,-3.1102659702301025,13.171991348266602,-6.341953754425049,12.153759002685547,-0.9693936705589294,11.07861042022705,-6.951269626617432,12.053845405578613
audio_26.wav,train,45.06,16000,0.04431327059864998,0.0302701648324728,0.463287353515625,0.2100780695528744,0.893541518807665,114.5388367788287,29.62325792967399,33.57171439567709,0.11102004690826828,0.10530711560759565,1794.942659570979,950.7532876302574,1887.569936165132,412.2558891040453,3670.7050656493966,1705.3910434190245,-245.6181182861328,51.8602294921875,85.55438232421875,36.519474029541016,10.98224925994873,23.520681381225586,23.07451820373535,16.06447410583496,16.09718132019043,14.640153884887695,1.012155294418335,12.977812767028809,-4.867372512817383,12.376325607299805,1.606440782546997,11.662386894226074,9.050896644592285,10.357124328613281,9.502283096313477,10.981801986694336,0.23480108380317688,7.679444313049316,-1.8143030405044556,8.030190467834473,-4.564666748046875,8.236583709716797
audio_480.wav,train,60.7003125,16000,0.03983790799975395,0.04288492724299431,0.98583984375,0.44913020558777017,0.6663152345809172,122.40616380839376,12.183925785873926,9.246974430648308,0.1407714586353453,0.11013385012123782,1614.1076827979784,986.6378428155642,1274.8687874356,445.4547653380905,2934.8271942540855,1604.6092660307986,-342.04638671875,132.6741943359375,92.90319061279297,65.22030639648438,-19.914081573486328,34.559879302978516,26.634292602539062,31.650854110717773,-11.849631309509277,19.500247955322266,-5.059335231781006,15.169539451599121,-2.006424903869629,13.632113456726074,-20.32844352722168,16.88982391357422,-3.2223050594329834,13.336356163024902,-4.680177688598633,10.68420696258545,-12.84538459777832,10.467025756835938,-6.593542098999023,9.454124450683594,-6.768906593322754,8.771968841552734
audio_706.wav,train,60.0746875,16000,0.05398869141936302,0.048758797347545624,0.913421630859375,0.34930777422790205,0.7273695420660277,129.31026969119696,37.42130030230016,20.59970908414813,0.142546144918131,0.11899376567938554,1619.4335028847884,1193.4555506042627,1380.2043123685996,561.0994486609716,2884.93410543131,1938.6914222290402,-344.2380065917969,113.75945281982422,83.90283966064453,77.22887420654297,23.98702049255371,40.90579605102539,20.264368057250977,41.235321044921875,-4.94637393951416,23.541505813598633,10.107872009277344,24.67523956298828,-0.7958385944366455,21.083036422729492,-14.855718612670898,18.16354751586914,-5.456169605255127,16.810232162475586,-16.803699493408203,17.215410232543945,-5.221092224121094,12.18465805053711,-6.5908203125,11.500514030456543,-11.340266227722168,11.769062995910645
audio_57.wav,train,45.06,16000,0.04128987714648247,0.03329292684793472,0.785797119140625,0.29879347054648686,0.7877927608232789,233.08188075904494,57.35107749239498,45.66806230459167,0.11829159088892832,0.05708946191670127,1625.1867887739484,536.3142243384236,1511.6374894330124,402.04549564421905,3104.5732789212207,1158.5969229475459,-288.1999206542969,72.61941528320312,95.41740417480469,31.389892578125,-21.25187110900879,33.87885665893555,35.751380920410156,28.463760375976562,-13.876984596252441,24.926651000976562,-3.0873284339904785,18.161470413208008,-4.1891398429870605,13.400131225585938,-5.245936393737793,14.535314559936523,11.118757247924805,12.289642333984375,-2.8340442180633545,10.708727836608887,4.141120433807373,9.884917259216309,11.4987211227417,8.932621955871582,2.4322311878204346,8.993206977844238
audio_209.wav,train,60.01075,16000,0.0630648136138916,0.06003917381167412,0.941131591796875,0.3582089552238806,0.667910447761194,151.1349012203898,29.58620214104105,16.836506206039473,0.11390747851146056,0.07549367357889572,1225.4133165562964,525.6194387629532,1015.8052757500303,226.28624687697007,2281.354111140725,940.7210213151413,-304.740234375,109.28726959228516,98.72257995605469,50.77860641479492,-13.15146541595459,42.58208084106445,37.176963806152344,36.76153564453125,-23.280105590820312,23.30136489868164,-14.428009033203125,18.33897590637207,-2.966562271118164,15.253238677978516,-30.623497009277344,20.100954055786133,-0.9407967329025269,13.392603874206543,-4.977384567260742,10.726713180541992,-3.4316723346710205,8.615338325500488,2.7627124786376953,9.284597396850586,-9.174691200256348,8.736729621887207
audio_712.wav,train,60.0746875,16000,0.04709460958838463,0.0530095212161541,0.890625,0.4478168264110756,0.5692225772097976,105.03257643014581,416.1928946961904,23.216320665149183,0.2116538018337327,0.14737207290988336,2056.9158595906556,1294.0786864993809,1635.8383436636072,624.655089025882,3760.1254659211927,2238.1626022687087,-351.39453125,124.75377655029297,86.61073303222656,79.59873962402344,8.360488891601562,35.73971939086914,13.64352035522461,31.933692932128906,5.5900797843933105,23.484838485717773,-2.5599722862243652,19.892656326293945,-9.407928466796875,17.304750442504883,-11.762096405029297,15.157397270202637,-11.361001968383789,15.907930374145508,-1.5414173603057861,12.119879722595215,-4.227025985717773,12.734066009521484,-1.146329402923584,9.593422889709473,-5.725342750549316,9.628671646118164
audio_353.wav,train,56.0,16000,0.032037682831287384,0.03461802750825882,0.468994140625,0.4397487150199886,0.7075956596230726,169.64319079487348,49.35987014388954,87.82887736693351,0.13901152466447744,0.1152739547417684,1998.2651136936386,1042.0745017509093,1818.5206872924705,534.1683375300486,3953.7541047972586,1980.5064314754607,-370.0801696777344,108.45818328857422,76.60834503173828,53.34516906738281,16.1912841796875,34.60523986816406,22.526569366455078,31.122604370117188,-6.762498378753662,26.80306625366211,1.0321612358093262,16.86090850830078,-1.3455924987792969,13.785541534423828,10.075240135192871,13.6826810836792,-6.777962684631348,13.933426856994629,1.3444315195083618,13.052690505981445,-1.734791874885559,11.144329071044922,-4.749179363250732,12.70228099822998,-4.061026096343994,10.608499526977539
audio_575.wav,train,60.0746875,16000,0.04390254244208336,0.04963311925530434,0.9376220703125,0.5186368477103301,0.6661341853035144,282.02769802256034,100.77891241859064,50.71448477452293,0.16152515350439298,0.0911064109100667,1950.5245488891408,866.2383893142201,1656.5052233220442,429.4863114164726,3591.6117545260918,1525.117871653983,-287.6527404785156,97.26536560058594,74.51793670654297,37.38845443725586,-13.120722770690918,35.429359436035156,-4.2124152183532715,24.229738235473633,-16.84889793395996,25.392900466918945,-16.38623046875,20.87664031982422,-15.159971237182617,16.149269104003906,-5.443850040435791,14.678689002990723,-4.90765905380249,12.347105979919434,-0.14586062729358673,13.41482162475586,-9.421566009521484,11.882478713989258,-1.577227234840393,11.99952220916748,-4.44195556640625,10.91150188446045
audio_383.wav,train,60.0746875,16000,0.05284292250871658,0.058378420770168304,0.91229248046875,0.44515441959531415,0.5841320553780618,194.86885420251932,50.305801288369175,26.133447036819547,0.14853682025425985,0.14295178624923027,1802.3062951153372,1112.3615373466412,1593.128917262278,399.39820780511894,3341.661674653887,1687.1637356828705,-338.9540100097656,120.29247283935547,53.12565612792969,52.26294708251953,29.212493896484375,35.79606628417969,22.0509033203125,31.5653133392334,-30.219884872436523,31.571475982666016,-7.0511627197265625,17.190675735473633,-12.844258308410645,16.92128562927246,-3.4553346633911133,13.64836311340332,-5.532137870788574,12.618583679199219,-0.296175479888916,9.997568130493164,-8.871867179870605,11.412433624267578,-4.911308765411377,9.931132316589355,-4.06355619430542,9.855910301208496
audio_781.wav,train,60.615,16000,0.03280850872397423,0.03226440027356148,0.557403564453125,0.40633245382585753,0.49868073878627966,133.87038650376502,326.74499345568086,9.281045797239074,0.2106705557387863,0.17930217873839208,2127.992817156056,1490.835035580227,1559.1421549488973,664.2247554204222,3706.9343667546173,2388.1380702401134,-414.81884765625,150.0398406982422,79.00565338134766,86.94471740722656,9.331562995910645,36.17790222167969,20.229686737060547,37.77487564086914,-1.9826754331588745,19.53426742553711,-5.3379340171813965,21.547224044799805,-6.612637042999268,18.90924644470215,-7.916755676269531,15.728134155273438,-7.313038349151611,16.551692962646484,-4.322717666625977,15.14330768585205,-5.620770454406738,12.151912689208984,-8.127196311950684,12.52171802520752,-5.947944641113281,12.359233856201172
audio_118.wav,train,45.06,16000,0.015920020639896393,0.016944775357842445,0.354766845703125,0.43718949609652236,0.7544357700496807,125.62905732418486,19.052941154812867,16.55840943459971,0.12959864598119233,0.1039522206739364,1733.880641035589,918.5779939889416,1668.4886452413095,414.60251036352696,3405.7842441447833,1577.8054191614963,-431.1929016113281,121.01146697998047,87.7806396484375,49.18321228027344,12.46645450592041,23.320110321044922,17.19760513305664,24.315439224243164,-8.62451171875,17.63544464111328,-3.4822616577148438,17.28380012512207,-14.983681678771973,19.904708862304688,5.647891044616699,12.37944221496582,-14.397241592407227,17.0222110748291,-8.18671703338623,11.027289390563965,-1.6943103075027466,8.671485900878906,-5.418460369110107,9.640450477600098,-7.879324913024902,9.097176551818848
audio_337.wav,train,60.0746875,16000,0.04066456854343414,0.0312856063246727,0.957763671875,0.22417465388711394,0.4174653887113951,85.80717486147108,11.800701404093433,16.23963166536491,0.18947314505125132,0.12775843877803245,2007.534552884472,1189.9900493744694,1516.6707676717438,461.3762050915903,3526.44934771033,1845.606658752692,-290.99920654296875,105.59149932861328,84.69547271728516,85.7421875,0.41770172119140625,47.11705780029297,19.927221298217773,41.707427978515625,-8.356627464294434,28.07594871520996,-0.7969951033592224,22.663455963134766,-14.583917617797852,22.258319854736328,-5.155659198760986,17.35265350341797,6.996508598327637,19.374860763549805,-4.542230129241943,17.468971252441406,-23.665517807006836,13.334338188171387,-0.07208550721406937,12.976692199707031,-0.24391567707061768,12.062408447265625
audio_715.wav,train,60.0746875,16000,0.04695430025458336,0.03466024622321129,0.64300537109375,0.2470713525026624,0.6821086261980831,97.99885899543732,10.877836060322132,7.4246073583730805,0.13715685112153886,0.11128886434308702,1459.7720657887348,1063.9348668089654,1507.7051323894086,541.4573559763955,2612.232927316294,2095.1968708902223,-313.7261657714844,63.31330871582031,118.3412857055664,56.61216735839844,32.25746154785156,24.059261322021484,11.494317054748535,28.4702205657959,-7.967714309692383,22.211315155029297,0.07401159405708313,15.55457592010498,-12.607723236083984,15.564413070678711,-1.748495101928711,13.341704368591309,-8.614425659179688,13.407870292663574,1.2478375434875488,14.18393325805664,-4.082527160644531,11.179683685302734,0.598066508769989,9.273812294006348,-4.340075492858887,9.245570182800293
audio_323.wav,train,60.0746875,16000,0.03235750272870064,0.0345388688147068,0.865234375,0.46592119275825344,0.5106496272630457,89.86534992826049,17.83003405114251,20.70136859730019,0.19008674662207134,0.15524986583683592,2326.133889287192,1258.7934627722104,1792.1275880458047,375.707327987407,4307.6743876464325,1497.0550009701171,-350.1850280761719,135.96728515625,49.71889877319336,65.258056640625,19.318357467651367,40.84469985961914,38.07398223876953,38.14155960083008,-0.3863958418369293,23.407411575317383,7.486223220825195,20.377025604248047,-2.5425055027008057,20.70873260498047,-2.942793607711792,16.80913543701172,-2.607235908508301,14.836714744567871,-5.477690696716309,15.426372528076172,0.12321487069129944,13.002949714660645,1.6150175333023071,13.652778625488281,-0.21760186553001404,10.720132827758789
audio_374.wav,train,60.0746875,16000,0.03586847707629204,0.03648489713668823,0.498260498046875,0.4233226837060703,0.5899893503727369,187.14677540918822,33.339319184493164,25.964831766305764,0.15134014743077742,0.1229587126003267,1810.4785467929696,1183.8858489661638,1472.9024574800994,599.2308909690603,3327.7505990415334,2008.8756895121742,-436.4997253417969,128.97032165527344,72.1850357055664,71.82330322265625,9.146326065063477,40.50001525878906,19.62578582763672,36.10472869873047,-7.967418193817139,21.32505989074707,-16.730667114257812,22.159011840820312,-16.05176544189453,18.319753646850586,1.3057562112808228,15.198738098144531,-18.834964752197266,19.27800750732422,-3.529019832611084,10.551825523376465,-7.078220844268799,9.97053050994873,-23.93427276611328,20.002737045288086,-2.4205641746520996,11.30985164642334
audio_348.wav,train,57.6,16000,0.038934528827667236,0.04658142104744911,0.68536376953125,0.5680177679067185,0.637423653525819,106.252996181733,26.04058263884081,40.00659935730911,0.0714926711722654,0.08993778701897465,1015.545932611018,874.7518814998899,1217.388446373484,457.1560767726852,1816.8942601332592,1603.866348014526,-376.89471435546875,95.99958038330078,115.58174133300781,55.55206298828125,37.63114929199219,31.067668914794922,25.151622772216797,25.080371856689453,12.584956169128418,16.24944305419922,19.067184448242188,19.075376510620117,2.0726752281188965,15.540702819824219,-0.5727347731590271,18.773805618286133,-6.7570390701293945,17.79569435119629,3.299421787261963,14.008503913879395,1.3140573501586914,11.411338806152344,1.3556612730026245,10.659098625183105,1.9626268148422241,9.220257759094238
audio_547.wav,train,60.0746875,16000,0.04940884932875633,0.06076376885175705,0.990020751953125,0.5324813631522897,0.7145899893503728,246.94165062806206,116.80566320080554,38.88707250648625,0.08049672607161874,0.03397073207946664,955.2656023146236,369.22335076420154,940.4586719914577,455.22792091412146,1588.7039070820022,739.365271001836,-361.7847595214844,79.94343566894531,86.86446380615234,58.952369689941406,2.200310707092285,28.455904006958008,-8.554951667785645,29.740140914916992,-0.15575489401817322,17.427536010742188,-9.122871398925781,18.30975341796875,-11.673321723937988,14.987613677978516,-6.817455768585205,12.271668434143066,-6.111992835998535,10.938623428344727,-5.152249336242676,9.560504913330078,-4.982817649841309,8.530452728271484,-5.680182456970215,8.325458526611328,-5.805735111236572,8.084183692932129
audio_41.wav,train,43.8,16000,0.010997362434864044,0.0015473485691472888,0.119781494140625,0.0,0.9846603360116873,65.40639132514966,0.6091152819697442,0.0,0.04527818834459459,0.035390229605853224,1607.7684442261295,689.0076908444366,1724.7923696254563,326.0927125023249,3307.6549945215484,1163.11877521888,-414.0924987792969,64.65715026855469,70.5291748046875,40.26531219482422,2.4502649307250977,36.30652618408203,52.32726287841797,30.815000534057617,9.609996795654297,18.84115219116211,15.488532066345215,15.205188751220703,8.390799522399902,13.74049186706543,16.002178192138672,10.309066772460938,13.997794151306152,9.590323448181152,10.322088241577148,9.947020530700684,3.4924228191375732,8.625574111938477,17.775482177734375,8.298399925231934,3.3770837783813477,8.675461769104004
audio_284.wav,train,60.0746875,16000,0.04788568243384361,0.057770054787397385,0.944732666015625,0.46485623003194887,0.5090521831735889,184.9972113558172,110.00419452018454,46.46826945478597,0.1523741700778754,0.13625030550140055,1908.7318840800979,1359.5815196020283,1508.9670787502662,579.4149148350635,3279.852236421725,2159.3231573143044,-355.6249084472656,109.49284362792969,70.23956298828125,70.9181137084961,11.714201927185059,35.62905502319336,-7.782333850860596,30.426273345947266,-9.242714881896973,20.522602081298828,-14.718427658081055,20.760440826416016,-19.91950798034668,17.799785614013672,-0.2957581579685211,13.530773162841797,-8.753628730773926,14.124626159667969,3.604534387588501,11.367279052734375,-0.42167291045188904,9.438791275024414,-0.5475413799285889,8.221644401550293,-6.6609039306640625,8.334270477294922
audio_13.wav,train,45.0220625,16000,0.05516597628593445,0.04112745448946953,0.76165771484375,0.2658137882018479,0.7533759772565742,133.09934981412218,26.03053443233713,19.516812860833483,0.14946507695895522,0.12223709402789697,1895.8168906806866,1057.5422083856358,1564.22839329071,474.87417116502456,3598.3531005685854,1620.1591302482627,-317.32122802734375,147.3763885498047,81.09942626953125,62.376399993896484,-12.660478591918945,42.43135452270508,50.299739837646484,37.964115142822266,-4.844025135040283,23.754732131958008,-13.7515230178833,20.46526527404785,-10.079184532165527,18.480188369750977,-13.851446151733398,18.739843368530273,-6.384578704833984,15.60627555847168,-20.481929779052734,16.07415008544922,-7.741816997528076,11.304922103881836,-5.6103105545043945,10.48987102508545,-10.874037742614746,14.700748443603516
audio_548.wav,train,60.0746875,16000,0.042394835501909256,0.03921627253293991,0.748077392578125,0.3514376996805112,0.5905218317358892,127.08879665595002,60.77654695216942,17.142340482245203,0.13115733576277955,0.10412953805880686,1829.9193024359063,989.4228366635175,1776.0136158356272,404.0098038619503,3599.1580138445156,1658.9850494122898,-291.4526062011719,88.0645751953125,94.80570983886719,43.30976867675781,16.20537567138672,34.409915924072266,19.650043487548828,32.57801818847656,-7.354363441467285,17.17715072631836,-9.068909645080566,17.911590576171875,-7.677996635437012,15.733945846557617,-9.35495662689209,15.695570945739746,-12.061290740966797,14.894822120666504,-4.9287028312683105,13.410131454467773,3.7786214351654053,14.463106155395508,-10.67794132232666,14.970296859741211,-0.7029206156730652,10.298384666442871
audio_687.wav,train,61.0346875,16000,0.06456739455461502,0.05590986832976341,0.794891357421875,0.3307127882599581,0.7274633123689728,187.14677540918822,33.955160624714196,27.600941442088356,0.15257304769392033,0.14051482255545075,1753.997589561573,1205.5489690880563,1543.9598717804577,570.1354596339763,3235.529677672956,1998.9708891538057,-316.95458984375,125.33232116699219,76.5280532836914,63.529720306396484,10.326953887939453,41.164215087890625,11.601277351379395,32.842350006103516,-13.53596305847168,23.046810150146484,-9.176224708557129,20.893861770629883,-16.545095443725586,17.71107292175293,-11.564414024353027,15.674707412719727,-3.4942595958709717,15.239625930786133,-1.0181812047958374,10.696100234985352,-5.103732585906982,10.2493257522583,-9.325613975524902,12.090620994567871,-2.815195322036743,9.816049575805664
audio_104.wav,train,45.06,16000,0.008663193322718143,0.006570945028215647,0.1170654296875,0.28601845280340665,0.7210787792760823,218.73289323986043,26.558082724432925,14.268447493985946,0.1660929044313343,0.12105675470644903,1973.1479224012107,1064.6623970233525,1777.4497100205162,429.2960929809701,3775.0676454932577,1815.1623824164956,-457.0408935546875,88.31739044189453,73.09015655517578,44.848876953125,2.5375890731811523,27.105514526367188,8.33458423614502,25.642566680908203,-19.705570220947266,17.364126205444336,-10.016664505004883,12.957674026489258,-14.951294898986816,11.847601890563965,-9.691235542297363,12.407289505004883,-13.145004272460938,11.931014060974121,-9.847801208496094,9.484397888183594,-14.898514747619629,9.0559663772583,-10.934819221496582,9.97904109954834,-5.318348407745361,8.070189476013184
audio_181.wav,train,60.07475,16000,0.05273754522204399,0.045179907232522964,0.999969482421875,0.33759318423855167,0.7050053248136315,205.2672581380976,182.34211433372528,48.111868044960545,0.11631415776424388,0.0748744057530318,1221.2278172407043,504.6840815301862,982.0772321412417,216.37281415350958,2247.845114483493,920.9258019120704,-317.38360595703125,96.59930419921875,112.383544921875,41.279022216796875,-32.04849624633789,38.996768951416016,30.711557388305664,33.438377380371094,-12.797124862670898,18.933271408081055,-3.742619514465332,15.811153411865234,5.880392074584961,17.16518783569336,-20.59966468811035,20.65477752685547,4.487315654754639,15.591421127319336,-11.348553657531738,12.745421409606934,-10.278863906860352,11.594206809997559,4.391437530517578,9.522645950317383,-7.973182201385498,10.30174446105957
audio_755.wav,train,50.24,16000,0.047124482691287994,0.04346001520752907,0.775482177734375,0.33354551241247615,0.5894334818586887,115.86971395503193,14.47588230169601,9.372609333197374,0.15439011775938893,0.11595985414610108,1688.7188795453976,978.4749568677424,1385.7249929638983,471.07483046522583,3114.8004853596435,1528.9567606862404,-337.8399963378906,141.04270935058594,87.79776000976562,73.90969848632812,-8.266013145446777,33.010433197021484,41.93086624145508,31.55592918395996,-3.7818384170532227,20.365140914916992,-20.239957809448242,22.380401611328125,-2.691962242126465,15.758584976196289,-1.1279631853103638,15.826494216918945,-17.80710220336914,16.15079689025879,-2.8919906616210938,11.936030387878418,-6.611936092376709,10.801133155822754,-3.1157100200653076,10.01254653930664,2.791139602661133,10.534357070922852
audio_733.wav,train,60.0106875,16000,0.020473841577768326,0.02154737524688244,0.741302490234375,0.44029850746268656,0.40405117270788915,226.44649206156825,646.8480525224436,224.28899404805927,0.275844289295709,0.13312133454224814,2691.1756867952245,883.606460986633,1504.299441181262,278.6264767206776,4283.981876332623,867.1467289276727,-402.7720031738281,117.37244415283203,21.975521087646484,53.117919921875,-19.648874282836914,41.76789093017578,21.69796371459961,37.32611846923828,-48.25366973876953,32.37873077392578,5.582965850830078,20.4918212890625,-42.32753372192383,28.474863052368164,-17.469133377075195,22.51101303100586,-5.316956996917725,18.235212326049805,-26.720972061157227,18.167539596557617,0.1479441374540329,12.924668312072754,-0.787265419960022,13.217591285705566,-4.8860883712768555,10.342093467712402
audio_5072.wav,train,60.0746875,16000,0.1678103357553482,0.021586306393146515,0.949981689453125,0.0,0.13258785942492013,77.33375603922921,57.0882604694873,25.65972746001424,0.4391978043463791,0.05957569822940471,3855.766006195093,149.95549530169086,2363.312389461694,53.768230005796134,6745.382388178914,84.60464549891344,37.444183349609375,6.3605756759643555,3.8772666454315186,6.772537708282471,4.245813846588135,4.644632339477539,1.8096179962158203,4.129150390625,-0.19468872249126434,3.63862943649292,-1.4098608493804932,3.6875522136688232,-1.6683015823364258,3.6874477863311768,-1.8117272853851318,3.547330856323242,-1.9490419626235962,3.5519049167633057,-1.9276090860366821,3.3420727252960205,-1.8188817501068115,3.265650987625122,-1.326709270477295,3.202751874923706,-1.322316288948059,3.124115467071533
audio_776.wav,train,60.0746875,16000,0.04131703078746796,0.047194283455610275,0.960479736328125,0.46485623003194887,0.6916932907348243,167.69467255813382,46.84296683121107,30.861920354957988,0.13871191510250266,0.13292878666248364,1902.1624096477315,1050.6084740903343,1687.0891271368753,370.87769551569994,3574.6264310436636,1439.5458390112772,-353.8121643066406,148.65621948242188,41.47136306762695,48.39643096923828,6.854288578033447,37.24522018432617,29.78494644165039,32.983177185058594,-9.111388206481934,25.233734130859375,-9.755191802978516,18.608837127685547,-9.57280445098877,16.05658721923828,-6.351930618286133,14.23010540008545,-7.132940292358398,13.30344295501709,-8.44218635559082,11.267788887023926,2.1289563179016113,9.862223625183105,-7.845927715301514,11.521247863769531,-0.8583583831787109,9.278732299804688
audio_70.wav,train,60.8,16000,0.023836173117160797,0.026960674673318863,0.568206787109375,0.5118358758548133,0.7275118358758548,227.75828324510303,88.70246486287107,157.4626340603856,0.10332169951670174,0.07346556166398814,1543.656423257854,727.5831341055556,1690.4883763928854,473.55672088098663,3208.114150447133,1570.3819921745646,-420.62066650390625,111.35625457763672,95.82398986816406,38.61381912231445,14.546069145202637,23.39796257019043,22.529817581176758,23.731067657470703,-5.404285430908203,17.480670928955078,1.406113624572754,15.114718437194824,-3.5020453929901123,12.368465423583984,-3.907742500305176,11.352391242980957,-4.347981929779053,11.306601524353027,-3.571765899658203,8.636337280273438,-1.9676342010498047,8.123749732971191,-3.561838150024414,9.177078247070312,-0.9532918334007263,6.237872123718262
audio_49.wav,train,45.66,16000,0.04085777327418327,0.03545377403497696,0.566192626953125,0.3524877365101612,0.4583041345480028,194.86885420251932,64.65486722531199,108.97182661657898,0.10376746452347582,0.07545250955423435,1259.8577481621892,703.699916146108,1218.141470142638,453.93430258876634,2363.3825332866154,1417.0431625351955,-323.3215637207031,82.6465072631836,133.61241149902344,50.293861389160156,-4.417268753051758,26.641326904296875,16.175769805908203,26.48717498779297,-25.812681198120117,17.425281524658203,-10.655960083007812,17.02533721923828,-16.581457138061523,13.164373397827148,-2.3314735889434814,11.774974822998047,-15.257615089416504,12.404438972473145,-7.545745372772217,8.463913917541504,-10.008912086486816,9.334897994995117,-7.299365997314453,7.724893093109131,-0.9532238245010376,7.299352645874023
audio_527.wav,train,60.0746875,16000,0.04890962317585945,0.04563169181346893,0.886199951171875,0.3828541001064963,0.6421725239616614,218.73289323986043,26.03288386395214,26.44220416848856,0.23425773969981364,0.1787877386531544,2278.598946538219,1493.0487315982214,1575.2636470543455,588.3299443034637,3887.2470713525026,2277.7814824178754,-352.24853515625,110.0810546875,54.83102035522461,63.19981384277344,8.34729290008545,43.08376693725586,8.813492774963379,30.50049591064453,-19.25772476196289,25.879531860351562,-21.761978149414062,21.555160522460938,-27.2181339263916,22.2884464263916,-15.56566047668457,16.991533279418945,-8.783493995666504,14.734158515930176,-10.476696968078613,12.127021789550781,-7.753968238830566,10.949440002441406,1.4225571155548096,10.625672340393066,-9.947244644165039,10.23953628540039
audio_273.wav,train,60.0746875,16000,0.0438273623585701,0.037683241069316864,0.8419189453125,0.30244941427050054,0.7060702875399361,97.43442710125966,19.889401545519725,23.875482431598215,0.18678837817824814,0.15410690330063967,2405.333352787951,1185.7954666223948,2052.3268359356034,383.76124508928064,4809.546392438765,1727.3119446867395,-311.6488342285156,141.86473083496094,51.24376678466797,59.597232818603516,29.556737899780273,36.10314178466797,15.221907615661621,33.62946319580078,5.449224948883057,23.920969009399414,1.755342721939087,18.346328735351562,1.276959776878357,16.67486572265625,15.978448867797852,15.790617942810059,-11.65117073059082,17.45888328552246,-0.5838134288787842,16.28778648376465,-7.047257423400879,13.635854721069336,-6.80553674697876,11.473372459411621,-13.450119018554688,12.353811264038086
audio_139.wav,train,60.08,16000,0.028563976287841797,0.03572334721684456,0.683074951171875,0.5244941427050053,0.645367412140575,267.74077300753,600.425750026252,602.3391856774119,0.2696677503494409,0.16326082271337491,2613.7551849394513,1174.2815689760107,1576.6502565380797,384.0021578245722,4294.790834664536,1540.123901197222,-403.60870361328125,151.0818328857422,26.265668869018555,57.6659049987793,-18.272045135498047,40.85126495361328,21.010135650634766,34.51203155517578,-20.37861442565918,27.8682861328125,-3.301903486251831,21.65198516845703,-19.37665557861328,20.250791549682617,-3.154573678970337,14.944757461547852,-11.188846588134766,16.56301498413086,-8.425386428833008,13.82778263092041,-3.7413651943206787,11.956653594970703,-8.094062805175781,13.473283767700195,-3.515519618988037,11.234294891357422
audio_467.wav,train,60.0746875,16000,0.05462900921702385,0.047276999801397324,0.94189453125,0.3136315228966986,0.8189563365282215,234.43211035826653,33.80960343600936,21.79939438877156,0.07808183988951012,0.04040966721290667,892.6853176314245,437.4206044152371,890.663354806948,447.95732014629385,1489.4585330138445,937.2571774026892,-377.3281555175781,76.72433471679688,119.07649993896484,53.22008514404297,3.3211896419525146,34.5634880065918,-4.0880584716796875,32.008785247802734,5.15725564956665,15.172430038452148,-10.61413860321045,18.98899269104004,-12.971583366394043,14.967690467834473,-8.779305458068848,13.191972732543945,-9.752021789550781,14.163012504577637,-7.9486308097839355,11.202312469482422,-7.7854228019714355,9.25008773803711,-7.076375484466553,9.842991828918457,-4.676268100738525,9.263419151306152
audio_407.wav,train,60.0746875,16000,0.0333222895860672,0.030901025980710983,0.54254150390625,0.3466453674121406,0.7358892438764644,206.4563592676515,58.324242498573604,48.92517461925567,0.17296518279086795,0.1566975908504817,2172.5853229900167,1382.8297294693466,1739.9250380364306,475.4660331304568,4019.1152489350375,1893.8891157991466,-369.26507568359375,121.901123046875,61.71210479736328,63.69217300415039,17.533658981323242,49.04232406616211,7.4056806564331055,33.71134567260742,-12.974596977233887,26.81745147705078,5.746532440185547,18.889842987060547,-5.050515651702881,15.992029190063477,-2.711305618286133,14.800487518310547,-7.958856582641602,15.028820037841797,-7.411301136016846,10.750752449035645,-7.6744208335876465,10.391901969909668,-15.271942138671875,10.816287994384766,-6.284664154052734,10.51290512084961
audio_404.wav,train,60.0746875,16000,0.03855230286717415,0.030954062938690186,0.679229736328125,0.27582534611288606,0.6762513312034079,210.06515286029162,98.94224844253958,41.70415671690236,0.1995538908579606,0.18260901337964813,2272.593623838402,1556.5446078619789,1643.6951195162223,478.11207720340644,3925.277888711395,1989.5772324609632,-340.3338928222656,109.94824981689453,61.23231887817383,74.03763580322266,16.150941848754883,53.87937545776367,10.878973007202148,36.1516227722168,-18.36606788635254,28.09531021118164,-5.749019145965576,20.875822067260742,2.0021514892578125,17.84818458557129,-10.46969223022461,17.237930297851562,-10.889079093933105,14.369714736938477,-3.8141567707061768,11.85328197479248,-9.826457977294922,10.916107177734375,-11.947470664978027,13.122904777526855,-12.419010162353516,12.68738842010498
audio_534.wav,train,60.0746875,16000,0.06697524338960648,0.05324687063694,0.93280029296875,0.27582534611288606,0.788604898828541,212.505992363466,156.77106069978714,42.2872260669088,0.1195844461361821,0.10168215945956198,1579.8215334200531,993.0602936338445,1492.926592272695,508.6722512766622,2915.7556243343984,1824.3352915589346,-312.52423095703125,93.20582580566406,89.90558624267578,54.506629943847656,11.4714937210083,34.50400161743164,8.329506874084473,31.729459762573242,-10.622297286987305,19.027050018310547,-21.444751739501953,23.025951385498047,-22.62723731994629,18.096935272216797,1.8868482112884521,15.905458450317383,-10.735943794250488,16.40894889831543,-9.485982894897461,13.405969619750977,-2.772756814956665,10.85071849822998,-13.360803604125977,12.30617618560791,3.121354818344116,13.168291091918945
audio_96.wav,train,45.06,16000,0.010354851372539997,0.011789349839091301,0.227813720703125,0.46202980837473384,0.6465578424414479,121.34967043801211,57.506286646306684,33.67266797065547,0.1063479334856281,0.07317630396315306,1307.2420101755033,516.5193409009486,1152.2524778908646,357.4651518473031,2458.16514371895,756.3536815721953,-498.3518981933594,130.60728454589844,107.68765258789062,62.086402893066406,-26.161800384521484,46.89942169189453,39.97832107543945,36.5167121887207,-0.5668866634368896,19.288204193115234,-23.71039390563965,21.928142547607422,4.840400218963623,14.170794486999512,-16.780126571655273,14.90334701538086,-5.257140159606934,11.596821784973145,-0.034342650324106216,8.434298515319824,-12.8051118850708,8.498461723327637,-2.0157861709594727,9.064408302307129,-6.989361763000488,7.769282817840576
audio_137.wav,train,45.06,16000,0.047481026500463486,0.03021783009171486,0.699920654296875,0.1589779985805536,0.830376153300213,113.87914162255151,20.848821725647444,11.090443606946991,0.09388099383427963,0.07035390781109864,1425.161127236929,657.8720648736899,1439.0118694958758,371.2809617218369,2823.384270759404,1159.7778769402537,-256.6275939941406,71.83489227294922,112.99606323242188,40.70317077636719,-24.553897857666016,31.67106819152832,48.72404098510742,25.147499084472656,11.454097747802734,18.104087829589844,4.546131610870361,16.008705139160156,11.934210777282715,13.455734252929688,0.40451571345329285,13.459784507751465,-2.006131887435913,11.175597190856934,-0.4797716438770294,11.612105369567871,-2.843064069747925,8.258532524108887,7.796694278717041,9.561657905578613,-8.60000991821289,9.566177368164062
audio_150.wav,train,58.624,16000,0.06409057974815369,0.0650036484003067,0.977691650390625,0.41189307146753956,0.7190398254228041,222.55627686642293,157.46043610885224,34.04013099463427,0.05867792723677032,0.03807649938746175,1274.7133636143494,982.8305191346615,1153.9650444106255,673.7427579376445,2284.6085651936714,2016.7712326554608,-390.1678466796875,128.5342254638672,101.29692840576172,73.55797576904297,-2.174776792526245,30.35845375061035,-6.007277011871338,28.73065185546875,-17.690507888793945,25.96234893798828,-0.9121690392494202,16.20333480834961,-11.821850776672363,15.57190990447998,-17.423683166503906,17.598325729370117,-11.251237869262695,14.391973495483398,-7.194137096405029,11.607126235961914,-8.083165168762207,10.343528747558594,-8.667424201965332,9.883906364440918,-4.614957809448242,9.86379337310791
audio_339.wav,train,60.0746875,16000,0.039570920169353485,0.04229043424129486,0.95050048828125,0.3876464323748669,0.3615548455804047,89.86534992826049,502.7191090674105,18.786292789981914,0.19071698823548988,0.14011115972485558,1993.4035165885437,1122.9697026133629,1576.8433976465283,381.9808505360969,3479.1458666134185,1705.6040281940836,-335.1807861328125,148.57920837402344,69.71598052978516,72.82513427734375,-2.8314552307128906,32.43343734741211,15.150829315185547,31.643770217895508,0.02025788649916649,21.748565673828125,-3.0319876670837402,21.79407501220703,-20.609067916870117,21.45052146911621,-22.975812911987305,22.227476119995117,0.4627872705459595,18.26740074157715,-6.737358093261719,14.717325210571289,-16.85638427734375,15.35377025604248,-3.348254442214966,13.507550239562988,-11.831093788146973,15.674415588378906
audio_409.wav,train,59.712,16000,0.045181237161159515,0.038516297936439514,0.8304443359375,0.3208355650776647,0.5088377075522228,191.5211239251473,355.58466408034997,91.50436774150305,0.20489766754820568,0.15076556168296892,2443.4148193495985,1259.0018776476863,1798.178848918489,410.5812724548296,4407.23336234601,1588.4413136436667,-315.1109313964844,134.26040649414062,50.412803649902344,59.03363037109375,9.429597854614258,43.88291931152344,37.583839416503906,34.71409225463867,-6.99092960357666,27.92839241027832,-22.84670066833496,24.379283905029297,-25.717792510986328,26.914690017700195,1.2945767641067505,18.010801315307617,-0.5277315974235535,19.20781898498535,-17.361013412475586,13.534558296203613,0.6835790276527405,12.18555736541748,-3.5508649349212646,13.307058334350586,-8.10169506072998,12.846439361572266
audio_78.wav,train,45.06,16000,0.04407260939478874,0.04372616112232208,0.704010009765625,0.30092264017033354,0.47480482611781405,170.6259238017108,241.2231359747654,26.104357130415423,0.20666529897090136,0.1477939468297299,2392.728474467304,1189.2701038059383,1872.5315643119704,315.175865159818,4460.133516678496,1461.6601661383183,-289.60064697265625,137.08985900878906,51.91643142700195,52.379371643066406,20.48450469970703,33.42100524902344,24.13785171508789,33.32617950439453,-9.200277328491211,19.205581665039062,4.277064323425293,15.851001739501953,-8.001689910888672,13.43292236328125,0.48278072476387024,13.160115242004395,-7.290074348449707,13.784445762634277,-1.1051276922225952,14.000847816467285,-6.703913688659668,10.689470291137695,-2.1301002502441406,11.271135330200195,-4.808338165283203,9.786942481994629
audio_244.wav,train,60.08,16000,0.038571614772081375,0.028487030416727066,0.670745849609375,0.2380191693290735,0.7028753993610224,176.64303400994282,25.460360781860157,18.58771485529897,0.16708942774893504,0.15081847871119294,1796.7939932896188,1211.40759492456,1442.1197226091117,491.1846360522813,3191.5102502662407,1890.6646156689071,-352.3847961425781,128.13558959960938,72.8971176147461,62.13008499145508,-8.100106239318848,48.060237884521484,21.494359970092773,41.45122528076172,-17.37314796447754,29.962482452392578,0.5754159092903137,21.524497985839844,-14.491721153259277,17.995044708251953,-2.75032377243042,17.491941452026367,-16.45640754699707,15.00466251373291,-7.672457218170166,12.816415786743164,-13.093841552734375,12.255898475646973,-14.973779678344727,15.267353057861328,-3.8362977504730225,11.384770393371582
audio_752.wav,train,42.9653125,16000,0.057365819811820984,0.04888973757624626,0.94500732421875,0.3067758749069248,0.5718540580789278,158.2826938011902,44.38194087748213,31.0714371122979,0.18860272303145942,0.1682293628766065,2504.62324316201,1305.941957058588,1823.1674139015813,445.50966411122306,4507.0039091586,1577.2040385691942,-309.3505554199219,110.57614135742188,48.25874710083008,66.23908996582031,39.402931213378906,39.973182678222656,36.188663482666016,35.94882583618164,-8.837080955505371,25.41748809814453,24.75758934020996,20.98219871520996,-13.968748092651367,20.290220260620117,5.927555084228516,19.016399383544922,0.7030689120292664,16.67953109741211,-4.5872087478637695,14.977666854858398,1.0802127122879028,11.545280456542969,2.387376546859741,12.33033561706543,0.40769702196121216,10.245513916015625
audio_508.wav,train,60.0746875,16000,0.07019700855016708,0.05782463774085045,0.925811767578125,0.30138445154419596,0.8152289669861554,216.22053167995523,41.847647751542425,23.810415419559803,0.12273253419528754,0.10875988504344129,1569.8818201889596,915.1406564306521,1461.2109733959132,500.9245901698349,2982.25339456869,1634.9005004663165,-305.7732849121094,117.25909423828125,87.26495361328125,53.71517562866211,3.8339240550994873,36.824729919433594,28.8250789642334,35.33612823486328,-16.00010871887207,22.58837890625,-13.20405387878418,24.215879440307617,-12.156533241271973,21.488794326782227,-2.1943020820617676,18.664113998413086,-7.32814359664917,17.238651275634766,-4.554296970367432,12.200406074523926,-0.5143560767173767,10.895339012145996,-7.292974948883057,12.587387084960938,-3.4229166507720947,9.79892635345459
audio_664.wav,train,60.0746875,16000,0.037774838507175446,0.04499980807304382,0.908477783203125,0.4787007454739084,0.6075612353567625,193.74649219115264,175.58498743215895,42.57891983655597,0.12209865257255059,0.0989978964186637,1680.5456819443039,871.1145684949707,1590.768670950698,437.0179524654718,3195.8865814696487,1422.0676715469815,-356.8783874511719,129.52676391601562,54.961204528808594,47.36382293701172,-7.458369255065918,36.49451446533203,15.769177436828613,33.80364227294922,-2.1371617317199707,25.272876739501953,-3.5556509494781494,22.005290985107422,-4.908911228179932,18.286134719848633,-6.483216762542725,17.63492774963379,5.675978660583496,14.803011894226074,12.451929092407227,12.891786575317383,9.851932525634766,12.278902053833008,-4.384634971618652,13.602170944213867,-3.1108956336975098,11.698097229003906
audio_701.wav,train,60.0746875,16000,0.04233531653881073,0.049342378973960876,0.94158935546875,0.5159744408945687,0.5117145899893504,109.99999999999999,93.8447069845082,80.59314896932966,0.12904873036474973,0.0811939658578177,1552.8246515795724,728.4065224554015,1352.6452630993026,453.1999273615477,2918.0436301916934,1394.5501019160758,-315.705078125,125.91048431396484,81.46619415283203,54.165061950683594,-21.358549118041992,34.81833267211914,14.130620002746582,30.14015769958496,-9.581624984741211,24.90738296508789,-3.656330108642578,15.9525146484375,-6.71623420715332,15.844198226928711,-13.873035430908203,15.357885360717773,-12.520109176635742,15.8814058303833,-12.052391052246094,15.385085105895996,-7.251025676727295,11.214341163635254,-2.597348928451538,11.964162826538086,-9.698596000671387,11.468724250793457
audio_5044.wav,train,24.128,16000,0.08835740387439728,0.02071034163236618,0.949981689453125,0.0,0.304635761589404,75.7863295042113,9.36997572067998,14.551678534848875,0.48051208091887415,0.038430516382026644,3917.8634471182077,192.96863144397784,2305.546501374016,95.4608350413269,6724.472268211921,171.4982972451216,-24.033226013183594,10.337159156799316,-0.3683817684650421,9.135687828063965,0.9609220623970032,5.027646541595459,1.5014348030090332,4.932919502258301,-0.6883533000946045,5.112478256225586,-1.461705207824707,6.191553115844727,-2.804955005645752,6.2938618659973145,-1.0613456964492798,4.373610019683838,-0.5067687630653381,4.048045635223389,-0.2882872521877289,4.525082588195801,0.3184117376804352,3.8001880645751953,0.5739076137542725,3.7684032917022705,1.1392288208007812,3.8241171836853027
audio_734.wav,train,60.0746875,16000,0.01812608726322651,0.019384417682886124,0.6146240234375,0.45633652822151227,0.426517571884984,257.13099468347406,613.6922522147077,258.5489553377856,0.258304681259984,0.12382892981026873,2484.725405991777,807.3757377588256,1444.2406792440588,279.27616172373445,4036.196252662407,931.7392014830955,-417.4848937988281,121.80182647705078,26.076955795288086,51.662940979003906,-36.933162689208984,43.39435577392578,31.915788650512695,43.27436447143555,-47.15040969848633,35.41943359375,-3.0365259647369385,20.741558074951172,-26.872726440429688,21.880107879638672,-26.321996688842773,22.3978328704834,-11.009235382080078,18.667924880981445,-24.56455421447754,17.355234146118164,1.1844793558120728,11.792194366455078,-3.79294753074646,11.567497253417969,-6.143399715423584,10.114202499389648
audio_51.wav,train,44.9266875,16000,0.04025715962052345,0.04119841381907463,0.630035400390625,0.4301994301994302,0.5783475783475783,229.0776735576574,63.94432862897184,83.2702167896081,0.13277980880519943,0.11495138197270895,1574.6327798679429,1018.2965170851536,1477.175725037308,512.4399324656498,2856.375756766382,1704.3466761930938,-345.1368103027344,60.90531921386719,107.3873519897461,42.13173294067383,-5.0436320304870605,28.425050735473633,-0.12717100977897644,25.712223052978516,-26.471630096435547,23.39348793029785,-25.275121688842773,18.504945755004883,-18.870223999023438,17.40452003479004,-6.802235126495361,12.139381408691406,-16.942346572875977,11.122142791748047,-6.905660629272461,8.526031494140625,-8.235294342041016,9.42617416381836,-13.44017219543457,10.243328094482422,-10.024900436401367,8.967866897583008
audio_704.wav,train,60.0746875,16000,0.025118498131632805,0.03558103367686272,0.86041259765625,0.6144834930777423,0.1805111821086262,103.22817963382575,457.4579916919915,12.638364522026563,0.2665105622670394,0.1654732734832083,2624.687834379252,1329.7304176223852,1818.6437480025081,517.0152042589716,4642.455404685836,2032.4174507891435,-421.4080810546875,127.54096984863281,46.38174819946289,78.06595611572266,5.597801685333252,35.98756790161133,6.6508660316467285,26.008846282958984,-7.761956691741943,16.83697509765625,-9.761213302612305,19.836999893188477,-16.200284957885742,15.742456436157227,-12.837943077087402,15.678765296936035,-15.477622032165527,14.143046379089355,-13.626887321472168,13.801789283752441,-7.489625930786133,11.619232177734375,-5.633965492248535,11.020416259765625,-12.429247856140137,11.630803108215332
audio_129.wav,train,45.06,16000,0.026616908609867096,0.020857056602835655,0.310882568359375,0.29098651525904895,0.8275372604684174,183.93170582347207,35.03098033162955,61.5530196014968,0.07232904264992902,0.055863290137614256,1277.2550563775437,628.4902617565713,1461.0279036222078,398.9184492136152,2508.034288502484,1292.079960693269,-343.8147888183594,76.15514373779297,115.54313659667969,31.210552215576172,2.513136386871338,25.665430068969727,33.03691482543945,22.9809513092041,11.121423721313477,14.437639236450195,-14.829482078552246,19.803382873535156,-11.974947929382324,15.144790649414062,-4.691804885864258,11.864931106567383,-4.162116527557373,12.428434371948242,1.9671037197113037,10.69115924835205,-5.835247039794922,8.318665504455566,-1.7356218099594116,7.038238525390625,-1.83550226688385,7.747077465057373
audio_107.wav,train,45.06,16000,0.004769003950059414,0.004068706184625626,0.311492919921875,0.34634492547906315,0.7111426543647977,108.1102658399776,11.774509614568748,11.31065714500295,0.1107247909643364,0.07982363561045018,1423.716339969364,770.3475865150697,1391.0747819154383,376.64924194881337,2714.4306689141235,1306.8577831241585,-494.783935546875,78.88014221191406,113.07279968261719,52.0816650390625,-7.5443549156188965,28.17930030822754,37.64336013793945,28.553512573242188,3.74661922454834,19.101404190063477,1.0965036153793335,18.967905044555664,-10.621015548706055,14.255699157714844,0.6797481179237366,12.279226303100586,-5.1324615478515625,12.603352546691895,-1.477852463722229,10.794063568115234,-6.016611099243164,8.883001327514648,1.6127512454986572,8.793221473693848,-5.815336227416992,9.034245491027832
audio_143.wav,train,54.44,16000,0.027969615533947945,0.02448510006070137,0.636199951171875,0.3689776733254994,0.5387779083431258,96.87324609557632,15.89901135449437,13.59640785443915,0.13222036574618096,0.1095373950264115,1734.1793015721269,1082.7102039285946,1686.2213107667687,358.743008186276,3237.1750146886016,1720.8533494070407,-310.48785400390625,68.7579345703125,92.97867584228516,52.355194091796875,6.460269451141357,23.862146377563477,20.95415687561035,17.237281799316406,14.285877227783203,16.545507431030273,9.137158393859863,13.938637733459473,-1.963209629058838,17.701923370361328,-0.6575881838798523,12.41572380065918,4.417032718658447,11.243406295776367,-3.0489611625671387,11.787712097167969,-12.912788391113281,11.59106159210205,2.379998207092285,9.602559089660645,6.066182613372803,8.041731834411621
audio_458.wav,train,57.4293125,16000,0.05741326883435249,0.0515177920460701,0.88787841796875,0.3348189415041783,0.6651810584958218,192.63059450929475,53.07006520285978,18.759877488881102,0.09549448337395543,0.09500441995630603,1472.4838972020682,1266.6794668633393,1217.0071086992082,666.2789684950419,2577.4721448467967,2256.166316833798,-391.01605224609375,114.85320281982422,94.71395874023438,77.55892181396484,18.803010940551758,36.35575866699219,32.25749206542969,37.180702209472656,-20.038009643554688,22.229751586914062,-34.261539459228516,29.41672134399414,-4.142789840698242,12.144868850708008,-6.6717963218688965,12.83376693725586,-17.483253479003906,14.814973831176758,-12.51998519897461,11.98179817199707,-12.718427658081055,11.40488338470459,-6.379660606384277,10.157157897949219,0.47556009888648987,8.353058815002441
audio_424.wav,train,60.0746875,16000,0.07839801907539368,0.07370155304670334,0.9200439453125,0.3706070287539936,0.7476038338658147,263.1411467822288,50.57214336459702,35.08604739449828,0.13652686950878595,0.12050269732461076,1693.6140200858376,1002.8171289712386,1635.08154860255,467.49039583355517,3402.4352702342917,1741.1544593511303,-314.7622375488281,84.19159698486328,85.64789581298828,40.33726501464844,28.58641242980957,33.315486907958984,16.71323585510254,31.872167587280273,-27.39055061340332,27.738073348999023,-10.982770919799805,19.637590408325195,-23.091629028320312,20.00841522216797,-8.547333717346191,14.421782493591309,-12.404367446899414,15.181361198425293,-5.332128047943115,12.744674682617188,-4.361753940582275,12.04061222076416,-11.941154479980469,14.154207229614258,-2.6154565811157227,13.228730201721191
audio_563.wav,train,60.0106875,16000,0.047719527035951614,0.04913770779967308,0.97607421875,0.43816631130063965,0.7446695095948828,160.1218501126406,34.01719898612402,26.835383985302343,0.14841589693829957,0.11395656940619354,1834.065597915803,894.283584775981,1536.5829625422584,364.4001693173407,3480.231376599147,1275.810036477351,-322.81915283203125,133.8221893310547,68.58736419677734,51.06669235229492,-5.482028961181641,40.60664749145508,37.0982551574707,38.86743927001953,-13.579446792602539,23.262636184692383,-3.3302161693573,19.76780128479004,-0.9245006442070007,16.730880737304688,-19.005859375,18.966785430908203,-2.030808687210083,12.048538208007812,-9.370468139648438,14.711798667907715,-7.481434345245361,9.97072982788086,2.8282363414764404,9.64979076385498,-8.316576957702637,11.946141242980957
audio_625.wav,train,60.0746875,16000,0.037912823259830475,0.04192255809903145,0.94573974609375,0.46059637912673057,0.5463258785942492,123.47082531403103,387.22395012231675,9.300541608580986,0.23134521224374335,0.16659339641695625,2448.1125662293575,1200.8530528478095,1716.7733978121055,408.0943382381588,4248.743676783813,1630.9053194092994,-338.2657775878906,163.4076385498047,47.54276657104492,70.22029113769531,-2.0324454307556152,36.00439453125,25.972837448120117,29.138830184936523,-5.063186168670654,24.614151000976562,-0.1828688383102417,18.5950984954834,-10.470792770385742,17.019649505615234,-1.7428765296936035,14.191650390625,-6.091853141784668,15.662219047546387,-5.306655406951904,15.31942081451416,0.045381490141153336,14.327099800109863,-6.565647125244141,10.73836612701416,-0.8850170373916626,10.546558380126953
audio_302.wav,train,60.0746875,16000,0.03729632496833801,0.04126197099685669,0.691680908203125,0.466986155484558,0.5069222577209798,172.60850153728515,62.93177877546317,29.8819712476554,0.12360223642172524,0.1230401666740442,1653.03673679543,1092.3578556909763,1489.6925439813515,627.039858738225,3190.803048455804,1928.78687745925,-387.3468933105469,137.4943084716797,80.28630828857422,78.83354187011719,2.8137295246124268,35.887203216552734,8.634400367736816,30.24652099609375,-17.715534210205078,25.856422424316406,-7.1959052085876465,18.551986694335938,-9.7315092086792,17.26742172241211,-12.277752876281738,15.118694305419922,-15.110971450805664,14.696576118469238,-8.961878776550293,11.351635932922363,-10.644454002380371,10.315485954284668,-6.239966869354248,9.872735977172852,-5.3431477546691895,8.808915138244629
audio_154.wav,train,60.0746875,16000,0.044312484562397,0.04944612458348274,0.94512939453125,0.476038338658147,0.7380191693290735,198.27510177438265,62.51413864823114,102.82752155213373,0.12386041708266773,0.09928522555380828,1568.682592363195,924.4139647171096,1544.3843539290174,483.0561903918044,3051.8586927582533,1669.3508234952994,-362.1455078125,106.10519409179688,85.22130584716797,47.87398910522461,15.568679809570312,28.71305274963379,17.21737289428711,29.229869842529297,-1.3191072940826416,19.28182601928711,-4.475526809692383,14.644388198852539,-11.548212051391602,12.025582313537598,-8.146730422973633,15.087828636169434,-10.8577299118042,12.048171043395996,-8.009377479553223,9.922751426696777,-6.855153560638428,8.579830169677734,-5.5386061668396,10.424921035766602,1.2794357538223267,9.856712341308594
audio_754.wav,train,46.208,16000,0.05101131275296211,0.04192763566970825,0.817657470703125,0.31280276816609,0.6332179930795848,115.20235351026894,16.912022310951144,13.862073910245059,0.13552828990051904,0.10947291240076266,1549.7833775347692,887.3459421552836,1327.7117425654396,421.88227109390715,2877.1355968858134,1428.3487316075264,-309.16912841796875,122.74410247802734,98.5641860961914,66.56620788574219,-13.298116683959961,36.239341735839844,35.94411087036133,32.86394119262695,-11.708739280700684,25.74615478515625,-0.8575237393379211,18.89643669128418,8.586134910583496,17.944807052612305,-16.61979866027832,17.500171661376953,-14.129069328308105,18.694881439208984,-0.8465782999992371,15.085650444030762,-5.210180759429932,13.523098945617676,-1.6847965717315674,10.886759757995605,-2.0748560428619385,11.582443237304688
audio_749.wav,train,60.0746875,16000,0.03749160096049309,0.041657641530036926,0.906646728515625,0.4701810436634718,0.6219382321618744,108.73654223881857,25.187538730616808,26.59757921845471,0.16948325387712992,0.13460291594267326,2108.80701927422,1021.7934452861507,1794.532099668491,349.06454411655955,4155.405517838126,1368.688238796144,-328.10186767578125,119.93595886230469,71.93893432617188,49.80097198486328,15.537067413330078,35.24052429199219,24.6571102142334,34.09330749511719,1.0761728286743164,20.929601669311523,14.334650039672852,17.720895767211914,-10.917380332946777,18.228858947753906,6.491951942443848,14.26197624206543,-7.417646884918213,13.017956733703613,-0.5665677189826965,14.265976905822754,-3.4922144412994385,13.339818954467773,-3.579758882522583,11.922091484069824,-10.883127212524414,15.910914421081543
audio_366.wav,train,60.0746875,16000,0.02891242504119873,0.04537055268883705,1.0,0.6703940362087327,0.531416400425985,174.61411571650194,482.94685837553783,22.723370863217667,0.2014157556243344,0.14754233118855734,2725.5579426611066,1298.6506537258165,1687.0240787801322,490.0912288241084,4596.616247337593,1713.6297221558402,-392.3040771484375,157.70021057128906,24.003162384033203,71.7618637084961,-14.067075729370117,46.421775817871094,21.11431884765625,34.31809997558594,-12.250844955444336,23.61691665649414,0.020118476822972298,16.224952697753906,-8.648107528686523,16.880935668945312,-8.669529914855957,16.99216651916504,3.5317065715789795,15.077130317687988,-2.047245740890503,11.993342399597168,-5.358531951904297,11.83115005493164,-4.18060302734375,10.410750389099121,-5.706355094909668,9.5537691116333
audio_693.wav,train,24.9173125,16000,0.02861132100224495,0.025488855317234993,0.436065673828125,0.3979460847240051,0.7252888318356868,141.01384901128017,30.330024780013346,23.907609193309654,0.11196683949775353,0.11051765190855162,1448.2175850257381,1079.863928016394,1458.6446631283454,477.00964977268353,2578.5361842105262,1784.6496447286881,-330.26202392578125,47.56608200073242,126.17540740966797,46.527278900146484,14.422175407409668,28.17352867126465,3.389962673187256,19.215667724609375,-1.7492607831954956,13.806041717529297,0.9663300514221191,11.737890243530273,-9.246835708618164,17.596921920776367,-1.3111292123794556,12.988157272338867,-6.077536582946777,11.300792694091797,5.403487205505371,10.934401512145996,-9.954388618469238,9.647309303283691,-8.138264656066895,8.80148696899414,-4.732720375061035,7.728363990783691
audio_608.wav,train,45.7813125,16000,0.04567892849445343,0.03516167402267456,0.715087890625,0.2746331236897275,0.6589797344514325,164.81377845643496,156.49885032885675,16.42602888002139,0.19352281785027953,0.11824602245648508,2126.158727146053,1077.7382397382758,1601.951952653746,461.43642655466,3880.5959556254365,1613.231215909757,-327.7777404785156,135.89089965820312,57.63742446899414,67.82268524169922,0.7469814419746399,43.61638641357422,38.951019287109375,42.84552001953125,-16.598440170288086,34.31100845336914,-10.653223991394043,24.611854553222656,-21.292139053344727,23.167526245117188,-0.4212484359741211,18.6281681060791,-13.575278282165527,17.727130889892578,-12.401992797851562,14.95640754699707,-11.244410514831543,13.102498054504395,-8.915650367736816,14.274540901184082,-4.764834880828857,10.99280834197998
audio_220.wav,train,60.07475,16000,0.05606355518102646,0.06131451204419136,0.96600341796875,0.44621938232161873,0.5122470713525027,136.21039964151845,196.95715242584495,20.713479513138537,0.1382306538704739,0.08614143503719184,1440.685213783018,633.4562890885511,1042.5220504814872,341.18240572751364,2515.828840521832,938.0765686859089,-307.86700439453125,114.48396301269531,77.68563842773438,60.641666412353516,-33.296302795410156,42.287899017333984,25.3946533203125,31.743736267089844,-15.610711097717285,23.41790771484375,-22.90679931640625,18.781808853149414,-3.793549060821533,14.496270179748535,-23.80942153930664,18.234111785888672,-11.00694751739502,15.257355690002441,-14.102296829223633,13.242841720581055,-14.012330055236816,11.371481895446777,-3.121232748031616,9.21387004852295,-7.755305290222168,9.758369445800781
audio_761.wav,train,60.0746875,16000,0.039513442665338516,0.04318501427769661,0.9417724609375,0.46006389776357826,0.6198083067092651,109.99999999999999,18.073485615868083,10.712662383842428,0.16169129392971246,0.14237510923785807,2017.863338347874,1172.6010919998876,1786.7491425218332,429.9559630919307,3722.398329339723,1932.7592646929786,-321.2222595214844,135.98399353027344,63.108795166015625,65.60611724853516,7.557590484619141,33.94287872314453,16.999568939208984,30.545896530151367,15.666107177734375,22.41372299194336,-3.4850800037384033,21.66879653930664,3.17586350440979,16.667057037353516,-9.508460998535156,16.399560928344727,-2.044450283050537,15.584766387939453,8.139673233032227,13.789644241333008,-10.000846862792969,15.395011901855469,3.000986337661743,11.21675968170166,1.0304133892059326,12.41732120513916
audio_640.wav,train,60.0746875,16000,0.021186016499996185,0.02796557918190956,0.77301025390625,0.6363152289669861,0.865814696485623,102.63362906904881,15.540629879115514,23.89661078727059,0.14897908138644836,0.08596513438288186,2431.10134581901,1021.1125232464352,2192.7844685686537,418.9950134265679,4867.919661874334,2023.3756892149966,-372.163330078125,63.4776725769043,53.60795593261719,43.25279998779297,36.55341339111328,23.35745620727539,24.920764923095703,16.72898292541504,9.898406028747559,15.005555152893066,10.340288162231445,13.846144676208496,2.7231297492980957,12.17785358428955,7.765275001525879,9.315471649169922,0.8775485754013062,9.201082229614258,5.866228103637695,8.30530071258545,-0.10207454115152359,7.428605556488037,3.9345433712005615,7.231653690338135,0.3552572429180145,6.508285045623779
audio_67.wav,train,60.06,16000,0.03223663941025734,0.02936229482293129,1.0,0.3452317527970165,0.6110815130527437,178.6955271983718,35.074221503557496,28.93271373471768,0.08148105562400107,0.07908642787421287,1329.949297544784,780.5526502043938,1511.884531972918,461.01141692456287,2620.2259256792754,1552.2113779926876,-326.4539489746094,87.4637680053711,110.30675506591797,40.547306060791016,5.1570281982421875,32.52788162231445,28.5985164642334,28.15953254699707,10.210712432861328,20.954744338989258,-1.490654468536377,15.770035743713379,7.42988920211792,12.76662826538086,-2.3580565452575684,14.063101768493652,-1.4514721632003784,12.076711654663086,-0.4438812732696533,8.606226921081543,-2.8355460166931152,8.699288368225098,0.9578952789306641,7.973297595977783,1.337809443473816,7.103981971740723
audio_299.wav,train,60.0746875,16000,0.04218706861138344,0.03482332453131676,0.584564208984375,0.3200212992545261,0.6847710330138446,187.14677540918822,64.21237231085006,28.132477090526493,0.16884261223708733,0.15561996607842504,1920.4330497946246,1346.9598971376943,1515.2274413507162,542.5948187152513,3442.242412140575,1982.3097901786318,-406.2878723144531,137.3570556640625,73.39617919921875,69.861328125,13.55883502960205,45.12923049926758,28.11338233947754,37.485939025878906,-11.70556926727295,24.462923049926758,-22.40985679626465,24.725088119506836,-18.20663833618164,19.320098876953125,4.3967132568359375,16.246055603027344,-22.31157875061035,18.594045639038086,-8.556550979614258,11.427359580993652,-7.397060394287109,11.913102149963379,-26.74583625793457,18.75225257873535,5.249181747436523,13.320886611938477
audio_102.wav,train,45.06,16000,0.009498263709247112,0.00718828197568655,0.174774169921875,0.2526614620298084,0.5521646557842441,176.64303400994282,25.015576503382896,22.57923588554229,0.2403317540143719,0.16659004548831327,2568.034891545164,1260.20262300258,1736.050099670228,374.40704809346073,4380.672240951029,1624.9309595856053,-407.34515380859375,94.73020935058594,43.53217315673828,64.43754577636719,-12.084296226501465,39.594573974609375,9.819283485412598,28.765548706054688,-17.455106735229492,18.507368087768555,-8.626087188720703,17.83953285217285,-14.693958282470703,14.533513069152832,0.4848887622356415,13.134773254394531,-11.82689380645752,12.551233291625977,-5.207087993621826,10.109734535217285,-14.21591567993164,9.46115493774414,1.274786353111267,9.198238372802734,-7.4665846824646,8.15068244934082
audio_258.wav,train,60.08,16000,0.028280122205615044,0.040776148438453674,0.681243896484375,0.6027689030883919,0.4036208732694356,216.22053167995523,60.834498565832604,35.41519076440048,0.18645895733493079,0.11674099482101918,2311.4894964147347,1291.510804447666,1847.5611531980385,614.0485462837484,4244.238385250266,2341.5066083555353,-416.9326477050781,136.5880584716797,67.55945587158203,63.57737731933594,8.020058631896973,34.821258544921875,9.16964340209961,24.39303970336914,0.8997208476066589,18.850122451782227,5.081908702850342,13.276802062988281,-3.2898459434509277,12.734126091003418,-3.410656452178955,14.927817344665527,-2.576827049255371,10.720027923583984,-5.0835089683532715,9.325450897216797,-3.485438823699951,9.210165023803711,-1.980857491493225,9.3167142868042,-2.6527211666107178,6.991344451904297
audio_679.wav,train,60.0746875,16000,0.04205155745148659,0.04260065779089928,0.9671630859375,0.37859424920127793,0.26091586794462196,94.6606580968763,340.5908312388414,12.694739264358134,0.23073551068290735,0.1507292127443637,2416.0012296004015,1282.016094649026,1556.4694912694476,409.5757025734109,3973.650492545261,1745.8530817688895,-294.7794494628906,146.9350128173828,41.064151763916016,83.26168060302734,-26.994596481323242,40.893062591552734,2.3234174251556396,26.390138626098633,-13.62685489654541,26.456266403198242,-14.555900573730469,22.048742294311523,-19.380578994750977,17.634614944458008,-8.547953605651855,14.22191047668457,-25.111787796020508,20.863985061645508,5.414125442504883,16.655712127685547,-12.150853157043457,11.87405776977539,-6.353790283203125,10.07999324798584,-6.699219226837158,9.391359329223633
audio_82.wav,train,45.06,16000,0.029927298426628113,0.026884160935878754,0.750152587890625,0.38963804116394607,0.6004258339247693,238.52991146631203,53.56303135085996,36.27318066338162,0.11920854772888574,0.08561106191870184,1558.9154471584409,768.502525204223,1377.9057125171878,399.37988601843534,2953.141634137686,1358.0140955305724,-350.7734069824219,115.53793334960938,81.24066162109375,50.52146911621094,-10.818949699401855,38.28597640991211,30.06585693359375,31.343826293945312,-17.097963333129883,26.49964141845703,3.100334405899048,16.962913513183594,-13.215928077697754,15.95352554321289,4.62614107131958,13.491416931152344,-3.520550489425659,13.495832443237305,-1.7322797775268555,12.145011901855469,-3.4507086277008057,10.085577011108398,2.8610167503356934,10.572403907775879,1.9262057542800903,8.585975646972656
audio_325.wav,train,57.9626875,16000,0.03855501860380173,0.03600671514868736,0.6826171875,0.36644591611479027,0.8708609271523179,109.36644661993022,5.532361041995661,5.025142251478471,0.13822320597061258,0.1262957334574529,1847.5828334408777,1082.4698259167599,1631.6289552229018,519.8336651761259,3586.7394453642382,1815.229607322813,-359.66363525390625,145.41729736328125,82.84783172607422,65.305908203125,6.873541831970215,39.32994079589844,20.93994903564453,29.03765106201172,-5.592491149902344,25.321931838989258,-13.556344032287598,20.094133377075195,-23.58046531677246,21.972822189331055,-0.15607085824012756,13.210655212402344,10.188651084899902,14.432584762573242,-8.634718894958496,12.01033878326416,-3.281419038772583,10.033744812011719,-2.887321710586548,10.297014236450195,-14.084067344665527,10.804441452026367
audio_399.wav,train,60.0746875,16000,0.03025740012526512,0.027043627575039864,0.58587646484375,0.34185303514376997,0.4504792332268371,106.252996181733,165.7516310699198,10.650961988725768,0.11602061701277955,0.10308608264836426,1639.4043853503274,943.1074549375202,1386.368414413032,522.7699397667548,3051.550851970181,1637.3946347722563,-372.58538818359375,159.52696228027344,80.62368774414062,65.3563461303711,-14.911059379577637,36.21368408203125,27.068490982055664,38.904056549072266,-18.10854721069336,24.089479446411133,1.4546197652816772,18.469696044921875,-19.752592086791992,19.997549057006836,-22.340139389038086,19.836511611938477,-15.785115242004395,15.8027925491333,-5.799279689788818,13.480534553527832,-15.573562622070312,12.790176391601562,-10.55691909790039,10.634431838989258,2.309150218963623,8.40477466583252
audio_285.wav,train,22.144,16000,0.03729436919093132,0.03163951635360718,0.8397216796875,0.33910533910533913,0.6522366522366523,233.08188075904494,66.34403425709192,42.402848039255474,0.1636249492694805,0.1311544714591093,2144.1043739003953,1087.6958311980297,1761.2703836222897,471.53980795767,4076.6819985569987,1685.8102859248554,-364.1230773925781,156.01467895507812,50.09058380126953,58.94486999511719,-2.493483304977417,43.606285095214844,18.927736282348633,33.212127685546875,-11.762043952941895,27.085559844970703,-4.554563522338867,19.793888092041016,-15.800910949707031,22.837026596069336,0.7400159239768982,16.506452560424805,-5.705898284912109,16.57793617248535,-14.104093551635742,16.53199005126953,6.08335018157959,13.979077339172363,-14.082969665527344,16.139066696166992,-6.982128143310547,10.477729797363281
audio_784.wav,train,60.615,16000,0.03403056040406227,0.031290337443351746,0.576568603515625,0.37467018469656993,0.49182058047493404,132.33275396903284,29.9312818303886,11.436269198980213,0.21550389594327177,0.18416865000430388,2156.48969067982,1521.7785493458107,1502.99197545667,638.6989743944615,3700.074208443272,2326.5933385026433,-414.47320556640625,156.8755645751953,82.58036041259766,95.21802520751953,0.8417088985443115,40.106544494628906,25.0117130279541,38.00947189331055,-5.687985897064209,21.445493698120117,-11.502321243286133,24.424877166748047,-6.479872703552246,21.800058364868164,-8.65234088897705,17.66997718811035,-8.274920463562012,17.210107803344727,-4.999419212341309,16.365816116333008,-5.433037757873535,12.643777847290039,-6.923283100128174,11.61259651184082,-5.855573654174805,12.929034233093262
audio_0.wav,train,45.06,16000,0.009456795640289783,0.008375663310289383,0.173065185546875,0.37899219304471254,0.6004258339247693,113.87914162255151,509.52940250754847,28.152946072084873,0.11890220235982966,0.11213752414698738,2135.46079963433,1003.7230934056594,1942.3009032857399,384.85089091811284,4354.5178317956,1457.3185526251561,-429.86932373046875,118.64311218261719,64.54854583740234,50.01299285888672,15.207183837890625,25.90468978881836,25.182058334350586,27.830631256103516,0.9966660737991333,21.486345291137695,15.134936332702637,12.48196792602539,-8.825947761535645,13.836196899414062,8.359733581542969,11.741140365600586,-1.2174245119094849,9.19107437133789,2.008680820465088,13.307342529296875,2.3442649841308594,9.214569091796875,1.3958708047866821,9.298649787902832,1.3783360719680786,8.786961555480957
audio_435.wav,train,61.0346875,16000,0.10767047852277756,0.0844336599111557,0.951995849609375,0.23532494758909853,0.8438155136268344,226.44649206156825,43.51332707446721,35.45421851835752,0.1355566508615042,0.11154113206924728,1712.953224216037,1050.871918801702,1480.3699914357273,492.2651528281826,3150.992531446541,1783.8891700077422,-246.29034423828125,82.32044219970703,81.71631622314453,52.33420944213867,0.7651812434196472,43.104522705078125,20.489702224731445,34.31815719604492,-12.78707218170166,25.673763275146484,-1.6397316455841064,19.895421981811523,-25.659826278686523,22.949113845825195,-18.872461318969727,19.371347427368164,-3.828646183013916,16.712038040161133,-9.748867988586426,13.416617393493652,-6.774396896362305,11.235198020935059,-3.3082387447357178,12.40031623840332,-2.6918110847473145,13.259452819824219
audio_91.wav,train,45.06,16000,0.01783440262079239,0.02174011804163456,0.84033203125,0.6217175301632364,0.638041163946061,161.9823763910578,20.681845559953924,21.848952238770835,0.2021283379169624,0.1326904918869635,2535.425492736659,984.1501600444592,2021.9060730773624,344.1388955248716,4776.60353087296,1405.3447746086456,-353.79608154296875,112.54468536376953,48.59495162963867,40.21031951904297,7.823610782623291,37.42477798461914,22.285240173339844,23.525211334228516,3.140219211578369,15.568914413452148,-1.1108341217041016,19.5379695892334,-2.871927499771118,14.244765281677246,-6.701318740844727,14.74899673461914,-1.0845818519592285,12.198068618774414,-1.4850391149520874,10.942214965820312,-5.371236324310303,9.04775333404541,-1.2476507425308228,7.81827974319458,-2.2527124881744385,8.239447593688965
audio_109.wav,train,45.06,16000,0.016262032091617584,0.0149893993511796,0.1754150390625,0.40951029098651526,0.6302342086586231,234.43211035826653,23.92110267468342,23.096118365471085,0.16257409122161107,0.11719488312850142,1976.296286933438,907.0176611253903,1775.606076464272,348.8933945244193,3930.0479063165367,1562.9817889862848,-443.33038330078125,93.64900970458984,61.550846099853516,32.275474548339844,-5.579672813415527,19.782808303833008,14.48573112487793,23.30080223083496,-24.817487716674805,18.554149627685547,-1.20929753780365,12.871478080749512,-20.35939598083496,11.850537300109863,-7.236416816711426,10.650242805480957,-13.680505752563477,10.8817720413208,-11.35804557800293,8.41314697265625,-15.304604530334473,8.101411819458008,-7.736102104187012,8.408676147460938,-8.494022369384766,7.762746810913086
audio_772.wav,train,60.0746875,16000,0.027696147561073303,0.05511627346277237,0.92462158203125,0.759318423855165,0.5021299254526091,100.28947374140385,67.44459453726236,121.93428431203503,0.15787838416866348,0.06978773851651973,1901.658546079332,691.9879586701368,1713.8453854168908,447.47170673888655,3787.290335463259,1455.7425474849556,-398.3040466308594,73.8267593383789,77.29662322998047,42.22085952758789,-6.171077251434326,19.854087829589844,1.0363903045654297,18.33078384399414,1.3570526838302612,12.812167167663574,-5.438342094421387,14.895410537719727,-5.410851001739502,9.276869773864746,-1.2763738632202148,11.251643180847168,-1.5546200275421143,13.433551788330078,-4.040691375732422,11.414363861083984,-0.3602437973022461,8.814665794372559,0.516157329082489,9.697047233581543,0.8845290541648865,7.006908893585205
audio_270.wav,train,60.08,16000,0.016419267281889915,0.01733255572617054,0.457733154296875,0.4424920127795527,0.5005324813631523,86.30425076864258,51.22825864005614,14.90805759006318,0.15871376630724174,0.1269974114198236,1947.992267550253,1039.109170774627,1760.281544740248,414.59306169937287,3892.729965388711,1639.962133462264,-406.2073974609375,112.76049041748047,82.84510040283203,53.084999084472656,14.584887504577637,26.614517211914062,18.14000129699707,34.519386291503906,-12.051787376403809,25.681838989257812,4.059482574462891,14.435237884521484,-10.439497947692871,16.55710792541504,-14.604000091552734,22.620758056640625,2.928363084793091,14.567049980163574,1.3721294403076172,15.95176887512207,-13.167313575744629,11.39931583404541,-2.403381586074829,10.646403312683105,-6.071183681488037,9.904786109924316
audio_528.wav,train,60.0746875,16000,0.05180056393146515,0.05466042086482048,0.967010498046875,0.4014909478168264,0.7177848775292864,130.0593564629863,27.423377706450708,10.52039827014427,0.12054930860623003,0.112054797062885,1934.0847907197108,1371.741721444642,1495.4137231523198,553.9428082057447,3514.464357028754,2131.1776563022477,-337.39776611328125,138.96932983398438,79.85083770751953,64.24141693115234,2.6516401767730713,39.036773681640625,26.076444625854492,41.723731994628906,-18.137544631958008,29.86081886291504,-3.8151729106903076,18.39613914489746,-5.543819427490234,17.123188018798828,-21.24827766418457,19.985366821289062,-7.979541778564453,13.165226936340332,-17.6301212310791,18.31346893310547,3.151794195175171,11.15760612487793,-9.656488418579102,10.963212013244629,-14.28166675567627,12.867406845092773
audio_441.wav,train,60.0746875,16000,0.05255632475018501,0.05021067336201668,0.654571533203125,0.3913738019169329,0.7039403620873269,119.95585059317834,32.61017346223636,10.487105094641905,0.09267983726038338,0.045646106105960434,1218.6431555160668,474.57938935427813,1281.1948215151692,337.07392738710325,2394.0195686900956,1120.84876012149,-296.67724609375,57.390464782714844,118.38156127929688,28.52247428894043,-3.680349349975586,15.942828178405762,21.411758422851562,30.73521614074707,-12.16470718383789,17.351905822753906,-8.276435852050781,12.590421676635742,-2.0719497203826904,12.81820297241211,-5.259893894195557,12.859062194824219,-4.267920970916748,12.317548751831055,-12.090346336364746,12.200733184814453,-6.461163520812988,10.816168785095215,-12.970871925354004,10.896066665649414,-3.111616611480713,9.270232200622559
audio_381.wav,train,60.1386875,16000,0.039392758160829544,0.03887581080198288,0.9451904296875,0.46170212765957447,0.6292553191489362,153.77669275969214,24.751699448891817,28.298610049165802,0.17810084566156914,0.15250444693125242,2102.489064955103,1419.9664096804747,1612.1684215888326,568.27367328892,3694.169714095745,2119.7173285188774,-340.2010498046875,110.10469055175781,50.26805114746094,78.08241271972656,5.309450149536133,40.138790130615234,-3.7875397205352783,32.43483352661133,-2.2180042266845703,22.630666732788086,-5.247927188873291,22.765501022338867,-6.470610618591309,18.369104385375977,-10.260490417480469,14.302033424377441,-14.846821784973145,16.644306182861328,-12.675890922546387,13.458730697631836,-11.733990669250488,11.953146934509277,-7.666934013366699,10.037671089172363,-11.735212326049805,10.603615760803223
audio_86.wav,train,45.06,16000,0.01890162006020546,0.01546783559024334,0.31915283203125,0.2945351312987935,0.6926898509581263,100.87044475251382,15.44740593604311,21.68042166629597,0.09891316702892122,0.10619071149034585,1601.9906975370068,976.9331220747682,1645.4491768145836,349.0207883192117,3159.2441447835345,1503.8354890857477,-367.4493103027344,104.77539825439453,91.74295043945312,48.034889221191406,10.041259765625,33.66800308227539,43.20612335205078,26.03073501586914,12.21794319152832,21.055082321166992,2.460629940032959,20.305978775024414,-6.002313613891602,20.352558135986328,-3.7987637519836426,16.512649536132812,4.873164176940918,14.285600662231445,-1.0266033411026,11.839268684387207,8.123188018798828,10.594830513000488,10.86914348602295,9.205322265625,-5.861720561981201,12.20177173614502
audio_101.wav,train,45.06,16000,0.01502242498099804,0.016203779727220535,0.38824462890625,0.44002838892831797,0.47977288857345635,116.54094037952247,18.566560238453576,22.336102491118055,0.20717125399219305,0.1356861866686461,2273.2026163940454,1217.8905552583149,1707.917135689484,519.6088817909996,4116.854817246274,1892.275017040063,-442.0328369140625,143.4838409423828,68.71137237548828,72.2334976196289,-0.7444869875907898,38.296142578125,18.989803314208984,30.513809204101562,-1.3841664791107178,23.508323669433594,1.862329125404358,17.130830764770508,-9.742297172546387,18.15154266357422,-7.66440486907959,16.513708114624023,-7.287939548492432,13.523592948913574,-0.29078760743141174,12.015704154968262,-9.978458404541016,12.343316078186035,0.11331377923488617,10.192938804626465,-7.435096263885498,9.519503593444824
audio_333.wav,train,60.0746875,16000,0.038590207695961,0.040194474160671234,0.883544921875,0.39882854100106496,0.46059637912673057,95.76056196257365,15.833391108600711,20.297443340746113,0.18871212310303515,0.16114651352717682,2269.203431287264,1312.7276643987148,1784.87096490563,380.6756059858764,4230.888911075613,1584.8718520660332,-336.9400939941406,131.34043884277344,50.25326919555664,67.50739288330078,26.850759506225586,39.65824508666992,35.480621337890625,34.14152908325195,-3.0626401901245117,25.535791397094727,9.198623657226562,20.26592254638672,-1.6563904285430908,20.369192123413086,-12.049765586853027,19.977758407592773,-0.8664896488189697,14.953408241271973,-2.5655605792999268,14.037396430969238,-3.431711196899414,13.212965965270996,-0.6226302981376648,12.815410614013672,4.018346309661865,10.716527938842773
audio_149.wav,train,59.52,16000,0.07013813406229019,0.06847856193780899,0.94659423828125,0.39602364320257927,0.7426114991939817,225.1422562392905,155.12313511318004,36.876497767770445,0.07006980244156367,0.06563358938701466,1337.537923255717,1063.1420367548717,1187.2438040355096,664.0076874564242,2385.2221587855993,2072.615183033437,-376.0508117675781,115.4062271118164,91.56065368652344,66.03972625732422,0.7214179635047913,31.18436622619629,0.9408655762672424,33.65380859375,-16.975584030151367,25.583389282226562,-4.870416164398193,17.669910430908203,-13.193391799926758,15.381690979003906,-18.300527572631836,17.061115264892578,-12.406067848205566,14.474008560180664,-9.35770320892334,10.738438606262207,-10.612566947937012,10.849288940429688,-9.24248218536377,9.148484230041504,-5.168389797210693,9.951714515686035
audio_719.wav,train,60.0106875,16000,0.055089451372623444,0.043122608214616776,0.93035888671875,0.2505330490405117,0.7308102345415778,113.22324603078411,16.129458681244007,15.799645745729947,0.12556896738406184,0.0964774733159882,1547.958577403765,828.2916752271743,1420.1735875793663,444.54062924732705,2941.347947761194,1431.197314423179,-297.885498046875,110.90127563476562,104.7894287109375,52.48762130737305,-7.191458225250244,39.826175689697266,44.45347595214844,38.86036682128906,-3.4145848751068115,26.344606399536133,-15.697929382324219,20.445371627807617,-1.0875872373580933,21.793903350830078,-16.620431900024414,18.627748489379883,-12.496423721313477,17.856962203979492,-12.381351470947266,16.60321617126465,0.3122355043888092,14.901342391967773,-1.3834893703460693,12.02664566040039,-7.349208354949951,11.53589153289795
audio_638.wav,train,60.0746875,16000,0.019650038331747055,0.022777138277888298,0.84619140625,0.5372736954206603,0.7497337593184239,111.9227661312955,23.432693069338427,27.95124576875871,0.10518118926384451,0.07187474134976611,2109.4866056929072,936.9523033740475,2143.6101228363295,464.698841271196,4492.262380191693,2015.4222443263936,-382.72943115234375,81.15158081054688,63.0643424987793,44.649024963378906,39.6957893371582,22.637222290039062,29.00144386291504,18.206214904785156,13.013450622558594,16.641483306884766,9.825823783874512,16.458179473876953,0.4867614805698395,15.571473121643066,7.415732383728027,11.955678939819336,1.5381829738616943,10.868246078491211,6.34921407699585,9.703116416931152,2.0762622356414795,8.243795394897461,5.759291172027588,7.257577896118164,1.8559211492538452,7.550815582275391
audio_147.wav,train,60.08,16000,0.021255342289805412,0.03195462375879288,0.6688232421875,0.6666666666666666,0.26198083067092653,117.89508087899223,560.4685131384266,30.883638027629118,0.23732938756323216,0.1626217776014324,2331.5283120741933,1301.9644578933467,1767.276187405017,468.7489582210015,4133.15362087327,1995.2833433864064,-409.3883972167969,159.5137939453125,59.0693359375,70.28331756591797,6.833446502685547,35.510009765625,12.939292907714844,31.805086135864258,-1.4005812406539917,19.55173683166504,-1.5222705602645874,17.500722885131836,-7.474686145782471,19.03524398803711,-12.544158935546875,17.746471405029297,-3.608870506286621,13.02430534362793,-6.218546390533447,13.490246772766113,-7.7914886474609375,10.504084587097168,-2.8803045749664307,9.172727584838867,-5.276451110839844,9.681358337402344
audio_62.wav,train,43.98,16000,0.016350137069821358,0.014640509150922298,0.24542236328125,0.31927272727272726,0.7149090909090909,110.63722351746388,17.637020427890974,14.751865739727776,0.09757705965909091,0.05611027610451687,1254.6169617899798,492.0626919501082,1352.541735377706,333.77680082479986,2332.255681818182,1071.839355839409,-358.6950378417969,38.92437744140625,130.27517700195312,31.044322967529297,-17.92911720275879,16.718082427978516,11.624238967895508,15.512364387512207,-9.645072937011719,13.98259449005127,0.49980825185775757,9.513463020324707,-4.068802356719971,10.217327117919922,-2.3040213584899902,8.420736312866211,-6.740797519683838,7.203077793121338,-1.5665723085403442,7.95306921005249,0.3545171320438385,6.71173620223999,0.47822824120521545,5.0185394287109375,-4.586765766143799,5.752232551574707
audio_763.wav,train,60.167,16000,0.04650944843888283,0.03577261418104172,1.0,0.2578415736310473,0.48219032429558745,172.60850153728515,45.86917418998268,40.566705963093284,0.23067486127724615,0.16153011024450356,2543.4571898288586,1324.690944744753,1749.9495562599716,393.77913284149656,4397.835260499734,1790.3854036091384,-280.33380126953125,116.82881927490234,40.05694580078125,76.17581176757812,2.3048181533813477,46.790855407714844,6.32274055480957,32.563419342041016,-11.342485427856445,24.9012508392334,-17.32517433166504,23.70781707763672,-14.052638053894043,18.2779598236084,-3.627666473388672,14.87035846710205,-17.753787994384766,19.017515182495117,2.5863568782806396,14.229959487915039,-14.096391677856445,14.075862884521484,-2.1035945415496826,11.150101661682129,-7.972188949584961,10.197005271911621
audio_498.wav,train,60.0746875,16000,0.03429144248366356,0.0362364761531353,0.854339599609375,0.4941427050053248,0.5931842385516507,138.59131548843604,204.82518056353518,16.676421966045524,0.13709133095380724,0.07465002649411005,1739.80029773527,602.6349491780509,1595.1290525588613,300.1582447759686,3380.337293663472,1027.9533822070703,-268.0820007324219,71.97943878173828,98.41364288330078,30.56755256652832,-19.53197479248047,23.402246475219727,23.287195205688477,26.109529495239258,-10.509892463684082,17.983654022216797,10.285746574401855,15.131250381469727,-5.273654937744141,12.958431243896484,-1.4616901874542236,16.827510833740234,-0.6305853128433228,11.078454971313477,-4.150407791137695,13.65059757232666,-4.679304599761963,11.268697738647461,-4.431639194488525,10.025297164916992,-3.473417282104492,9.346983909606934
audio_1.wav,train,45.06,16000,0.013563561253249645,0.010901417583227158,0.1727294921875,0.23562810503903478,0.8694109297374024,119.95585059317834,19.391889581460294,13.865550625165909,0.07213289844304471,0.05471306543944169,1157.11199796769,568.7820660997662,1244.9578825322048,384.44382091172895,2274.2303938963805,1171.9017342081193,-428.65960693359375,78.16361999511719,131.37640380859375,38.70547103881836,-11.702327728271484,36.81191635131836,29.027435302734375,28.70227813720703,-9.126992225646973,20.19001579284668,-2.521122694015503,14.779008865356445,2.7886292934417725,15.188089370727539,3.0199873447418213,11.183566093444824,0.7478357553482056,11.007195472717285,-7.286114692687988,12.286386489868164,0.7630646228790283,10.630837440490723,9.165508270263672,9.1195650100708,-1.1847261190414429,9.185909271240234
audio_304.wav,train,60.0746875,16000,0.045843705534935,0.04200954735279083,0.986053466796875,0.3407880724174654,0.4414270500532481,83.8473362790669,229.97030285571623,12.898797618687809,0.18144146449014908,0.12097342815355827,1979.4188870487772,1142.6509016803998,1526.3320524535632,494.6554969335722,3550.3818889776358,1850.8455456552879,-292.84716796875,120.22215270996094,86.51873779296875,84.31513214111328,-2.2031643390655518,44.77347183227539,14.93648624420166,39.71117401123047,-7.86428689956665,26.88006019592285,2.0535316467285156,20.818870544433594,-11.931946754455566,21.900466918945312,-8.013887405395508,17.757511138916016,4.544339179992676,19.02277374267578,-4.269896984100342,16.29690933227539,-19.797252655029297,13.847434997558594,-0.03196607157588005,13.080448150634766,0.3964451849460602,11.102775573730469
audio_347.wav,train,60.0746875,16000,0.02386975847184658,0.027228891849517822,0.95849609375,0.49787007454739085,0.2976570820021299,98.56656061031477,475.64913886505735,10.432002244934736,0.2672905642638445,0.1516999265205855,2812.9203440659116,1144.1718357091793,1678.3894136990389,448.1152245021249,4616.863019169329,1443.6550419371495,-359.5375061035156,164.462646484375,31.694385528564453,53.89244079589844,-14.425057411193848,48.70320129394531,35.14171600341797,39.752872467041016,-16.579862594604492,32.3201789855957,-0.6165515780448914,15.295136451721191,-5.192803859710693,15.626551628112793,-6.815176010131836,15.832724571228027,-1.0069571733474731,13.152200698852539,2.497162342071533,12.983870506286621,-5.316259384155273,10.695924758911133,-1.3465299606323242,9.784235954284668,-2.8621814250946045,9.114060401916504
audio_560.wav,train,60.0746875,16000,0.05380881950259209,0.047169700264930725,0.84417724609375,0.31629392971246006,0.6192758253461129,225.1422562392905,52.74106289680571,46.90141180668641,0.16736060844315762,0.1291830454980806,1991.88679592748,1199.329945646902,1557.2898335604646,412.94524921390575,3502.3462460063897,1688.5849000036449,-284.13226318359375,93.95549011230469,82.3392333984375,53.72391128540039,-9.359991073608398,37.22543716430664,18.3425350189209,32.71289825439453,-7.993194580078125,23.840490341186523,-15.890677452087402,20.034019470214844,-10.959543228149414,15.783418655395508,-1.70845365524292,12.332412719726562,-7.4857282638549805,13.848758697509766,-13.602429389953613,15.550858497619629,6.8166422843933105,14.812636375427246,-10.058916091918945,12.255471229553223,-3.937161445617676,10.216043472290039
audio_452.wav,train,61.0346875,16000,0.05277413874864578,0.05108056217432022,0.999969482421875,0.3951781970649895,0.6305031446540881,264.6655079380657,153.23684750468664,41.67813234817663,0.12897483457809225,0.09360174693873709,1562.0265208645724,920.910168686589,1413.3639698160357,538.5113552820408,2842.067118710692,1665.7392929568075,-353.7915344238281,114.60072326660156,77.94065856933594,48.67972183227539,-4.561371326446533,45.47455978393555,13.35451889038086,28.175525665283203,-3.5065672397613525,24.41442108154297,-1.775944709777832,19.74018096923828,-15.852293968200684,19.809276580810547,-11.627251625061035,17.552169799804688,-1.2622100114822388,15.54277229309082,-10.348708152770996,12.40284538269043,-21.29648208618164,14.057408332824707,-12.806822776794434,13.492766380310059,-4.876357555389404,11.334152221679688
audio_716.wav,train,60.0746875,16000,0.051816631108522415,0.04303792491555214,0.914306640625,0.26357827476038337,0.845580404685836,199.42369775418427,56.932261145876495,43.844135472136685,0.09733436917598509,0.09804559180521238,1070.1424206775823,943.4198868491673,1113.225139121615,716.4196507184654,1793.0935503194887,1938.4491475385084,-379.5374755859375,64.16104125976562,124.22803497314453,48.95964050292969,34.8992919921875,32.32737350463867,-9.8035306930542,26.986961364746094,-23.127267837524414,17.475814819335938,-31.698129653930664,20.41398048400879,-11.987466812133789,14.134618759155273,-13.205845832824707,11.826581954956055,-15.37436580657959,11.080790519714355,-8.616545677185059,8.87142276763916,-5.610453128814697,9.631010055541992,-7.7946906089782715,8.839078903198242,-7.984049320220947,8.027562141418457
audio_473.wav,train,61.0346875,16000,0.029681487008929253,0.0290136206895113,0.7779541015625,0.42348008385744235,0.5754716981132075,80.75795073626915,6.219223485687814,5.161809995127683,0.12405772978904613,0.08607247557227263,1639.9824760159884,803.2454452984092,1624.0696151849734,389.4349613954751,3257.84116221174,1461.5023689105694,-282.4443054199219,49.73016357421875,108.51178741455078,38.257301330566406,-9.644554138183594,19.538795471191406,22.28302764892578,19.986793518066406,1.2705477476119995,15.080914497375488,4.587377548217773,13.06826114654541,-4.314922332763672,11.715319633483887,2.7708497047424316,9.76252555847168,2.114868640899658,10.937019348144531,-8.202383041381836,11.840967178344727,-8.732603073120117,9.211746215820312,5.968813419342041,8.816336631774902,-4.499485015869141,8.126409530639648
audio_95.wav,train,45.06,16000,0.0026733968406915665,0.0023742634803056717,0.042205810546875,0.3633782824698368,0.794180269694819,170.6259238017108,56.49341032671646,62.78585923415366,0.22733564085787794,0.16039773756010112,2804.700062781453,1091.2493070836615,2410.366876837206,323.4201083446711,5885.856547196593,1461.4431983211994,-517.9742431640625,62.42341995239258,52.596744537353516,32.87030792236328,13.353108406066895,21.255672454833984,-4.623530387878418,19.135343551635742,10.426648139953613,17.74321174621582,-6.172911643981934,13.19009017944336,6.190362930297852,9.415088653564453,-12.290458679199219,13.899718284606934,5.221924304962158,8.748724937438965,-0.6557654738426208,10.935385704040527,0.7958168983459473,8.376594543457031,-0.7951174974441528,8.006919860839844,-4.007584571838379,8.426865577697754
audio_732.wav,train,60.0746875,16000,0.0542263500392437,0.051738329231739044,0.9293212890625,0.4126730564430245,0.5926517571884984,199.42369775418427,143.8410081607577,23.184676169713384,0.16675662689696485,0.1285187654180612,1875.8384769818726,1113.1736925153182,1604.2711553969903,443.77036802685785,3376.618244142705,1692.4632438366536,-302.5959167480469,71.7193832397461,77.53294372558594,52.17838668823242,6.069894313812256,33.81736755371094,32.46097183227539,25.811304092407227,-8.504602432250977,19.92741584777832,-4.09480094909668,19.491050720214844,-0.5107919573783875,17.62101936340332,-14.42895221710205,19.151769638061523,-3.8695998191833496,15.86572551727295,-10.163146018981934,14.436051368713379,-5.695886135101318,12.222079277038574,3.233677625656128,11.104879379272461,-3.525803804397583,9.78859806060791
audio_292.wav,train,60.0106875,16000,0.037424489855766296,0.0437706783413887,0.938201904296875,0.5719616204690832,0.40831556503198296,131.5705733911144,252.91157935665845,39.93466038528557,0.17708446120402452,0.1294024628194701,2137.1755478950313,1031.0164495895192,1696.071135157513,362.641951013416,3912.704890724947,1460.1993977170785,-300.9212341308594,121.26053619384766,49.52511215209961,62.86802673339844,8.606986999511719,31.56202507019043,19.502477645874023,28.368553161621094,-9.114718437194824,24.63201141357422,-7.922717094421387,26.074331283569336,-11.476040840148926,20.964784622192383,-3.0220210552215576,14.714193344116211,-8.838465690612793,16.579072952270508,3.7574191093444824,16.19416046142578,-2.528251886367798,11.711183547973633,1.3649365901947021,10.539346694946289,-1.4436630010604858,11.481436729431152
audio_469.wav,train,60.0746875,16000,0.06944528967142105,0.053663402795791626,0.9063720703125,0.288604898828541,0.7257720979765708,114.5388367788287,96.08106038497964,13.470825314031046,0.10092627837127263,0.06547870507360153,1068.4800524164336,617.9044034817578,1034.5457492976068,445.6188011285293,1809.6171126198083,1178.3790057697724,-296.6253356933594,68.0290756225586,139.43370056152344,49.6988410949707,-1.0358574390411377,24.17823028564453,-5.671719074249268,33.2818603515625,1.5665006637573242,21.66527557373047,-9.888891220092773,17.528247833251953,-18.29266929626465,18.67300033569336,-4.274496555328369,14.514581680297852,-8.230436325073242,12.85409927368164,-8.60669994354248,17.176815032958984,3.4323363304138184,14.555619239807129,-4.689793586730957,11.493753433227539,-2.8488667011260986,9.906697273254395
audio_329.wav,train,60.0746875,16000,0.066279336810112,0.05231549218297005,0.9976806640625,0.27050053248136313,0.6916932907348243,139.3941668115768,13.735064153790141,8.832837910699965,0.132536379293131,0.11912961785570264,1739.78407230887,1178.114915038821,1294.687422254956,469.6475752252439,2929.6167798189563,1773.3512633209216,-285.394775390625,137.40577697753906,92.69535064697266,71.5927505493164,-28.68997573852539,43.940574645996094,21.809152603149414,35.687015533447266,2.4431118965148926,17.59914207458496,-12.593313217163086,21.9621524810791,-9.753117561340332,18.381946563720703,-12.907912254333496,15.480463027954102,-18.613248825073242,17.774057388305664,-9.633767127990723,18.449602127075195,-14.496776580810547,12.178384780883789,3.7453525066375732,9.911932945251465,-11.709053039550781,10.573365211486816
audio_169.wav,train,60.08,16000,0.029388440772891045,0.036677755415439606,0.70916748046875,0.49201277955271566,0.33120340788072417,214.97519305553408,167.31128196323147,32.50293327623723,0.20809283271765175,0.13198414704571834,2206.272330938693,1091.9382825485422,1816.8631788151124,480.0554550332116,4165.393703407881,1868.1109460866078,-371.88787841796875,153.33677673339844,59.95584487915039,61.794132232666016,8.750487327575684,38.454341888427734,10.181026458740234,34.049560546875,-10.947563171386719,21.32234001159668,-8.876054763793945,19.31651496887207,-12.14610481262207,17.303926467895508,-5.762134075164795,14.2556734085083,-14.933362007141113,17.560199737548828,-4.0659027099609375,11.976734161376953,-9.42149829864502,10.847265243530273,-8.95972728729248,11.232894897460938,-5.529292583465576,10.743683815002441
audio_174.wav,train,60.0746875,16000,0.04682593420147896,0.04988790675997734,0.930389404296875,0.4382321618743344,0.6283280085197018,177.15467535297603,28.37060034110624,23.417127193737485,0.15481973633852503,0.13529604963166436,1861.8728091093344,1201.0847041916713,1563.5189098173487,509.4375627656194,3400.7421458998933,1845.4000681978116,-343.3012390136719,132.05117797851562,70.31322479248047,63.080299377441406,4.3407135009765625,40.90151596069336,10.996909141540527,29.06135368347168,-4.2515058517456055,19.337982177734375,-6.291773319244385,18.393178939819336,-13.805854797363281,17.163558959960938,-2.5346996784210205,13.25326919555664,-9.459402084350586,14.872159957885742,-4.805845737457275,11.703156471252441,-4.178893089294434,10.012483596801758,-7.50072717666626,11.94616413116455,-1.435192346572876,9.869734764099121
audio_513.wav,train,60.0746875,16000,0.036166734993457794,0.042766913771629333,0.96173095703125,0.5223642172523961,0.6405750798722045,231.73942791006385,51.1177117808846,29.639275817488453,0.14244682466387115,0.09329116714210901,1713.290753550309,970.9141688412536,1614.0388842758373,664.6751355290023,3351.608260117146,2190.4869353371028,-403.5920104980469,88.55461120605469,92.71334075927734,53.1703987121582,16.138240814208984,28.58648109436035,8.68643569946289,27.368316650390625,-13.892969131469727,21.499359130859375,-1.0299127101898193,14.739495277404785,3.5360288619995117,11.502963066101074,-4.198550701141357,12.86301040649414,-2.7189838886260986,12.19762134552002,-9.664939880371094,13.52123737335205,-14.0419282913208,13.495163917541504,-6.092067718505859,11.299418449401855,-7.597001075744629,9.156161308288574
audio_584.wav,train,60.0746875,16000,0.05172697827219963,0.04760949686169624,0.7486572265625,0.37912673056443025,0.6916932907348243,233.08188075904494,138.41707711289888,41.431590188126734,0.1436124076477636,0.11538417119305573,1843.147292816159,983.699737397929,1582.350884425183,374.1577634461764,3339.743909744409,1476.9785656312342,-310.2460021972656,118.77873229980469,78.45431518554688,46.50220489501953,-2.3347346782684326,40.34046936035156,25.397777557373047,29.01756477355957,-7.310694694519043,23.701091766357422,-6.344639301300049,20.05022621154785,-0.41702625155448914,15.838805198669434,-7.868634223937988,17.664695739746094,-2.6621782779693604,15.119361877441406,-12.564900398254395,12.993548393249512,-1.1626158952713013,11.813446998596191,-10.229068756103516,11.597814559936523,-9.570308685302734,10.54332160949707
audio_345.wav,train,60.0746875,16000,0.03309912979602814,0.03844175487756729,0.999969482421875,0.4531416400425985,0.2689030883919063,1670.8421328729137,834.3994018655076,1702.6726696813014,0.23118453183240148,0.11805700724911121,2351.0999104172583,968.3232508840465,1668.4798888186483,393.5490695560854,4047.4158013844517,1493.4533813836633,-335.0665588378906,161.6248321533203,51.368797302246094,58.4857177734375,-27.69101905822754,40.886959075927734,21.08238410949707,34.104148864746094,6.950843334197998,22.320453643798828,-11.167739868164062,21.410127639770508,-11.597908020019531,18.39407730102539,0.728862464427948,14.209779739379883,3.366338014602661,16.23737335205078,-7.48378849029541,11.745138168334961,-10.94304084777832,11.863682746887207,-5.060869216918945,11.292498588562012,-4.430568695068359,10.183297157287598
audio_750.wav,train,60.0746875,16000,0.06544626504182816,0.0536637157201767,0.61151123046875,0.29073482428115016,0.6916932907348243,193.74649219115264,33.92671684676963,31.917957059866666,0.15987310927515974,0.18522260328030626,1844.2384887569924,1623.5669093204313,1466.0274287653424,618.1258579408252,3048.156283280085,2381.8384184474485,-336.5697021484375,98.31095123291016,80.55367279052734,67.74530029296875,33.06856918334961,43.98149871826172,11.504792213439941,36.50339126586914,-6.288772106170654,25.287052154541016,-7.695379257202148,20.529373168945312,-20.782804489135742,18.45245933532715,-5.049685955047607,18.011760711669922,-7.86286735534668,14.751564979553223,0.9319902658462524,12.018068313598633,-9.489725112915039,10.6882905960083,-11.229345321655273,10.692024230957031,-7.1020917892456055,10.489190101623535
audio_116.wav,train,45.06,16000,0.024717481806874275,0.022647369652986526,0.254425048828125,0.32505322924059615,0.7054648687012065,150.26442824298348,58.3225320399169,20.151642462704103,0.14062014837650816,0.0813332937906028,1505.8024728346916,752.111537566044,1222.8822846031871,483.98901745205444,2690.128193754436,1411.1641411458334,-426.66571044921875,140.47975158691406,96.406982421875,65.51189422607422,-34.1068115234375,42.864044189453125,17.232179641723633,34.275272369384766,-12.748050689697266,21.269973754882812,-23.11511993408203,23.73945426940918,-12.694784164428711,15.461238861083984,-22.912715911865234,17.446252822875977,-7.057433605194092,14.127884864807129,-7.760304927825928,13.460150718688965,-19.34786605834961,13.311897277832031,-3.494220733642578,11.779509544372559,-8.420839309692383,9.888301849365234
audio_114.wav,train,45.0,16000,0.017728332430124283,0.01291163731366396,0.173736572265625,0.22316986496090974,0.8088130774697939,153.77669275969214,22.844534867906642,27.973572790099723,0.1353521177594172,0.1430482614993797,1798.4875417175374,1216.230862336784,1583.4996929952908,499.63365859367093,3379.425417555082,1916.3694991545988,-430.19732666015625,118.99427795410156,69.27040100097656,66.59005737304688,14.34606647491455,43.27613067626953,38.777854919433594,41.18398666381836,-12.914051055908203,29.91155433654785,-0.28206753730773926,22.57364273071289,-18.551788330078125,17.285930633544922,-14.096029281616211,18.038267135620117,-10.053472518920898,15.194597244262695,-12.369630813598633,15.38713264465332,-13.172371864318848,12.5858736038208,-4.0395121574401855,12.789013862609863,-4.67521333694458,9.947904586791992
audio_157.wav,train,61.04,16000,0.048727430403232574,0.05057688429951668,0.7667236328125,0.3747379454926625,0.6415094339622641,233.08188075904494,30.833659224103673,20.377115139358636,0.2273699042682128,0.18027523930626962,2455.8224320662657,1354.6693323699938,1687.8775682458765,418.3706674486359,4265.023093553459,1810.2500112509683,-306.301513671875,114.30828094482422,29.876895904541016,64.02059936523438,-8.359997749328613,39.06169891357422,9.678803443908691,33.10356140136719,-20.158262252807617,22.67112922668457,-13.859333992004395,20.096738815307617,-16.532459259033203,16.31972312927246,0.2633180022239685,15.236459732055664,-16.04698944091797,19.03443717956543,-8.093465805053711,14.055535316467285,-13.876038551330566,13.1856107711792,-4.889561653137207,12.736355781555176,-7.502045154571533,11.263361930847168
audio_385.wav,train,60.0746875,16000,0.045484758913517,0.04400566965341568,0.85101318359375,0.41054313099041534,0.6198083067092651,117.21605517913326,15.6624667498351,14.991833806720976,0.12760286666333867,0.11486523481971837,1855.1849452793429,1043.1215924680316,1818.2059180576618,502.9683014027951,3802.757255058573,1771.295884694629,-342.50885009765625,143.88172912597656,89.38092041015625,54.82036590576172,18.08563232421875,34.136085510253906,18.656431198120117,31.67951774597168,-0.7076730728149414,22.960575103759766,-11.360390663146973,21.874404907226562,8.048877716064453,17.769939422607422,-7.560361385345459,21.552215576171875,-13.402807235717773,19.323469161987305,8.482625007629395,17.564327239990234,-3.0467967987060547,14.150763511657715,0.9395628571510315,13.419612884521484,1.1318124532699585,14.694116592407227
audio_264.wav,train,60.08,16000,0.01695050112903118,0.026617035269737244,0.6368408203125,0.6725239616613419,0.6570820021299254,122.75968568932456,21.74538152646286,17.22963585909025,0.12041592826477636,0.08863783525082052,1610.9145036770824,782.2240158190103,1589.1441420497035,447.77312631005685,3201.8728367944623,1525.9588840072463,-476.3095397949219,144.14031982421875,78.13190460205078,64.34547424316406,1.5581998825073242,22.073001861572266,6.431150436401367,20.65066146850586,3.621238946914673,12.34038257598877,2.182727336883545,9.792441368103027,-6.399209022521973,15.531881332397461,0.9415708184242249,8.283042907714844,-5.231014728546143,8.683614730834961,-4.962458610534668,8.433087348937988,-4.303337574005127,7.361390113830566,-1.6881544589996338,7.501875877380371,-5.255123615264893,7.47859525680542
audio_390.wav,train,60.0746875,16000,0.03361516073346138,0.026382524520158768,0.819793701171875,0.23535676251331203,0.38498402555910544,80.9911881955289,12.32186863347435,11.367320407902952,0.18019398129659212,0.1250952871317647,1962.3999834517347,1166.76233047016,1527.8292747936832,464.8924112032676,3489.778853833866,1842.9033006230934,-315.688720703125,106.81417083740234,90.247802734375,81.7857894897461,3.750654697418213,44.3576774597168,21.678909301757812,40.1595344543457,-8.550639152526855,26.305009841918945,-3.580528497695923,23.64310073852539,-12.42417049407959,20.750219345092773,-4.816763877868652,17.98503303527832,6.581079006195068,20.384939193725586,-5.40780782699585,16.87179946899414,-22.0545654296875,13.3942232131958,1.580217957496643,13.154170989990234,-3.180418014526367,11.02392292022705
audio_766.wav,train,60.0746875,16000,0.04610583558678627,0.04456509277224541,0.8240966796875,0.3993610223642173,0.6006389776357828,190.41804342135148,241.40440836612788,14.630544945860976,0.13369598226171459,0.08213571594087467,1261.3424038172996,579.8313319557011,919.4065310877928,307.38281302811106,2138.536674653887,816.8355599461028,-365.4543151855469,110.95606231689453,96.28976440429688,65.16809844970703,-32.34175491333008,38.50465393066406,13.219815254211426,30.663257598876953,-4.259430885314941,17.94232749938965,-26.275808334350586,23.814489364624023,-8.185545921325684,13.907224655151367,-17.344871520996094,16.808359146118164,-5.2940993309021,16.033679962158203,-2.040421962738037,11.731197357177734,-17.941164016723633,12.344593048095703,-4.920153617858887,9.924676895141602,-0.16449546813964844,8.62264347076416
audio_571.wav,train,49.4506875,16000,0.05054253712296486,0.04487106204032898,0.77783203125,0.352522639068564,0.6552393272962483,120.65074776640884,294.45893502622636,11.284074185839884,0.1377063667326973,0.1205532565404014,1553.7702799924045,1010.6525608471528,1396.7840839085538,486.03121484404465,2843.744946636481,1714.8878195908208,-326.1170654296875,137.05950927734375,94.97615051269531,66.25559997558594,-3.4835569858551025,38.17145919799805,25.350419998168945,35.97581100463867,-3.308194637298584,28.922468185424805,2.825629949569702,16.29010772705078,-8.08576774597168,18.784019470214844,-9.150805473327637,19.599855422973633,-4.163838863372803,17.037317276000977,-0.16196776926517487,14.558439254760742,-0.49503976106643677,13.71122932434082,-7.557840824127197,14.186482429504395,-2.6035244464874268,11.2088623046875
audio_393.wav,train,60.0106875,16000,0.04625054448843002,0.04708774387836456,0.764312744140625,0.43390191897654584,0.6082089552238806,112.57112811964524,17.375931876722763,16.824573371422574,0.11253971840018656,0.1026901505257368,1747.8558272175349,982.3119467744347,1739.1551073060018,522.9532181365914,3601.0086287313434,1785.8097621827878,-345.10491943359375,134.4222412109375,91.52799224853516,56.970848083496094,12.554128646850586,32.98878479003906,21.981801986694336,31.72103500366211,0.7959235310554504,21.020998001098633,-11.209884643554688,24.005001068115234,3.658982753753662,20.38850212097168,-6.068985939025879,20.007686614990234,-7.38343620300293,17.98090362548828,5.858673095703125,16.768234252929688,-1.5690410137176514,11.705789566040039,2.0854344367980957,11.0614652633667,1.1902812719345093,13.894822120666504
audio_691.wav,train,39.2533125,16000,0.03086228109896183,0.027501782402396202,0.579010009765625,0.3333333333333333,0.6267318663406682,136.21039964151845,35.4065820198518,26.485852151037946,0.1175293366697229,0.1128240479625774,1487.8784631726928,1148.9037612696006,1484.0646690537344,499.7663139361938,2648.6603504482478,1875.6945545927817,-321.9990234375,48.73616409301758,124.2603530883789,48.333045959472656,17.314237594604492,30.199270248413086,2.7750284671783447,19.775510787963867,0.6970702409744263,13.115811347961426,1.580359935760498,12.010656356811523,-10.583168983459473,18.486757278442383,-3.0427041053771973,13.52164363861084,-5.978003025054932,11.931112289428711,3.6731696128845215,10.487601280212402,-11.308259010314941,9.968314170837402,-8.70052719116211,8.395066261291504,-4.2169904708862305,7.685102939605713
audio_128.wav,test,45.06,16000,0.018476366996765137,0.01803254522383213,0.272125244140625,0.3860894251242016,0.6855926188786373,118.57804013471404,27.064151532819814,21.69698381484035,0.0911446781848829,0.061663656048417025,1313.264772363247,629.1154875739196,1370.9778488514733,523.5505989508473,2646.685370830376,1444.3096100238815,-428.9095458984375,111.76781463623047,114.97631072998047,50.469703674316406,0.36984705924987793,38.00347900390625,33.144527435302734,28.65924835205078,-11.022507667541504,24.513870239257812,-11.645881652832031,17.535968780517578,-9.053574562072754,15.177334785461426,-12.549179077148438,14.742411613464355,-1.847275972366333,10.750962257385254,-8.662834167480469,11.958873748779297,-2.0939643383026123,8.44661808013916,-2.751901388168335,8.443857192993164,-5.733756065368652,8.805126190185547
audio_156.wav,test,44.9693125,16000,0.04637923091650009,0.04559909179806709,0.999969482421875,0.39046941678520625,0.5305832147937412,205.2672581380976,30.08979548983079,21.351677477435913,0.1864775960170697,0.13442899948322265,1887.4078408829125,1131.2287075758054,1602.6022862244356,499.22254538040835,3499.32210170697,1903.61236294215,-367.251953125,104.92089080810547,75.92701721191406,57.165401458740234,10.536552429199219,36.795555114746094,11.801055908203125,33.07789993286133,-25.40544891357422,27.900169372558594,-19.587032318115234,18.259807586669922,-31.756473541259766,29.00740623474121,1.5259746313095093,16.91426658630371,-12.660303115844727,17.222078323364258,-18.27599334716797,13.206761360168457,-6.153337001800537,13.933969497680664,-5.587032318115234,10.239784240722656,-7.673637866973877,9.79428768157959
audio_19.wav,test,45.012,16000,0.0482836551964283,0.044187646359205246,1.0,0.31058990760483296,0.6204690831556503,155.56349186104043,20.619431824039612,24.78196576423838,0.1620250449760128,0.08214866183286366,1677.4486177558808,724.9289170784427,1313.9410096274864,388.69384236914084,2978.244936034115,1212.0734712279313,-290.5310363769531,116.55537414550781,96.61685180664062,54.44209289550781,-34.46786880493164,39.698978424072266,25.366966247558594,39.640743255615234,-17.212759017944336,24.77483558654785,-20.334138870239258,20.464393615722656,-10.480363845825195,16.677717208862305,-22.931285858154297,17.819332122802734,-10.653892517089844,13.497079849243164,-10.828346252441406,12.366035461425781,-17.725065231323242,11.668585777282715,-2.5288052558898926,10.497900009155273,-7.882828235626221,9.19935417175293
audio_108.wav,test,58.98,16000,0.0052593122236430645,0.005213744007050991,0.12420654296875,0.43817787418655096,0.6122559652928417,154.66751207845843,20.347252366965964,10.722881291635247,0.15975111425569413,0.10990504291470646,1915.4315935717148,861.1409269625765,1736.0174401535203,322.6500047246873,3641.807043112798,1465.3635622675254,-473.427001953125,74.83598327636719,80.18289184570312,39.629737854003906,-11.148033142089844,22.55394744873047,6.7970147132873535,21.02300262451172,-13.80673599243164,14.524109840393066,-9.319719314575195,12.535501480102539,-15.453166007995605,14.957640647888184,-3.7126529216766357,9.998934745788574,-15.392050743103027,9.221681594848633,-1.6232242584228516,10.203712463378906,-9.178815841674805,7.352478981018066,-6.52288818359375,6.525155544281006,-6.726883411407471,7.1927618980407715
audio_206.wav,test,45.04,16000,0.05880949646234512,0.03803020715713501,0.717132568359375,0.24076704545454544,0.8146306818181818,128.565497341737,19.50212757103712,13.373243540477844,0.06453323364257812,0.06590245009827561,1171.6665264554586,725.126068744516,1447.879524283305,452.04898156227057,2234.746759588068,1512.533390868713,-277.7621154785156,101.52593231201172,125.96892547607422,42.92763137817383,6.506185531616211,30.519550323486328,16.254131317138672,25.427919387817383,18.646039962768555,19.58759117126465,2.7397959232330322,18.180160522460938,-4.877899169921875,18.574954986572266,11.119332313537598,11.108348846435547,-0.2294771820306778,14.190731048583984,-0.6357517838478088,11.704207420349121,4.300981521606445,9.297210693359375,-1.969271183013916,11.009747505187988,1.7234011888504028,9.55795669555664
audio_161.wav,test,45.06,16000,0.07141250371932983,0.049050066620111465,0.77618408203125,0.1980127750177431,0.8431511710432931,198.27510177438265,34.8966148814687,20.624360958941793,0.07535229717441448,0.05009729234045528,1312.9775346938136,615.4972488694261,1564.2742296920917,417.9117824080397,2634.7753282469835,1421.2472892499625,-260.447998046875,66.94005584716797,108.64620208740234,35.75916290283203,11.352258682250977,22.36745834350586,22.79309844970703,22.717876434326172,12.956762313842773,12.697644233703613,-5.760996341705322,17.320119857788086,-24.307565689086914,18.053863525390625,-2.9701015949249268,14.419310569763184,-4.112795352935791,12.419440269470215,0.9169086813926697,11.041929244995117,2.689812660217285,8.717901229858398,8.959399223327637,8.141597747802734,-3.289313793182373,8.395537376403809
audio_215.wav,test,44.84,16000,0.10136976093053818,0.07160590589046478,0.814239501953125,0.24179743223965763,0.8509272467902995,126.35681904967383,33.79979929940883,41.302000134188035,0.08917993825784594,0.048705316572993346,1325.791866966545,528.0812870024962,1370.6750146394077,389.49157227946233,2774.050463623395,1165.3395121048309,-181.0990753173828,57.23318099975586,126.55078887939453,32.489707946777344,-14.822561264038086,23.781494140625,38.15861129760742,21.10737419128418,-13.995258331298828,15.115433692932129,2.156141757965088,13.398497581481934,-7.911242961883545,13.571882247924805,-1.4877532720565796,13.540867805480957,-10.100042343139648,10.168180465698242,6.067933559417725,10.559956550598145,-10.574560165405273,7.871340751647949,5.4054179191589355,8.666141510009766,2.954362392425537,8.21203899383545
audio_213.wav,test,45.06,16000,0.041799452155828476,0.02952890284359455,0.56658935546875,0.2320794889992903,0.8105039034776437,201.74088950502764,173.89839874150988,16.413193708701613,0.13867603353442157,0.12976055886452892,1686.2873118079006,957.4456956177036,1453.8412147474776,459.5183772430812,3071.532336763662,1706.80469348233,-342.5437316894531,112.26874542236328,81.41409301757812,52.79347610473633,-23.675474166870117,34.77973937988281,19.456209182739258,35.4825439453125,-24.560720443725586,25.48712158203125,-7.882691383361816,17.93746566772461,-15.81826400756836,15.064332008361816,-14.229386329650879,13.948894500732422,-13.701675415039062,13.913756370544434,-8.941901206970215,10.647350311279297,-12.539974212646484,10.102716445922852,-7.5648064613342285,10.145942687988281,-3.2730355262756348,8.511677742004395
audio_11.wav,test,45.06,16000,0.04814157634973526,0.04435528814792633,1.0,0.39673527324343505,0.7572746628814763,167.69467255813382,48.41372065441136,36.88564549417083,0.09340172274219305,0.06341907693602614,1391.2016227338274,431.21942224222556,1386.920454683885,399.4010263289258,2669.906627040454,847.0890509539541,-312.6171875,116.60330963134766,108.42840576171875,40.8263053894043,-22.460289001464844,40.84269714355469,35.72386932373047,26.86140251159668,12.772148132324219,20.191333770751953,-13.103565216064453,21.962005615234375,20.67160415649414,19.44382667541504,-3.9124953746795654,15.897943496704102,-0.07784711569547653,11.435839653015137,-1.1048132181167603,9.383306503295898,-7.798386096954346,11.560749053955078,2.993086099624634,7.67600154876709,0.8731247782707214,7.497170448303223
audio_155.wav,test,44.8626875,16000,0.06894558668136597,0.05819894000887871,0.874542236328125,0.3095577746077033,0.6683309557774608,201.74088950502764,55.591029439306276,38.65963013630591,0.1181274936474679,0.12470268988711197,1345.0380196584204,1094.4882725021375,1383.585909255299,571.4044071635956,2404.360957560628,1998.1244774839397,-320.0274963378906,57.722774505615234,109.84016418457031,51.81349182128906,20.403057098388672,33.685054779052734,24.138689041137695,26.065696716308594,-9.02096939086914,29.868932723999023,-3.155742883682251,22.118494033813477,-9.222199440002441,14.460349082946777,-7.735877990722656,15.77733325958252,-14.013022422790527,11.318564414978027,-12.278903007507324,9.83792495727539,-13.163511276245117,8.81307315826416,-10.89614486694336,8.745731353759766,-5.606959819793701,7.351663589477539
audio_39.wav,test,60.08,16000,0.03325299918651581,0.028231792151927948,0.70086669921875,0.308839190628328,0.7257720979765708,169.64319079487348,35.58845474286505,24.589643350223128,0.13280781998801916,0.07035879180750498,1490.524164662852,576.017077617176,1198.838667646299,414.0565504754942,2640.679080138445,1116.9137335380221,-377.9197692871094,136.17478942871094,105.23458099365234,53.48295974731445,-39.06257629394531,54.75129318237305,49.1370964050293,36.789024353027344,-2.7616796493530273,23.102582931518555,-24.13859748840332,21.886966705322266,5.824779510498047,14.787589073181152,-0.2680519223213196,15.884982109069824,-16.823034286499023,15.14242935180664,-5.833951473236084,10.915914535522461,-3.903254508972168,10.30941390991211,-6.876434326171875,11.9412260055542,1.509200096130371,8.97541618347168
audio_168.wav,test,45.06,16000,0.011869248002767563,0.014990143477916718,1.0,0.7288857345635202,0.6103619588360539,187.14677540918822,38.48496476279502,41.84743947917417,0.18124383150727466,0.14184069173118402,2181.3291900755457,1141.9952265527932,1745.5252777662315,394.14714320340744,4024.3468328601843,1669.306095374349,-451.3422546386719,121.2172622680664,52.1092529296875,51.77888107299805,8.800731658935547,41.65521240234375,20.568838119506836,32.05091094970703,-11.72799301147461,29.39961051940918,1.4400497674942017,18.631996154785156,-9.738260269165039,16.297258377075195,-2.8889544010162354,15.350752830505371,-8.84660816192627,14.449755668640137,-2.1867291927337646,11.460021018981934,-9.400361061096191,11.909913063049316,-0.09247303009033203,9.135841369628906,-5.536582946777344,8.08753776550293
audio_133.wav,test,45.06,16000,0.005751572083681822,0.005835143383592367,0.97003173828125,0.3520227111426544,0.7146912704045423,127.82501456536235,297.94404687738114,8.19386261632566,0.19161625598828957,0.14278136224875235,2087.7660572122995,892.1753508334161,1784.9036248438358,295.4952061437057,3940.7159332860183,1343.0223374829166,-477.7539978027344,105.4545669555664,70.49169921875,45.391868591308594,-3.439385175704956,29.660316467285156,26.940366744995117,27.865116119384766,-4.891443729400635,19.061233520507812,-9.793366432189941,19.244598388671875,-21.157608032226562,14.906978607177734,-8.60141372680664,14.122099876403809,-11.435067176818848,12.450273513793945,-3.1055870056152344,13.707109451293945,-11.192447662353516,10.466384887695312,5.56099271774292,11.273717880249023,-16.647968292236328,12.610441207885742
audio_28.wav,test,18.56,16000,0.022690683603286743,0.02077215351164341,0.4688720703125,0.33907056798623064,0.3029259896729776,105.64102395561046,12.932281960369057,8.31160472872817,0.2977792867900172,0.1484627231278375,2856.6951073262626,1071.992340108847,1961.4571199237707,279.1247002298834,5201.000430292599,1296.260481819907,-325.7719421386719,158.37484741210938,29.547950744628906,56.07294464111328,-11.149720191955566,27.454833984375,1.9619592428207397,32.95578384399414,-14.692755699157715,19.0671329498291,-6.634443759918213,16.888063430786133,-20.810630798339844,17.77248191833496,-1.4504389762878418,12.296853065490723,-15.596412658691406,15.071828842163086,-5.199174404144287,12.124536514282227,-8.392024993896484,10.6708984375,-5.167690277099609,12.073121070861816,-3.2617478370666504,9.170894622802734
audio_40.wav,test,60.08,16000,0.03477335348725319,0.029718149453401566,0.6495361328125,0.29605963791267303,0.7673056443024494,174.61411571650194,31.623842486979374,24.649508459148166,0.12764238676451012,0.07051560916023646,1468.903215742928,612.8355374781235,1261.3970982507462,445.7828197876811,2708.8242145899894,1255.6965897769485,-379.687744140625,118.02252197265625,98.70515441894531,52.77348327636719,-22.986501693725586,48.85487747192383,45.36591339111328,33.524436950683594,-4.21682596206665,20.520193099975586,-29.710472106933594,24.9680233001709,8.617125511169434,13.739642143249512,-1.2344125509262085,14.628128051757812,-18.702880859375,14.262742042541504,-5.226906776428223,9.101405143737793,-2.2076377868652344,10.031612396240234,-6.272185325622559,9.796878814697266,-1.677886724472046,8.564882278442383
audio_181.wav,test,44.7,16000,0.012070102617144585,0.009613605216145515,0.246978759765625,0.2999284180386543,0.4889047959914102,109.36644661993022,12.451797398163597,6.318131937912241,0.16145507113457408,0.1160645291191684,1888.1059837396378,971.1824070088509,1708.0075127696225,448.1896286796678,3698.024785254116,1684.5731675830953,-403.8040466308594,102.98926544189453,87.52265930175781,50.82542419433594,-4.456421852111816,27.736927032470703,19.706029891967773,24.638612747192383,-15.639827728271484,18.604347229003906,-10.848222732543945,13.423877716064453,-16.6195011138916,14.357179641723633,-17.51946449279785,15.509958267211914,-10.1138916015625,10.855696678161621,-12.683817863464355,11.773517608642578,-11.165338516235352,8.418316841125488,-5.755001544952393,9.086605072021484,-15.882672309875488,12.120776176452637
audio_201.wav,test,45.9946875,16000,0.021734751760959625,0.014395413920283318,0.520050048828125,0.25382475660639775,0.713490959666203,181.8190699939266,33.833539102525656,31.11496570331684,0.10820930491568151,0.0646432957046362,1668.8501981523111,602.5767586490465,1691.3959072475254,304.94476567900233,3355.7458275382473,1246.9886840796783,-285.9314880371094,54.066280364990234,98.33198547363281,31.1462345123291,-10.391524314880371,18.920446395874023,7.482850551605225,16.272775650024414,-9.31993579864502,11.32406234741211,-0.17161430418491364,12.176919937133789,-13.481531143188477,10.181878089904785,0.32896897196769714,9.0197114944458,-19.36442756652832,11.28525447845459,-5.367611408233643,7.223626613616943,-12.74266529083252,7.787041187286377,-13.10714054107666,7.498935222625732,-9.606208801269531,7.38557767868042
audio_182.wav,test,45.06,16000,0.016980960965156555,0.007218688726425171,0.153900146484375,0.0,0.7260468417317246,264.6655079380657,79.11662027665221,62.75481466473198,0.11195675678672817,0.08110137884794945,1864.6930782325146,856.6672509062921,1854.947859952418,397.35273144725056,3772.4616305890704,1370.7934458992859,-326.6913146972656,55.214073181152344,74.82876586914062,32.24182891845703,7.673431873321533,31.460678100585938,39.806915283203125,22.45699691772461,5.004349708557129,17.728004455566406,2.706719398498535,14.74857234954834,0.678371250629425,11.704543113708496,6.93662166595459,10.532121658325195,7.73363733291626,11.568931579589844,3.497481346130371,8.518011093139648,-0.4923763573169708,8.331887245178223,5.975312232971191,8.468186378479004,8.116564750671387,8.08827018737793
audio_126.wav,test,45.0,16000,0.02032148279249668,0.01683148927986622,0.3326416015625,0.3660270078180526,0.6247334754797441,90.90953499696329,9.870572023986087,8.956355755323074,0.10785601845682302,0.08649912760355223,1654.670801577905,793.0792182327183,1781.9529743221508,417.56765960258446,3445.051528073916,1506.1370798191565,-330.355224609375,76.95519256591797,93.9894027709961,44.66636657714844,3.389535903930664,22.408588409423828,26.95589256286621,22.916885375976562,27.71459197998047,15.670099258422852,7.623495101928711,14.126708984375,-2.4986443519592285,11.866372108459473,2.6093597412109375,11.08825397491455,-0.5019096732139587,14.441648483276367,6.071178913116455,9.49050521850586,-8.713038444519043,9.626116752624512,-3.1808512210845947,7.134533882141113,4.755621910095215,6.569953918457031
audio_10.wav,test,45.06,16000,0.04420139640569687,0.02664835937321186,0.400787353515625,0.10078069552874379,0.6962384669978708,109.99999999999999,60.638386684611085,13.467447574435113,0.05376430535841022,0.0511312652416196,1192.3095360800648,622.5935110751186,1560.0462635584172,403.0385671991096,2589.497205464869,1319.4978399368306,-296.97662353515625,68.53150177001953,109.7994613647461,37.97940444946289,16.061790466308594,21.274883270263672,44.338356018066406,26.001873016357422,3.768017292022705,13.027755737304688,3.2620673179626465,11.454849243164062,0.40216466784477234,9.863966941833496,-5.484832286834717,9.530203819274902,-2.138714075088501,11.298992156982422,-9.419587135314941,12.384416580200195,4.930249214172363,7.6877241134643555,0.11527879536151886,7.878412246704102,-1.1274882555007935,7.889325141906738
audio_134.wav,test,45.06,16000,0.09152338653802872,0.039048533886671066,0.9302978515625,0.0,0.652235628105039,117.21605517913326,28.88534037075627,58.064433988881376,0.06762054205110007,0.050800899284012796,1359.5800625760578,500.90193142063646,1698.2616371905724,259.8478610446259,2981.4917494677075,999.6340706224861,-154.404052734375,47.49464416503906,105.28174591064453,22.980037689208984,4.785770416259766,16.293975830078125,27.71837043762207,16.05924415588379,7.755972862243652,9.921459197998047,17.55872344970703,7.838418960571289,7.182925701141357,8.798271179199219,2.720168113708496,9.155027389526367,5.206754684448242,8.431760787963867,9.56491470336914,8.93399429321289,7.778671741485596,7.101264476776123,0.8976826667785645,9.397289276123047,0.9808026552200317,7.162458419799805
audio_69.wav,test,60.0746875,16000,0.013676142320036888,0.021231990307569504,0.9888916015625,0.7231096911608094,0.20979765708200213,100.87044475251382,13.817167290588007,16.457251607398263,0.2627668126830405,0.09667684894117687,2698.9613633687163,756.9148670175058,2053.349909249883,292.4728222834021,5188.872803514377,1056.5792248080884,-365.5641784667969,106.5731201171875,45.71855545043945,41.55230712890625,5.883308410644531,21.908544540405273,14.061851501464844,23.57360076904297,-1.2767480611801147,20.7760066986084,1.1783233880996704,16.036762237548828,-12.926128387451172,15.482913970947266,-1.830927848815918,11.542986869812012,-9.023365020751953,10.904067993164062,1.946739673614502,13.113655090332031,-7.7571282386779785,9.811226844787598,-2.9447438716888428,8.94917106628418,-8.09546184539795,9.327940940856934
audio_112.wav,test,43.02,16000,0.0357205793261528,0.03646120801568031,0.66851806640625,0.44386617100371745,0.670631970260223,174.11126406550153,57.63958858691635,33.2384301239571,0.1348418622211896,0.10929822467701017,1585.5749891914763,897.856756424144,1523.942771854686,541.4801465536478,3013.3480483271373,1690.2812641183034,-318.0740661621094,75.244384765625,111.01902770996094,43.74671936035156,-8.484029769897461,33.789283752441406,9.37392520904541,22.42953109741211,-9.396768569946289,22.142606735229492,-4.207131385803223,15.384407043457031,-2.6417112350463867,12.672362327575684,-4.439767360687256,11.994270324707031,-1.260101079940796,8.757369041442871,-8.529452323913574,10.392389297485352,-3.6349081993103027,7.311983585357666,2.533827543258667,7.695891380310059,2.0950281620025635,6.350439071655273
audio_180.wav,test,45.06,16000,0.052817318588495255,0.06240606680512428,0.92059326171875,0.5102909865152591,0.5230660042583393,151.1349012203898,23.519507234817837,24.98291793158731,0.14189577881032647,0.11947007523099643,1956.7037979495824,1004.5939731773066,1752.5082689632357,431.4899569618285,3771.513484740951,1733.2190110277768,-343.5166931152344,143.9980010986328,52.83980178833008,51.60797882080078,-1.4199837446212769,27.72225570678711,16.239601135253906,26.981849670410156,-5.769359588623047,21.914587020874023,-8.368241310119629,17.622066497802734,-16.339670181274414,21.54511260986328,-6.264893054962158,14.37736701965332,-6.967413902282715,13.059965133666992,-4.539485454559326,13.431654930114746,-4.25490140914917,9.671278953552246,1.946943998336792,8.697421073913574,-7.990489959716797,12.225005149841309
audio_177.wav,test,45.06,16000,0.02077285386621952,0.013252190314233303,0.744140625,0.18949609652235627,0.8097941802696949,191.5211239251473,120.05574492838188,26.88047958109871,0.13604264161195884,0.15510668810806924,1652.470203950795,1163.6520895386345,1429.1397791219085,481.12134475584924,2964.547107877928,1759.6338596788416,-381.3053283691406,87.09168243408203,85.73018646240234,51.68691635131836,-3.0363566875457764,41.376731872558594,10.787994384765625,34.90230178833008,-22.175642013549805,25.116714477539062,-4.374330997467041,20.25912857055664,-1.7649075984954834,14.119988441467285,-6.746964931488037,15.521109580993652,-4.700768947601318,12.036373138427734,-7.044225215911865,11.1597261428833,-7.622325897216797,9.40759563446045,-4.453223705291748,8.908587455749512,-7.683315753936768,9.087801933288574
audio_77.wav,test,60.0746875,16000,0.04771893844008446,0.04382564127445221,0.86309814453125,0.3365282215122471,0.5500532481363152,158.2826938011902,30.654109579250022,33.99068299833175,0.16372085912539935,0.12601514483232232,1893.9058051920244,1105.2897693083464,1521.0609200664255,540.4507115388724,3397.231096911608,1713.4963031572147,-284.7278137207031,99.62812042236328,97.9206771850586,53.84746551513672,-15.591333389282227,53.94552993774414,14.54581356048584,34.766666412353516,-13.581171989440918,30.390783309936523,-2.897899866104126,20.54786491394043,-5.55724573135376,17.73421859741211,-0.3063255548477173,15.732329368591309,3.378261089324951,14.005316734313965,-1.9461559057235718,11.532352447509766,-7.3762125968933105,10.41012954711914,-14.25304126739502,12.116053581237793,-4.792082786560059,9.405084609985352
audio_111.wav,test,60.06,16000,0.04942978173494339,0.032998256385326385,0.546234130859375,0.22109749600426212,0.6483750665956314,193.74649219115264,119.69377661268588,55.09639390012103,0.1211686700852424,0.12252766894332084,1858.59223666794,1174.6552077361782,1842.1983301036068,484.22010291047525,3617.562100426212,1970.4827858549538,-268.10589599609375,59.756324768066406,84.67285919189453,44.17552947998047,27.81131362915039,32.83659362792969,16.03876495361328,22.38541603088379,-17.096683502197266,21.711137771606445,-13.518985748291016,16.377819061279297,3.5487608909606934,13.226272583007812,2.209023952484131,13.681035995483398,4.355245113372803,10.86592960357666,0.04468293860554695,7.843005657196045,-4.129130840301514,7.257729530334473,-3.5172314643859863,8.400799751281738,2.1288928985595703,7.988401412963867
audio_18.wav,test,45.06,16000,0.00771217280998826,0.006797060836106539,0.13934326171875,0.31227821149751595,0.6174591909155429,114.5388367788287,16.11277297900201,14.649419849346955,0.17347984774219305,0.11679058168731936,1949.183019944146,984.0912104457273,1629.3295009285687,441.1439296046092,3636.383294889993,1717.1031326818713,-462.94970703125,131.02468872070312,85.78279113769531,62.38677978515625,-5.634499549865723,35.68058776855469,27.051490783691406,33.63663864135742,-8.149760246276855,20.973491668701172,-9.748580932617188,18.85658836364746,-7.854655742645264,14.474775314331055,0.1162833645939827,12.930262565612793,-5.944654941558838,11.798073768615723,-2.273402214050293,10.906204223632812,-9.740945816040039,9.868227005004883,-4.11835241317749,11.358576774597168,-2.4865927696228027,8.308576583862305
audio_175.wav,test,45.06,16000,0.01371085736900568,0.00869342777878046,0.163543701171875,0.15046132008516677,0.7047551454932577,206.4563592676515,42.263628603773235,50.009304860239894,0.1418528072879702,0.11620376318910525,1644.4954334320462,1018.4437410963124,1484.47846316385,490.763497188608,2976.717751951739,1779.6158393976982,-410.91571044921875,81.6558609008789,102.47148132324219,53.05575942993164,-8.353403091430664,38.20314407348633,3.344137668609619,36.427833557128906,-15.418279647827148,26.72539520263672,-9.22200870513916,20.503225326538086,-19.061052322387695,16.210721969604492,-5.821402072906494,14.119911193847656,-13.759855270385742,13.224352836608887,-6.61452054977417,10.71915340423584,-14.126954078674316,9.964458465576172,-1.8902043104171753,10.619771957397461,-7.666584014892578,8.896039009094238
audio_33.wav,test,51.14,16000,0.050654664635658264,0.048447832465171814,0.672149658203125,0.35021888680425267,0.6891807379612258,266.19869962824436,203.98292622006025,28.011438725982714,0.23016613166432145,0.17654457711552834,2457.915239892186,1348.5087780287845,1767.2179591679578,476.9323211081684,4259.678900875547,1922.5423484741157,-315.5323181152344,110.68212127685547,37.654544830322266,62.661800384521484,-3.7414357662200928,41.750335693359375,2.5147440433502197,34.161651611328125,-15.04776668548584,24.360919952392578,-15.978170394897461,23.93076515197754,-13.781692504882812,17.76414680480957,-15.624768257141113,20.7036190032959,-11.122312545776367,16.24413299560547,-11.058915138244629,14.211030006408691,-14.529500961303711,12.242148399353027,-8.33340835571289,12.239191055297852,-10.454207420349121,11.426087379455566
audio_15.wav,test,45.06,16000,0.0045382799580693245,0.0030990149825811386,0.05340576171875,0.1994322214336409,0.6905606813342796,202.90956258890662,41.11083508102736,40.61150783591481,0.0620283528876863,0.05464940452656675,1359.7736629408953,633.8832464006888,1608.910051217228,435.2899317514899,2859.219748048261,1484.4474507512934,-531.325927734375,82.9706802368164,99.51066589355469,38.872623443603516,4.752362251281738,32.178951263427734,20.854324340820312,25.57065200805664,-12.626622200012207,23.757858276367188,15.882381439208984,14.37826156616211,-4.886438846588135,13.903964042663574,1.8897820711135864,13.976424217224121,7.100135326385498,10.325557708740234,-3.073578357696533,10.254491806030273,1.4260404109954834,6.90056037902832,-0.7543795704841614,10.759233474731445,1.1822755336761475,8.039777755737305
audio_4.wav,test,41.4186875,16000,0.11037272214889526,0.09289763867855072,1.0,0.23938223938223938,0.5922779922779923,146.8323839587038,18.834466681088035,24.18928814240377,0.15594949022683396,0.12968156676776832,1676.533696620965,1192.6102328019997,1227.5961326706145,544.0691362421226,2888.6221042471043,1813.832150764979,-253.13465881347656,107.43109893798828,88.12509155273438,79.44654083251953,-14.882583618164062,45.88381576538086,16.897605895996094,46.953102111816406,-23.797523498535156,35.07998275756836,-11.448347091674805,23.135238647460938,-18.030040740966797,18.725801467895508,-27.852619171142578,21.66289520263672,-8.442084312438965,15.93431568145752,-4.392984390258789,13.759971618652344,8.284542083740234,12.105947494506836,-5.723634243011475,13.21481704711914,-20.017789840698242,12.642099380493164
audio_27.wav,test,60.0746875,16000,0.06301932781934738,0.05701162666082382,0.8787841796875,0.345580404685836,0.7875399361022364,141.01384901128017,39.47794265151577,19.451645592684173,0.1234116559338392,0.08532504644860893,1630.8290128857313,767.0709945976796,1487.7318500328781,345.72649321848206,3102.7647430777424,1291.2645238553187,-285.51214599609375,126.69925689697266,85.25249481201172,44.115379333496094,-11.89700984954834,33.62981414794922,30.885852813720703,34.66446304321289,-2.3460795879364014,22.95834732055664,-0.35392728447914124,17.844736099243164,-1.4054847955703735,18.925325393676758,-21.511981964111328,24.041452407836914,-6.775673866271973,17.251737594604492,-5.737086296081543,15.769051551818848,-3.363074779510498,13.824870109558105,3.5302367210388184,13.143333435058594,-8.185457229614258,13.371115684509277
audio_96.wav,test,41.4,16000,0.017759352922439575,0.014687657356262207,0.258331298828125,0.2867078825347759,0.8222565687789799,104.42763330455712,17.127714738573765,13.50332039656196,0.12459850753477589,0.10063024636506988,1773.6609111596986,878.9312974141045,1824.71152655176,422.9491179412865,3673.8915185471405,1684.7407368285715,-353.92730712890625,54.18363571166992,86.0690689086914,39.18968200683594,14.841401100158691,22.505109786987305,29.5725154876709,20.47828483581543,2.0792267322540283,16.859872817993164,1.04658842086792,14.842464447021484,-1.2109102010726929,11.136959075927734,-7.326816558837891,14.702970504760742,-3.1671876907348633,9.094304084777832,3.4992969036102295,8.67110824584961,-4.343613624572754,8.594308853149414,1.6608147621154785,6.6250200271606445,-0.3560391068458557,5.893685340881348
audio_116.wav,test,45.06,16000,0.016105210408568382,0.013510964810848236,0.390228271484375,0.26827537260468415,0.7132718239886444,249.81097439559304,65.21584662994496,35.061609177897026,0.18128992193044713,0.1168133255660957,2205.2700354956705,959.5396139989103,1607.8622698751838,441.6869959514729,3956.3963804116393,1500.1957696586487,-417.5715637207031,140.5203399658203,54.4533805847168,42.939178466796875,-40.349117279052734,52.03936767578125,8.729738235473633,30.45607566833496,-30.629058837890625,35.56187057495117,1.817339539527893,19.134937286376953,-20.015047073364258,17.516742706298828,-5.217808246612549,16.5870361328125,-13.053445816040039,13.99459171295166,-2.347862958908081,12.041826248168945,-14.531553268432617,12.115301132202148,-7.871417999267578,11.476408004760742,-3.4476330280303955,9.35816764831543
audio_1.wav,test,45.06,16000,0.007512324955314398,0.004845184274017811,0.0693359375,0.18452803406671398,0.8921220723917672,115.20235351026894,31.39574836984918,60.9224196714336,0.059028316847054646,0.06328441923740163,1231.0060412969358,683.8846812248149,1519.3459759052616,411.21514169040995,2528.721611071682,1384.179761393562,-482.5603332519531,73.75688171386719,112.73589324951172,40.60462951660156,4.421108245849609,24.755924224853516,34.374855041503906,25.665359497070312,12.061169624328613,15.134143829345703,4.627656936645508,15.308150291442871,5.560795307159424,13.288485527038574,-3.854177236557007,12.934885025024414,-3.857982635498047,11.049352645874023,1.8527060747146606,10.490962982177734,2.950566053390503,8.908638000488281,3.009523391723633,6.639470100402832,15.954541206359863,9.372812271118164
audio_22.wav,test,44.82,16000,0.01676100678741932,0.01299116387963295,0.3477783203125,0.29978586723768735,0.3261955745895789,161.0494265540188,33.261408167323616,30.833932737305446,0.3108518329541399,0.13488819299214222,3143.7671833251284,952.9574079675575,1870.7904295600645,289.096759185182,5112.531227694504,1148.791418848683,-345.08636474609375,141.41261291503906,9.118868827819824,48.123817443847656,4.121470928192139,41.30213928222656,31.028879165649414,28.26141357421875,-19.84568977355957,20.197824478149414,4.468331813812256,18.230405807495117,-1.7531046867370605,14.487228393554688,-4.092684745788574,15.33471965789795,2.752507209777832,14.076519012451172,-0.09534623473882675,12.99085807800293,-11.851872444152832,12.460291862487793,2.915898084640503,9.101308822631836,-4.044093132019043,9.74599552154541
audio_114.wav,test,45.06,16000,0.013809101656079292,0.008718552999198437,0.191009521484375,0.16181689141234917,0.836763662171753,128.565497341737,14.386122298582292,19.21504811394,0.08743873092618878,0.06721607042010888,1526.9745363843244,761.771599942387,1583.226879515672,433.3010722597216,3138.0799769339956,1452.9793020166405,-380.66302490234375,79.2234115600586,104.54048919677734,43.858707427978516,-3.6398816108703613,32.511722564697266,36.78213882446289,27.631141662597656,-7.99009370803833,26.211380004882812,10.621559143066406,14.529376983642578,4.313833713531494,14.091836929321289,-7.196145057678223,15.13410758972168,5.763872146606445,10.727825164794922,0.10482820868492126,14.304155349731445,-0.034834135323762894,10.294540405273438,-3.007458448410034,9.792044639587402,2.2317934036254883,8.242453575134277
audio_146.wav,test,41.34,16000,0.005110945086926222,0.003978729248046875,0.057464599609375,0.30572755417956654,0.6687306501547987,225.1422562392905,206.58247849884623,15.699217118406096,0.19355740857198142,0.13985311812393292,2369.075887051337,1055.3058684054606,1788.70672762872,338.15931743796716,4376.947078173374,1465.6893642394148,-512.378662109375,112.75037384033203,43.861244201660156,48.82490921020508,-3.8298287391662598,33.27861022949219,27.608015060424805,27.65409278869629,-27.959009170532227,22.637470245361328,-0.8940308690071106,14.138274192810059,-12.297324180603027,12.658012390136719,-8.449694633483887,15.400079727172852,-12.856986045837402,11.919890403747559,-5.931212425231934,10.437891960144043,-14.531567573547363,9.675232887268066,-4.664815902709961,8.642303466796875,-8.25917911529541,8.556851387023926
audio_46.wav,test,60.608,16000,0.04974187910556793,0.040737856179475784,0.941131591796875,0.27651715039577834,0.42955145118733506,158.2826938011902,261.2899684524965,18.295703737128463,0.20390625,0.1298668655400544,2257.7177800394093,1042.5664878810496,1563.2531827342484,373.17376101961304,3924.587730870712,1461.28833332909,-278.59521484375,130.31381225585938,46.70045471191406,63.342369079589844,-30.084205627441406,40.62356185913086,16.7830753326416,31.78908920288086,-17.475618362426758,24.147300720214844,-11.369999885559082,19.165599822998047,-33.57358169555664,20.147592544555664,-12.85351276397705,16.704030990600586,-1.5452560186386108,16.7648868560791,-18.505130767822266,14.531596183776855,-27.622241973876953,16.146276473999023,1.648230791091919,13.374423027038574,-2.0561721324920654,11.46650505065918
audio_144.wav,test,45.06,16000,0.008634780533611774,0.011153949424624443,0.891876220703125,0.772888573456352,0.5372604684173172,116.54094037952247,15.149611497626253,12.907946095462975,0.05383638662171753,0.05570853162434613,1259.0874084867132,629.8302131014011,1508.7115853650296,457.1455268611954,2664.650239531583,1361.0981227150742,-456.2679138183594,97.73297119140625,79.36101531982422,53.308563232421875,16.672475814819336,27.152311325073242,25.569904327392578,27.977697372436523,0.3037636876106262,18.89272117614746,2.106261968612671,18.695045471191406,-0.24177442491054535,13.817931175231934,1.0368685722351074,11.764552116394043,1.9380799531936646,10.898580551147461,0.30774927139282227,9.822613716125488,4.086146354675293,7.408803462982178,0.6972736120223999,7.273972988128662,1.6422929763793945,6.739024639129639
audio_75.wav,test,60.0746875,16000,0.0532473549246788,0.04499777406454086,0.6756591796875,0.30990415335463256,0.7460063897763578,219.99999999999997,54.218176625986814,48.0700848905654,0.17652563190561768,0.16513081967898738,1927.6305678893373,1447.2810306500971,1501.0714828936902,547.8280826334944,3322.346745207668,2064.8549366091934,-330.3441162109375,89.37767791748047,76.2272720336914,58.747005462646484,8.647516250610352,42.41081237792969,13.755492210388184,37.25247573852539,0.21099300682544708,26.38882827758789,-11.687029838562012,21.715740203857422,-10.58266544342041,15.791862487792969,-0.8281916379928589,16.723417282104492,-10.350164413452148,17.466442108154297,-9.226190567016602,12.54918384552002,-2.2493231296539307,12.611452102661133,-15.232226371765137,13.65698528289795,-1.2514585256576538,11.617120742797852
audio_200.wav,test,44.92,16000,0.03488343954086304,0.031867340207099915,0.84869384765625,0.3368945868945869,0.6260683760683761,115.20235351026894,26.293792833662252,25.929549435503944,0.13963452635327636,0.10689158913002024,1871.113721124566,937.1437920221126,1695.33607776136,381.0728359941723,3620.9657674501423,1520.265346961127,-296.6473388671875,93.5701904296875,83.75424194335938,47.34513854980469,3.8533148765563965,25.157564163208008,25.78925132751465,26.44304656982422,-5.250913143157959,17.0343074798584,6.283895969390869,18.90578269958496,-9.452133178710938,12.352664947509766,-6.326860427856445,11.398058891296387,-12.670823097229004,10.42899227142334,-7.587398052215576,11.783913612365723,-5.861109256744385,8.056197166442871,-1.5229791402816772,7.872513771057129,-10.6351957321167,11.959663391113281
audio_196.wav,test,45.06,16000,0.015052394941449165,0.010161185637116432,0.09698486328125,0.17530163236337828,0.7899219304471257,257.13099468347406,30.078127289503136,31.11930375021916,0.11487708758427963,0.04494251713950242,1437.9981675952693,412.33153773213957,1331.3116494888038,281.9000957568699,2563.425966997871,998.56135127319,-372.9911193847656,72.07737731933594,116.70661926269531,29.497142791748047,-38.121063232421875,26.392871856689453,23.326772689819336,27.683841705322266,-1.0956244468688965,20.909902572631836,12.92739200592041,15.664981842041016,-31.014598846435547,13.657086372375488,3.5186073780059814,10.887667655944824,0.8098366260528564,11.473276138305664,-0.3195202052593231,8.84575080871582,9.196977615356445,8.325751304626465,-8.840968132019043,10.666032791137695,11.318659782409668,9.614763259887695
audio_190.wav,test,44.64,16000,0.012402735650539398,0.010941392742097378,0.24688720703125,0.29656160458452724,0.7012893982808023,136.21039964151845,21.91150566770672,22.646299430029345,0.10522915640669771,0.07793073891064248,1451.1580835326135,670.8526821312207,1365.087528645778,395.4361209664427,2860.8860136103153,1215.0109231360552,-421.748779296875,113.09980010986328,107.23712921142578,52.810325622558594,-15.677555084228516,36.45315170288086,35.6032600402832,32.84942626953125,-15.415740966796875,21.634387969970703,2.4168481826782227,16.481761932373047,-8.222725868225098,14.363723754882812,6.628070831298828,14.789724349975586,-3.5149247646331787,13.011155128479004,0.07745999842882156,10.124853134155273,-2.03812837600708,9.204302787780762,-2.1954705715179443,10.167073249816895,1.8021533489227295,8.68514347076416
audio_158.wav,test,45.06,16000,0.02197556383907795,0.007730323821306229,0.220703125,0.0007097232079489,0.4088005677785664,200.00132261849598,107.27864849593685,197.44501685524642,0.07323317734208659,0.03321268295396439,1489.2942234615616,317.9817726744287,1849.715693121456,291.84475974816394,3346.893852022711,976.2522535883937,-284.833984375,34.38847732543945,96.56733703613281,14.770256996154785,8.448980331420898,24.374588012695312,16.035364151000977,14.460982322692871,9.40209674835205,11.580421447753906,5.610189914703369,11.527811050415039,-3.5193114280700684,9.428881645202637,3.3568289279937744,9.258776664733887,5.833705902099609,7.8933892250061035,8.035492897033691,6.534271717071533,2.122936964035034,7.006270885467529,7.564881324768066,5.724198818206787,6.15281343460083,6.270659446716309
audio_17.wav,test,45.06,16000,0.05731768533587456,0.04030348360538483,0.983856201171875,0.2640170333569908,0.7672107877927609,241.30149553281768,65.68242887837019,48.444976258110444,0.10373914622515969,0.04796588418263672,1685.3171714873474,561.0320644413595,1623.5440201111358,346.69890765121664,3454.8604950319377,1075.3461992456644,-216.96566772460938,59.27653884887695,97.0612564086914,24.462312698364258,-20.297304153442383,25.788570404052734,31.077138900756836,29.786495208740234,-18.437164306640625,25.163061141967773,21.33601188659668,12.594093322753906,-11.659438133239746,10.484328269958496,-9.307747840881348,14.519916534423828,-2.546591281890869,10.060287475585938,8.885709762573242,8.309369087219238,8.70767593383789,7.96650505065918,2.9213080406188965,7.136227607727051,8.446455001831055,6.8848795890808105
audio_105.wav,test,60.06,16000,0.0418565571308136,0.03085177019238472,0.8111572265625,0.24933404368673415,0.7751731486414492,244.1052838549259,62.45761692628902,86.04927076082441,0.08406579856486414,0.03927720892358219,1264.1457701994175,346.4979387584245,1288.5589029486785,350.46165512657836,2362.042987480021,730.5017097973174,-310.4522399902344,69.65789031982422,120.5219497680664,30.063949584960938,-28.526229858398438,38.456539154052734,40.82644271850586,27.02906036376953,8.565722465515137,17.418556213378906,-5.933867454528809,17.444677352905273,-5.494641304016113,12.895857810974121,-0.5953558683395386,11.648794174194336,7.069546699523926,10.846975326538086,6.616278648376465,7.835896015167236,3.816030502319336,8.104405403137207,3.4350740909576416,8.310114860534668,4.368895053863525,7.84541130065918
audio_141.wav,test,44.76,16000,0.005538404453545809,0.0031971812713891268,0.059234619140625,0.014295925661186561,0.7083631165117942,207.65234878997256,57.659248991850845,44.78341927515939,0.08710044004646175,0.05650687027722159,1443.6585482029632,665.7838676076632,1564.9162016670073,423.674710506945,2933.6188795568264,1474.0672431632988,-461.0969543457031,61.591522216796875,112.23905181884766,34.24947738647461,-0.01699085161089897,27.136377334594727,26.332380294799805,28.013593673706055,-11.997340202331543,21.40461540222168,18.05832862854004,18.197507858276367,5.308431148529053,12.328559875488281,8.219444274902344,11.129902839660645,12.412508964538574,10.424606323242188,-9.97563648223877,13.288122177124023,13.334559440612793,12.400172233581543,8.424829483032227,9.607966423034668,-4.092278003692627,8.874383926391602
audio_129.wav,test,45.06,16000,0.045446962118148804,0.04239000380039215,1.0,0.34918381831085876,0.5400993612491128,197.13312122062953,72.56761643372423,116.77182036617423,0.14376677275550034,0.12587484968958879,1725.197652307581,1064.3100702463755,1599.9083295044618,567.906173478492,3386.4276525904897,1856.359332792445,-339.057861328125,146.21023559570312,92.78697967529297,62.63742446899414,8.891670227050781,41.81120681762695,20.951066970825195,30.747920989990234,-4.601163387298584,24.702356338500977,-1.9101165533065796,17.630088806152344,-9.144667625427246,17.195358276367188,-3.3505401611328125,16.25249481201172,-7.1133131980896,14.592630386352539,-6.769301891326904,13.757986068725586,-7.687819004058838,10.025686264038086,-2.3451101779937744,11.439963340759277,-4.091878890991211,9.89793872833252
audio_6.wav,test,45.032,16000,0.05065842717885971,0.030582858249545097,0.7855224609375,0.12428977272727272,0.7762784090909091,217.47308447763714,186.2047871340632,36.78902196128439,0.18651892922141336,0.14708882028526366,2259.1699582756964,1119.764244161905,1698.5204088404141,400.52550613962563,3956.731622869318,1700.4849513423333,-276.7073059082031,103.73102569580078,40.42478942871094,65.74175262451172,-18.53296661376953,48.51572036743164,9.613340377807617,39.25811767578125,-9.530261993408203,25.006540298461914,-21.664812088012695,23.194421768188477,-17.368366241455078,16.777196884155273,-8.600818634033203,16.580093383789062,-25.4291934967041,16.59659767150879,-3.5572807788848877,12.660019874572754,-24.05523109436035,11.522112846374512,-3.720590829849243,12.301115036010742,-9.44497299194336,9.720280647277832
audio_70.wav,test,52.6933125,16000,0.04040940850973129,0.035713598132133484,0.66180419921875,0.31026108075288406,0.5689131754705525,166.7288223161438,96.00611745490649,29.433719494776767,0.13462747134942318,0.11098326788574667,1527.1585194870079,1103.2985400451662,1241.572585553098,621.5887291336988,2655.5432225258046,1980.665868171231,-373.7837829589844,121.53717803955078,111.31282043457031,78.06114959716797,6.876555442810059,44.84408950805664,-3.5507547855377197,40.77802276611328,-25.976961135864258,31.954599380493164,-5.6168694496154785,23.739675521850586,-21.59544563293457,23.35529899597168,-20.970874786376953,20.953460693359375,-8.762253761291504,17.796152114868164,-15.015897750854492,14.56943130493164,-13.217040061950684,13.595146179199219,-6.96775484085083,12.343685150146484,-5.578486919403076,12.01141357421875
audio_35.wav,test,60.08,16000,0.0404517687857151,0.04012848064303398,0.72064208984375,0.3903088391906283,0.6027689030883919,186.06888929891866,52.27081195385103,29.13238796774249,0.12928897097976572,0.1354709782087002,2024.9981980788996,1204.213529050809,1933.4591139547024,379.49076667015566,4006.764177316294,1854.5765476315723,-325.2358093261719,110.9878921508789,61.574951171875,50.755855560302734,30.721603393554688,30.486656188964844,30.659879684448242,27.345308303833008,11.496400833129883,21.16213035583496,6.596522808074951,22.560302734375,9.077796936035156,16.87720489501953,11.186256408691406,16.102046966552734,-8.249256134033203,16.387372970581055,-15.33923053741455,16.470138549804688,-7.419623374938965,10.518251419067383,-0.4204918146133423,12.662800788879395,5.078577041625977,10.530782699584961
audio_203.wav,test,45.0,16000,0.017134806141257286,0.013584215193986893,0.26519775390625,0.32551528073916136,0.6915422885572139,111.9227661312955,47.62938311445904,9.841497895895472,0.0765612506663113,0.035042491470159406,1439.504675563486,506.76098973671037,1793.8572356202153,395.96794778861977,3161.930303837953,1559.475895916387,-338.3577575683594,36.56560134887695,111.70761108398438,29.54902458190918,15.643387794494629,13.598448753356934,5.038561820983887,11.522693634033203,6.6573662757873535,7.565030574798584,4.623479843139648,10.634291648864746,-7.834071159362793,11.893253326416016,-3.8408398628234863,8.252150535583496,3.3248093128204346,7.277523994445801,11.49937629699707,7.178617000579834,2.901951313018799,5.537681579589844,0.38414984941482544,4.82099723815918,-0.4724251329898834,4.824952125549316
audio_90.wav,test,44.9935,16000,0.05940496176481247,0.06848690658807755,1.0,0.42217484008528783,0.6403695806680881,160.1218501126406,67.17563646688647,32.04772455069198,0.23619139236851458,0.19159897179755625,2645.4094873989657,1478.8379497389017,1726.4797595899636,496.8885399965593,4448.055481520966,1926.9493823508283,-290.3475036621094,133.450439453125,29.007219314575195,65.14360046386719,0.06770937144756317,45.532470703125,11.2479887008667,34.858585357666016,-7.808750152587891,27.795740127563477,-7.1131696701049805,19.611648559570312,-21.888530731201172,19.061504364013672,-13.461498260498047,19.21612548828125,-9.11613941192627,15.948196411132812,5.508050918579102,13.029522895812988,0.6741393208503723,10.396026611328125,-6.344727039337158,10.788228034973145,-2.9723904132843018,9.19514274597168
audio_16.wav,test,45.06,16000,0.003896151203662157,0.003254825249314308,0.10015869140625,0.30872959545777146,0.6160397444996452,186.06888929891866,66.29684368703133,24.074572809018406,0.19972886355571326,0.13343306210533362,2263.882055398123,1002.0653790940336,1727.2189908902117,366.6722867379261,4130.361737047551,1488.669839897561,-508.3074951171875,103.5606918334961,54.413414001464844,52.46110534667969,-9.76810073852539,36.46284866333008,26.320032119750977,28.48529624938965,-23.12860870361328,19.14866828918457,-7.970021724700928,17.386987686157227,-14.858724594116211,14.514147758483887,-7.403200626373291,12.75225830078125,-13.087135314941406,12.140140533447266,1.5086400508880615,9.242230415344238,-8.065637588500977,9.194389343261719,-3.387211799621582,9.622236251831055,-1.9557455778121948,8.007546424865723
audio_138.wav,test,45.06,16000,0.013658255338668823,0.0123304957523942,0.312591552734375,0.3321504613200852,0.680624556422995,223.84553226259098,256.5830498569437,32.82323594370496,0.21762927497338538,0.13690785306847397,2452.7625609183833,980.8904109528551,1771.4899365986385,347.6313194394019,4342.5357079489,1476.2994101819957,-415.5297546386719,141.95703125,35.243682861328125,49.19384765625,-14.079195022583008,33.875823974609375,18.050466537475586,29.679561614990234,-20.727371215820312,22.65088653564453,-10.908857345581055,18.848417282104492,-15.049824714660645,14.138341903686523,-6.993687152862549,14.207854270935059,-13.206446647644043,11.601714134216309,-6.308646202087402,9.518818855285645,-5.583014965057373,9.589478492736816,0.943746030330658,8.999979019165039,-7.711928844451904,7.896261692047119
audio_100.wav,test,45.06,16000,0.016939548775553703,0.010149920359253883,0.14434814453125,0.1376863023420866,0.886444286728176,110.63722351746388,13.792742965529007,9.506260348682886,0.11989851789833215,0.09902714540233636,1679.9356285440413,912.2528096585953,1743.3850645216232,411.4331156167915,3377.578291341377,1707.8147561854166,-352.2918395996094,50.4758186340332,90.53839111328125,44.13996124267578,14.897700309753418,23.31682777404785,27.73297691345215,22.59468650817871,10.92062759399414,13.84713077545166,9.12829875946045,11.174570083618164,-14.06374454498291,15.035905838012695,-0.6397092938423157,11.275126457214355,-5.149198532104492,9.213329315185547,-9.853597640991211,12.336963653564453,-3.392637014389038,8.728472709655762,8.017345428466797,7.889493465423584,-0.9094498157501221,7.209632396697998
audio_115.wav,test,45.06,16000,0.009188720025122166,0.007529842667281628,0.48126220703125,0.3797019162526615,0.794180269694819,182.87233715141332,24.688261274388296,21.26044178801817,0.13479854673083747,0.11028335080322074,1769.8540860883181,912.1420743666068,1683.0982734481854,340.17118010754814,3463.0943931866573,1519.907464970083,-443.0552673339844,88.09066772460938,76.3031997680664,42.4190788269043,5.37980842590332,23.545421600341797,25.95914077758789,27.06136131286621,-16.008403778076172,17.54207992553711,-2.573331832885742,12.415502548217773,-12.140910148620605,13.066170692443848,-8.280778884887695,10.092214584350586,-11.458157539367676,10.8685884475708,-14.714552879333496,8.707365989685059,-9.322806358337402,8.392560005187988,-12.807135581970215,9.836956977844238,-5.754992485046387,7.6905388832092285
audio_118.wav,test,45.06,16000,0.06063319742679596,0.053699642419815063,0.837615966796875,0.3243435060326473,0.7047551454932577,108.73654223881857,16.241877070116782,14.666901245166486,0.1712228031848829,0.14637060311107178,2000.0843141082878,1238.0290421206525,1885.6672244100503,491.44915602266735,3816.525461320085,2180.603406586202,-292.4820861816406,125.49518585205078,69.98100280761719,60.37950134277344,21.824596405029297,29.855762481689453,16.75387191772461,29.099365234375,3.9257493019104004,20.293657302856445,-15.433493614196777,19.295833587646484,-1.0492254495620728,13.204425811767578,-12.894270896911621,13.761940956115723,-9.916522979736328,11.116050720214844,-4.966761589050293,11.032747268676758,-10.38215160369873,9.849024772644043,-6.368775844573975,9.693384170532227,-10.758594512939453,9.915000915527344
audio_137.wav,test,45.06,16000,0.008732639253139496,0.005752924829721451,0.128814697265625,0.13981547196593327,0.6650106458481192,96.87324609557632,21.12937926942299,20.297443340746113,0.05632007130500355,0.07198018967642293,970.4472481419726,789.2358758882582,1228.3337671458353,455.1056496146577,1868.3463449254791,1465.4676966724346,-486.6033630371094,88.91487121582031,133.68455505371094,58.10462188720703,18.418811798095703,30.60888671875,42.44017791748047,27.9410400390625,9.721443176269531,18.466096878051758,9.626693725585938,17.832609176635742,0.8065608143806458,17.47752571105957,-1.956858515739441,15.786925315856934,1.235280990600586,13.915745735168457,2.4133639335632324,12.08650016784668,-1.3606348037719727,10.028406143188477,-0.09108851850032806,8.824505805969238,-0.0506814680993557,10.076051712036133
audio_101.wav,test,42.54,16000,0.01978960447013378,0.017461096867918968,0.7994384765625,0.3473684210526316,0.6240601503759399,125.62905732418486,121.76545619965057,10.79253838654111,0.1938454534774436,0.13465156860550093,2154.8279153053736,1010.8584407786034,1697.3162118293117,421.85384345022726,3862.535244360902,1742.0919368637663,-361.26983642578125,112.96218872070312,69.34650421142578,55.04771041870117,-22.09811782836914,31.56951904296875,6.073111057281494,27.48021697998047,-8.044201850891113,21.073108673095703,-8.786304473876953,17.440818786621094,-18.282548904418945,13.041397094726562,-5.872189998626709,13.224143028259277,-16.172414779663086,12.857487678527832,-2.2770824432373047,10.322776794433594,-18.063812255859375,12.015481948852539,-0.7103973627090454,9.118657112121582,-10.252771377563477,10.051274299621582
audio_193.wav,test,44.4,16000,0.16322271525859833,0.10253243893384933,0.9833984375,0.12752161383285301,0.7370317002881844,145.9866916572425,75.03012311197216,17.07049519012415,0.12409485039175072,0.10740139365824367,1546.5831148143582,996.663848754142,1400.0289523972733,475.6413851213591,2899.61950648415,1631.0244562828423,-181.28883361816406,106.42213439941406,107.27791595458984,55.02293014526367,-8.580560684204102,43.012908935546875,25.736291885375977,40.84233856201172,-18.462726593017578,21.525157928466797,-14.530406951904297,16.928834915161133,-7.393125534057617,15.23403263092041,-14.172508239746094,15.596195220947266,-9.289883613586426,13.918174743652344,-4.2979207038879395,13.559921264648438,-10.356196403503418,11.238365173339844,-8.368406295776367,10.996134757995605,-8.44155502319336,9.427720069885254
audio_102.wav,test,59.94,16000,0.03042353130877018,0.025639699772000313,0.9971923828125,0.39220917822838847,0.6547491995731056,226.44649206156825,153.84756876675442,69.79665373554636,0.10592602513006937,0.1149653294988103,1843.2836090500305,1104.2627060706618,1898.0926135280777,507.8837576299627,3590.3356790288153,2057.1981350775745,-342.073974609375,93.56944274902344,71.50698852539062,48.28934097290039,19.240766525268555,31.30524444580078,13.256046295166016,28.845273971557617,3.735731363296509,22.324199676513672,-12.14773178100586,20.130550384521484,-1.7490649223327637,12.931931495666504,-7.799595355987549,15.598299980163574,-2.7008495330810547,11.178688049316406,-2.791414499282837,10.333695411682129,-0.6257975101470947,8.862335205078125,0.480487585067749,9.635309219360352,0.6828158497810364,7.850061893463135
audio_52.wav,test,60.0746875,16000,0.07288380712270737,0.05131719261407852,0.824371337890625,0.22364217252396165,0.7891373801916933,249.81097439559304,47.05856350680093,48.85666067965056,0.14721289686501599,0.10174147612297423,1851.5346046289822,872.5930733299421,1496.8917737209201,370.36955304458724,3416.8372271033013,1382.4298918415252,-277.9727783203125,117.18256378173828,78.0123062133789,50.69226837158203,-11.487536430358887,45.84468078613281,28.97051429748535,34.147315979003906,-34.80302810668945,33.248897552490234,12.875802993774414,21.511497497558594,-20.884984970092773,18.586503982543945,-1.6188476085662842,17.711463928222656,-8.345320701599121,14.599522590637207,-4.90429162979126,11.5235595703125,-9.755220413208008,11.402182579040527,-7.609391689300537,11.01310920715332,-4.378474235534668,9.887616157531738
audio_172.wav,test,41.58,16000,0.010591411031782627,0.007173670455813408,0.114471435546875,0.21,0.5407692307692308,207.65234878997256,58.986305195037914,107.92620106015724,0.1537541316105769,0.12872825645993538,1794.3149844552258,1084.4469467251395,1527.8346698061077,438.8649684864495,3213.3834134615386,1724.841608575641,-452.1937561035156,112.86823272705078,90.94058227539062,58.00886154174805,-6.63980770111084,37.67240524291992,13.559264183044434,32.898704528808594,-10.019436836242676,19.754379272460938,-14.544221878051758,22.27620506286621,-23.07945442199707,20.56789207458496,3.4647021293640137,15.557164192199707,-16.800045013427734,19.90361785888672,-10.470113754272461,14.390789031982422,-5.702844619750977,12.524731636047363,-8.693721771240234,13.255295753479004,-10.854368209838867,12.206859588623047
audio_191.wav,test,45.06,16000,0.06521617621183395,0.06869136542081833,0.9390869140625,0.47196593328601844,0.57416607523066,244.1052838549259,377.54052683375863,74.50029883684778,0.20767824864709014,0.1302009163564975,2285.5577766251395,1045.4600268645302,1719.4830260452702,384.1620553711597,4125.31604861604,1621.883878648462,-272.9501953125,117.6613540649414,51.42204284667969,45.27408218383789,-22.47162437438965,34.63094711303711,-1.828351616859436,26.677631378173828,-23.473299026489258,22.27045440673828,-13.443441390991211,18.175315856933594,-24.36931037902832,15.908116340637207,-4.678414344787598,12.600319862365723,-6.040531635284424,13.514307022094727,-6.4986891746521,10.48326301574707,-12.456449508666992,10.867438316345215,-8.367584228515625,11.161820411682129,-6.066651821136475,10.322272300720215
audio_194.wav,test,45.06,16000,0.024073520675301552,0.018586495891213417,0.672271728515625,0.2902767920511001,0.6259758694109298,127.45690561065618,18.43686223508214,11.817744576302076,0.10927103663946061,0.11501476495938956,1469.85704779016,961.3402357525133,1401.6941534910188,400.214738497432,2792.9826117814055,1517.5946118037466,-359.9444580078125,96.94384765625,93.10264587402344,57.05171203613281,-0.40992769598960876,32.93730545043945,43.120628356933594,32.28263473510742,0.10160858929157257,25.269981384277344,6.388031482696533,20.765275955200195,-2.588970899581909,19.038061141967773,1.8257871866226196,16.38382339477539,0.23877468705177307,12.19870376586914,1.351577877998352,12.699828147888184,1.3925807476043701,9.51694393157959,3.7713687419891357,9.578139305114746,0.3723597228527069,9.214921951293945
audio_67.wav,test,60.0746875,16000,0.044299107044935226,0.03850919380784035,0.660430908203125,0.3391906283280085,0.6975505857294995,223.84553226259098,70.62822971414211,48.333069269507206,0.19218261198748668,0.11654974790820491,2196.1670924268983,965.5764608754928,1659.097045981113,295.5606693734484,4032.3524028221514,1165.4927153983842,-280.2816162109375,88.73684692382812,75.24667358398438,38.326881408691406,-15.526145935058594,32.9324836730957,24.829614639282227,35.41353225708008,-19.89971923828125,25.442569732666016,12.087076187133789,16.00737762451172,-6.452375888824463,13.428057670593262,-7.111840724945068,20.66590118408203,-5.658901691436768,15.159127235412598,-0.5981305837631226,11.076687812805176,-4.424637794494629,12.576663970947266,-12.65774154663086,14.762201309204102,4.79253625869751,11.526891708374023
audio_160.wav,test,45.06,16000,0.05087653174996376,0.05025232955813408,1.0,0.37757274662881474,0.4755145493257629,103.82617439498627,15.688335201911409,15.788818929524453,0.18050881054826118,0.1331759048775743,2166.8617007758976,990.8245614974779,1778.3961874969903,333.8290791079082,4043.68124556423,1481.9769084950738,-248.63356018066406,117.15326690673828,69.40914154052734,48.4556884765625,-13.367761611938477,30.84496307373047,10.898958206176758,24.55213737487793,-9.672508239746094,20.13106918334961,-6.9759650230407715,16.631895065307617,-11.28540325164795,16.089111328125,-8.962822914123535,11.729898452758789,-6.509216785430908,13.215629577636719,-1.894428014755249,10.535728454589844,-10.905512809753418,10.247600555419922,-8.697847366333008,10.173893928527832,-3.5207531452178955,6.964849948883057
audio_179.wav,test,45.06,16000,0.012643133290112019,0.00782173965126276,0.12469482421875,0.0007097232079489,0.7814052519517388,126.35681904967383,49.840662212573235,38.97134614773614,0.0871854068710078,0.067357225971307,1589.3921719888672,654.657335352799,1793.8360790231459,277.61414309555903,3430.1588005677786,1088.9879308528848,-341.6372375488281,38.879573822021484,95.67412567138672,22.594966888427734,2.940305233001709,18.311094284057617,24.02300453186035,12.024839401245117,7.911603927612305,8.332637786865234,11.055058479309082,10.473564147949219,-3.181225538253784,8.800050735473633,1.2724831104278564,10.550366401672363,3.533205270767212,9.014699935913086,4.822800159454346,8.42031192779541,3.2805721759796143,8.053889274597168,6.233180999755859,7.1069793701171875,3.958350658416748,7.6171345710754395
audio_55.wav,test,60.0746875,16000,0.058316394686698914,0.05246749520301819,0.953704833984375,0.3242811501597444,0.6959531416400426,113.87914162255151,13.109910868087791,12.61312819919354,0.14123106155151757,0.09928197003693683,1649.9742497338048,822.93716515895,1341.703551763393,410.60820457535357,2967.689197284345,1363.2487428291083,-292.3082275390625,125.93867492675781,87.58258819580078,60.341094970703125,-21.487552642822266,40.51133346557617,35.148338317871094,36.240150451660156,-12.534204483032227,25.113487243652344,-13.083322525024414,18.824861526489258,-11.568771362304688,17.915393829345703,-19.034189224243164,18.211265563964844,-12.485922813415527,13.21182632446289,-8.037158012390137,14.166085243225098,-7.869211196899414,11.8468656539917,-14.012679100036621,12.013103485107422,2.1310553550720215,12.47496223449707
audio_145.wav,test,45.06,16000,0.0055506667122244835,0.004693240392953157,0.318634033203125,0.42583392476933996,0.36195883605393897,84.82159539743674,20.84478592635286,23.222450293602833,0.06483224472143365,0.07024795121230533,1471.6569094988065,722.5896578297512,1664.589781871249,347.3908681182761,3086.547418381831,1292.3426851806055,-485.7293395996094,96.059814453125,88.65679931640625,44.68405532836914,6.47671365737915,23.041608810424805,30.86627769470215,24.750635147094727,1.3376238346099854,16.027250289916992,9.305248260498047,14.973616600036621,-0.7919241189956665,14.155557632446289,3.074084997177124,12.018998146057129,7.168605804443359,9.291117668151855,6.320682525634766,8.856876373291016,2.658468246459961,8.078655242919922,2.5284008979797363,7.402345180511475,6.078309535980225,7.1466193199157715
audio_197.wav,test,45.06,16000,0.01317587774246931,0.007867646403610706,0.23681640625,0.13555713271823988,0.7154009936124911,214.97519305553408,35.36116494796239,23.810415419559803,0.11334154874911284,0.07472920399267814,1834.449221364344,668.6250974709276,1865.7962828338063,296.44596370701674,3851.4460610361957,1170.2433616662279,-332.3514099121094,38.1705322265625,86.11326599121094,21.625938415527344,3.1794512271881104,18.659427642822266,20.19327163696289,18.623836517333984,-3.1105740070343018,13.86008358001709,0.20520855486392975,12.25619888305664,-9.280601501464844,12.676922798156738,-2.4599766731262207,9.64695930480957,-3.515634059906006,8.750936508178711,2.619178295135498,7.1062822341918945,-0.8170154094696045,7.433363437652588,0.22528353333473206,6.643082618713379,-3.3478710651397705,7.51594352722168
audio_139.wav,test,42.84,16000,0.06193477660417557,0.053824760019779205,0.984954833984375,0.3263629574309186,0.6250933532486931,177.66631669600923,50.910362546826626,49.44404626241791,0.1007471177184466,0.08793385314794296,1636.367436819239,747.4563526838078,1702.4562259448976,360.58986718835644,3367.1816654219565,1385.2504900258436,-227.64016723632812,74.60626220703125,100.60653686523438,33.13228988647461,10.502469062805176,27.015789031982422,21.23442268371582,21.612382888793945,-15.30142879486084,21.621658325195312,6.89193058013916,14.846543312072754,-13.639631271362305,17.628217697143555,5.980847358703613,13.057605743408203,1.2281826734542847,10.770439147949219,2.2384238243103027,9.085213661193848,-5.033868312835693,7.636497497558594,3.812474489212036,9.555609703063965,-5.486109733581543,9.690309524536133
audio_91.wav,test,43.32,16000,0.01523673627525568,0.013551427982747555,0.330657958984375,0.30945347119645494,0.35450516986706054,81.46036537576103,8.930256223192966,8.918828481625013,0.17093449963072377,0.10809791300899985,1951.537345504735,891.6181510798452,1473.0812796887153,318.4171928593731,3454.757893279173,1242.3690375641036,-363.0301513671875,126.82987213134766,83.76469421386719,60.993629455566406,-26.686479568481445,35.32331085205078,42.5662841796875,34.431373596191406,-10.567583084106445,22.358945846557617,2.1217525005340576,14.341331481933594,-13.932085037231445,16.440370559692383,-0.9244691133499146,13.639602661132812,-8.01255989074707,11.852498054504395,-3.8911612033843994,12.935718536376953,-4.610125541687012,12.232588768005371,1.8499948978424072,9.013315200805664,-6.08186674118042,11.010770797729492
audio_8.wav,test,57.52,16000,0.014045224525034428,0.013790128752589226,0.25079345703125,0.41991101223581756,0.6551724137931034,214.97519305553408,71.45787461805008,31.340991254017297,0.1737480121141546,0.1233049251471313,2006.8717315217036,882.2953744726052,1563.689188294818,333.21333151832306,3761.7274402113458,1335.4239609674423,-420.0010986328125,87.10265350341797,68.34291076660156,42.31801986694336,-13.211583137512207,36.171993255615234,25.65411376953125,32.30622482299805,-25.027400970458984,25.366491317749023,3.1408164501190186,18.580238342285156,-31.098379135131836,17.89725685119629,-3.530430316925049,16.73970603942871,-2.166107177734375,14.512295722961426,-5.0154008865356445,13.377575874328613,-11.173013687133789,10.01827335357666,-9.100197792053223,12.296379089355469,-7.311785697937012,10.666585922241211
audio_136.wav,test,42.18,16000,0.010882395319640636,0.01018994115293026,0.1429443359375,0.42153146322971946,0.8165276724791509,112.57112811964524,25.035035110225696,33.76619335871807,0.05562186078468537,0.046779014962251064,898.1693604675777,565.2082147954609,1139.4323025947085,426.6483517450457,1670.91546626232,1279.8062762406196,-479.2120056152344,103.14590454101562,146.15830993652344,34.29020309448242,12.989655494689941,35.63975524902344,20.325944900512695,25.3738956451416,7.905879974365234,17.421857833862305,6.224926948547363,13.809139251708984,-8.21032428741455,15.278148651123047,-10.790213584899902,14.258105278015137,-3.254291534423828,9.90233039855957,-4.941530704498291,9.802580833435059,-9.877274513244629,8.471019744873047,-2.6388964653015137,8.1570405960083,0.49446168541908264,8.439432144165039
audio_199.wav,test,45.06,16000,0.0396735854446888,0.03156372159719467,0.54364013671875,0.3094393186657204,0.8105039034776437,112.57112811964524,61.478897820656,12.396442206259366,0.09132696061036195,0.052044348918341865,1311.5535260367603,567.8182365589729,1462.960743018174,459.2105909315605,2618.2188165365505,1434.3902932748367,-303.6314392089844,69.27141571044922,125.70940399169922,36.2025260925293,-5.505403518676758,23.586483001708984,14.911947250366211,18.847126007080078,-5.08179235458374,14.712523460388184,-7.659243583679199,13.346856117248535,-11.792802810668945,11.525606155395508,-13.565433502197266,14.208450317382812,-0.09175446629524231,11.597830772399902,1.0490139722824097,9.398171424865723,-9.275343894958496,8.046321868896484,-4.7958149909973145,7.630929470062256,-6.542448997497559,8.07647705078125
audio_110.wav,test,60.06,16000,0.04640120267868042,0.047129370272159576,1.0,0.4954714970697922,0.62226957911561,216.22053167995523,41.75868000026772,50.650517176129824,0.23408728606153437,0.1567873261437089,2634.8394775817706,1054.147032376025,1826.7457094301624,297.8409407195066,4697.114744272776,1226.5877131917002,-253.01260375976562,93.64146423339844,30.62682342529297,43.43765640258789,-14.847092628479004,33.170997619628906,14.037063598632812,24.19720458984375,-19.625652313232422,26.185699462890625,3.1432743072509766,16.838212966918945,-12.605498313903809,15.248406410217285,-1.4989510774612427,13.69773006439209,-6.608557224273682,12.360406875610352,-4.073840618133545,9.891401290893555,-4.256092548370361,8.805791854858398,-1.2520318031311035,9.830402374267578,1.7733548879623413,8.038484573364258
audio_208.wav,test,45.06,16000,0.03682805225253105,0.03688759729266167,0.62890625,0.39957416607523066,0.7863733144073811,164.81377845643496,21.902460453343192,24.20944359349579,0.12155673349893542,0.0722815610343219,1762.8365248131545,623.4412420404402,1594.4410622149499,372.92003916467166,3399.6961497515967,1236.545433515365,-373.4670715332031,161.23635864257812,53.71942138671875,43.8889274597168,-27.3716983795166,34.946041107177734,17.627574920654297,23.985143661499023,2.2564918994903564,17.648508071899414,-9.34188461303711,15.597006797790527,-20.946578979492188,19.62441062927246,-12.25411319732666,12.621476173400879,-24.342113494873047,19.9659481048584,1.3959758281707764,12.194764137268066,-18.01459503173828,15.362783432006836,-5.036366939544678,10.689498901367188,-0.014867236837744713,9.887724876403809
audio_152.wav,test,44.82,16000,0.041112929582595825,0.029744470492005348,0.5888671875,0.20699500356887937,0.6730906495360457,205.2672581380976,27.0784403332241,21.599772019230898,0.12716467868932904,0.11353136989946748,1843.028443296967,1023.9333929102685,1643.8678296604876,401.46767085592427,3485.462392933619,1619.05903966669,-293.0615539550781,93.43525695800781,77.71600341796875,53.20218276977539,5.202376365661621,34.99603271484375,32.001827239990234,27.96800422668457,-10.155805587768555,21.576736450195312,4.574469089508057,15.915430068969727,-5.181916236877441,13.977596282958984,3.541875123977661,12.675145149230957,-4.4091339111328125,12.50344467163086,-2.6034045219421387,10.40916633605957,-3.4690663814544678,10.81811237335205,3.729221820831299,9.159016609191895,-2.33413028717041,8.263917922973633
audio_94.wav,test,45.06,16000,0.020549869164824486,0.020634924992918968,1.0,0.5869410929737402,0.47906316536550747,91.96585291173604,7.064929786427193,6.118560737080472,0.20663688231902058,0.15058332594134502,2177.2165889301737,1186.2098414999393,1621.852535988713,412.206514187928,3822.4250354861606,1743.4229730890997,-344.4512939453125,116.46588134765625,67.72359466552734,71.16131591796875,-4.585138320922852,38.66896057128906,17.856481552124023,31.957983016967773,-0.0414712019264698,28.536975860595703,-0.5614641308784485,18.461374282836914,-20.69036865234375,20.812753677368164,-3.1061971187591553,13.881234169006348,-12.821173667907715,14.406046867370605,-4.732886791229248,12.929671287536621,-4.986595153808594,13.72159481048584,-10.109999656677246,11.886666297912598,-4.870044231414795,10.068517684936523
audio_174.wav,test,45.06,16000,0.013634193688631058,0.01135256513953209,0.25531005859375,0.3307310149041874,0.7253371185237757,115.86971395503193,74.38381936897555,14.73428307521246,0.13502830575762953,0.10943990541080482,1608.4264413009626,904.6435892352849,1440.381485820274,456.8198323396207,3013.140968772179,1548.457591699508,-400.96075439453125,101.49775695800781,111.07243347167969,58.92131423950195,-18.650686264038086,34.261070251464844,23.60114097595215,31.701038360595703,-3.6469404697418213,18.29638671875,-7.03062629699707,20.062387466430664,-11.540397644042969,15.162827491760254,-0.14136478304862976,14.074895858764648,-4.450385093688965,12.035513877868652,0.4553934931755066,12.390832901000977,-9.66115665435791,10.437325477600098,-2.410890817642212,9.56085205078125,-6.542451858520508,9.443949699401855
audio_23.wav,test,46.0124375,16000,0.05315276235342026,0.03793909773230553,0.6722412109375,0.20375521557719053,0.8344923504867872,127.82501456536235,221.21266021781642,18.635464895257698,0.1214563956015299,0.09030867302944862,1597.0475042170988,841.9347519758136,1487.783649587174,410.67420206271754,3015.956406467316,1440.150821511468,-270.978271484375,94.0529556274414,93.65975952148438,50.46921157836914,-19.19269371032715,29.35600471496582,27.96820640563965,27.236583709716797,3.0879688262939453,18.27362823486328,0.6727876663208008,19.082311630249023,-14.628006935119629,16.723703384399414,-26.87169075012207,17.56635093688965,-9.951793670654297,13.685441017150879,-9.600522994995117,14.155671119689941,-13.359176635742188,10.853438377380371,-5.6687846183776855,10.171628952026367,-11.438336372375488,10.026885032653809
audio_56.wav,test,60.0746875,16000,0.05250796303153038,0.042407870292663574,0.897003173828125,0.305111821086262,0.707667731629393,113.22324603078411,16.01336247435551,15.272089161557503,0.12025004784012247,0.10370235655869132,1289.039741193608,977.3009046055464,1228.0550183155708,540.2171580963872,2327.1016373801917,1755.286592033062,-346.4735412597656,117.32648468017578,117.98237609863281,70.51985931396484,5.999897480010986,38.20594787597656,22.70322036743164,33.36153030395508,-2.7774581909179688,19.884521484375,-0.3444277346134186,14.297908782958984,-10.503706932067871,15.453207969665527,-14.545576095581055,13.219970703125,-7.339284420013428,13.471587181091309,-6.964964389801025,11.908793449401855,-2.659531831741333,12.254240036010742,-6.2574944496154785,10.47940444946289,-4.257109642028809,10.061858177185059
audio_97.wav,test,45.06,16000,0.01200071256607771,0.0077027445659041405,0.119781494140625,0.1242015613910575,0.8239886444286728,200.5789474828077,57.4123384004899,37.34274121145569,0.09690840689318665,0.08374761614999159,1590.2577761934124,883.6370420527587,1733.245781293361,464.9837910980093,3210.8432398864443,1655.0384137082387,-402.24041748046875,71.58428955078125,94.90013122558594,39.10750198364258,14.659285545349121,37.36480712890625,30.51605796813965,24.918874740600586,8.750648498535156,18.112356185913086,9.428813934326172,14.716330528259277,4.390951633453369,13.076884269714355,-2.9030442237854004,13.018279075622559,1.8577072620391846,11.848384857177734,-0.3513906002044678,10.65758991241455,-6.113392353057861,10.289324760437012,1.6420406103134155,8.715450286865234,3.9638512134552,8.595779418945312
audio_148.wav,test,45.06,16000,0.003273808164522052,0.002661648439243436,0.073333740234375,0.27750177430801987,0.6678495386799148,205.2672581380976,40.3484825531691,22.735175248985797,0.17028262786107168,0.11627158290364835,2149.3277098960707,991.6945987903988,1752.3413421828861,413.9635923752172,3979.6786284599007,1643.5559552067218,-541.5361938476562,97.86297607421875,64.28231811523438,44.41472625732422,-8.114104270935059,36.20046615600586,19.97718048095703,29.424367904663086,-8.073258399963379,21.092815399169922,-6.828830718994141,18.882614135742188,-8.940352439880371,14.8175687789917,-1.5523898601531982,14.464956283569336,-8.048874855041504,13.10352611541748,-7.496211528778076,10.201656341552734,-9.02120590209961,9.590746879577637,-1.5297768115997314,9.443254470825195,-6.466491222381592,7.659916877746582
audio_59.wav,test,60.0746875,16000,0.053203485906124115,0.05078357085585594,0.82171630859375,0.41533546325878595,0.7129925452609158,233.08188075904494,56.939608082384375,48.55538652210231,0.14313114641573482,0.1089247841137592,1916.5230453253066,902.8306471262787,1793.6335621600365,407.42359629654055,3811.7012779552715,1593.2723058684378,-305.0221252441406,126.23622131347656,50.249488830566406,44.572330474853516,5.245277404785156,29.964981079101562,18.210979461669922,27.07498550415039,-5.885660171508789,19.00183868408203,-13.798654556274414,19.845294952392578,-20.639423370361328,18.443754196166992,-12.634902954101562,15.296110153198242,-9.403666496276855,16.544204711914062,-10.572725296020508,11.878643989562988,-10.481532096862793,10.781949043273926,-3.8483006954193115,11.094218254089355,0.9476195573806763,10.854832649230957
audio_5.wav,test,36.72,16000,0.011290565133094788,0.0077972072176635265,0.13427734375,0.15505226480836237,0.4573170731707317,116.54094037952247,19.33424975174954,16.45157313848614,0.09758564487151568,0.1130931722451917,1685.0237521830397,1074.3005461233827,1809.7397630762257,454.33220631167205,3377.1504790940767,1868.560743200961,-394.60723876953125,67.45246124267578,94.33838653564453,45.19668960571289,18.62828826904297,28.731077194213867,22.144176483154297,19.734060287475586,19.41500473022461,17.335529327392578,1.5647954940795898,17.531177520751953,-10.36748218536377,16.63247299194336,3.9163031578063965,15.751811027526855,5.628833293914795,12.221156120300293,14.473566055297852,11.509892463684082,0.18210360407829285,9.099935531616211,11.853584289550781,9.314680099487305,3.3630282878875732,9.08743667602539
audio_119.wav,test,45.06,16000,0.007836585864424706,0.004995282739400864,0.085357666015625,0.18026969481902058,0.8474095102909865,118.57804013471404,30.458382456517064,30.130944932573854,0.10883646979240597,0.07769584536970955,1589.1243322959083,730.8627588359441,1575.5365368531695,410.99878038304547,3076.9716997870833,1391.3390456596594,-416.87371826171875,72.9391098022461,106.43869018554688,40.56281280517578,-13.723175048828125,31.215585708618164,30.051355361938477,27.12599754333496,9.878252029418945,18.438264846801758,-9.03433609008789,17.463674545288086,-4.737850666046143,13.87582778930664,-11.109369277954102,14.945606231689453,3.1850852966308594,12.293174743652344,-4.97023868560791,12.663844108581543,2.3953239917755127,8.976214408874512,2.242025375366211,9.215060234069824,-10.168935775756836,10.261810302734375
audio_80.wav,test,56.1066875,16000,0.045693088322877884,0.056312769651412964,1.0,0.5279361459521095,0.4714937286202965,181.8190699939266,345.4282313037961,21.26044178801817,0.20066466380416192,0.20431255569108792,2211.207122178774,1676.1800434466822,1428.141398999359,681.172749552027,3616.056157354618,2302.9900361969994,-353.9642333984375,145.97161865234375,34.86216735839844,72.75707244873047,-1.8388267755508423,39.00971603393555,14.379828453063965,31.334306716918945,-15.929910659790039,26.4903564453125,-9.410898208618164,20.670452117919922,-10.912224769592285,17.296829223632812,-21.502716064453125,22.737516403198242,-9.39703369140625,15.010814666748047,-7.657638072967529,12.545392990112305,-8.957042694091797,11.623291015625,-6.2407989501953125,10.395200729370117,-6.678618907928467,8.991504669189453
audio_58.wav,test,60.0746875,16000,0.04833846166729927,0.04963040351867676,0.953643798828125,0.4424920127795527,0.7209797657082002,115.86971395503193,18.4150760620928,19.71474872538475,0.12010600747137913,0.1134812370095229,1334.2572931529655,1049.913181664988,1245.6221452514899,580.9822430034768,2405.8090388711394,1876.6888798557766,-341.0087890625,104.26166534423828,99.96284484863281,71.07972717285156,13.273954391479492,33.51533889770508,10.93009090423584,30.539369583129883,0.8302010893821716,19.554258346557617,1.3441299200057983,14.797343254089355,-8.760799407958984,14.769883155822754,-12.314277648925781,14.06618881225586,-6.349530220031738,12.84395980834961,-7.101872444152832,11.905055046081543,-2.8756518363952637,10.066664695739746,-2.912479877471924,9.518242835998535,-4.130500793457031,8.834270477294922
audio_123.wav,test,45.06,16000,0.010740603320300579,0.009860765188932419,0.375152587890625,0.35415188076650106,0.673527324343506,111.9227661312955,22.040335991263966,15.983228786263979,0.13797670666252662,0.0971106231296426,1711.2665386935378,765.8562079786799,1459.7588614246845,335.30168024793585,3204.1341376863024,1236.9255732715308,-411.7125549316406,98.82855987548828,89.45419311523438,50.18451690673828,-14.467389106750488,30.273818969726562,41.727989196777344,29.374004364013672,-7.714120388031006,21.408159255981445,-1.6454291343688965,17.816444396972656,-10.027812004089355,14.165518760681152,-4.309721946716309,13.891054153442383,-3.660109043121338,10.892008781433105,-7.135777473449707,14.721794128417969,-0.7681550979614258,9.994672775268555,-2.598524332046509,9.761801719665527,-6.927905082702637,10.590773582458496
audio_188.wav,test,45.06,16000,0.011975417844951153,0.009381704032421112,0.29638671875,0.29595457771469125,0.6281050390347764,109.99999999999999,24.575865094813754,28.977062817998714,0.121740402102555,0.11434937077602542,1958.1818696134549,1058.8754233857237,1863.8637916729215,394.2664700057368,3803.4732079489,1600.2110208898769,-384.9099426269531,98.89905548095703,77.1786880493164,44.44712829589844,8.97657299041748,31.374034881591797,34.100582122802734,28.17340087890625,20.58152961730957,17.57313346862793,-4.69337797164917,21.494882583618164,-1.0860308408737183,14.649150848388672,-2.320890426635742,14.022839546203613,-0.9241089820861816,12.828764915466309,12.220647811889648,11.176636695861816,-6.013368129730225,14.103533744812012,7.076272964477539,9.07796859741211,6.897951126098633,8.200295448303223
audio_121.wav,test,45.06,16000,0.03331818804144859,0.024663222953677177,1.0,0.25833924769339955,0.38679914833215046,115.86971395503193,78.59706532538043,12.33435907815128,0.10664284288502485,0.07098685629634488,1418.0446674924472,740.7399441172086,1583.8070793304073,434.5034744683817,2751.9739176721077,1538.5160243670634,-313.07763671875,89.56500244140625,111.09169006347656,45.62308120727539,15.86267375946045,28.48563003540039,19.99320411682129,32.96806335449219,-11.56982421875,20.435745239257812,-15.063457489013672,17.057653427124023,-5.309547424316406,15.671795845031738,-17.202184677124023,12.875536918640137,-14.189825057983398,12.38900089263916,-5.372138023376465,13.381339073181152,-9.38219165802002,9.631718635559082,-10.720507621765137,9.746002197265625,-5.963872909545898,8.915788650512695
audio_107.wav,test,6.48,16000,0.011443939059972763,0.011050967499613762,0.296356201171875,0.3694581280788177,0.47783251231527096,113.87914162255151,7.987519286545922,12.396442206259366,0.22856854217980296,0.1375424109785612,2351.547857837881,1021.4374790138628,1741.7460124239026,335.826532135455,4194.504310344828,1455.8002426640965,-408.14825439453125,151.36264038085938,63.4001579284668,48.096492767333984,-19.686643600463867,25.98630714416504,19.867881774902344,30.531505584716797,-13.363170623779297,17.308969497680664,-11.473233222961426,16.207555770874023,-19.309370040893555,14.972865104675293,-4.868161678314209,10.923884391784668,-8.561339378356934,10.841397285461426,-3.6701478958129883,13.685120582580566,-6.2451491355896,9.277449607849121,-1.4612339735031128,8.690597534179688,-5.931610107421875,7.9114508628845215
audio_214.wav,test,46.011,16000,0.05085081234574318,0.04436251521110535,0.814361572265625,0.3045897079276773,0.7559109874826148,202.90956258890662,49.863427764515414,34.92536813642096,0.142846374087274,0.11229912897741147,1787.9887592346818,965.0667651543304,1538.5586270323472,475.25308196088946,3336.7850312934634,1668.5055858106487,-314.1517028808594,116.62962341308594,75.62184143066406,51.50849914550781,-12.206916809082031,35.9035758972168,7.378336429595947,31.766582489013672,-28.870792388916016,28.296812057495117,4.213871955871582,16.595121383666992,-21.018043518066406,18.384380340576172,-24.3481502532959,18.12883758544922,-14.394645690917969,14.35692024230957,-4.271860122680664,11.025733947753906,-7.215264797210693,9.90809440612793,-13.334234237670898,12.713700294494629,-2.3202965259552,9.631217956542969
audio_73.wav,test,60.0746875,16000,0.06631389260292053,0.052195850759744644,0.875244140625,0.26464323748668794,0.7401490947816827,207.65234878997256,51.48207239584844,37.44235414552301,0.1883658022164537,0.1733618916373972,1999.725831038318,1544.5726721597186,1543.245744127571,629.1463357762243,3426.542531948882,2264.3286543240515,-306.881591796875,94.07511901855469,90.63597869873047,62.88442611694336,6.491549491882324,46.50774383544922,6.925198554992676,35.87385559082031,3.097534418106079,27.311357498168945,-8.316978454589844,21.034894943237305,-10.902498245239258,15.105600357055664,0.17532800137996674,16.121183395385742,-7.554519176483154,18.452621459960938,-9.543325424194336,12.72610855102539,-2.910116195678711,13.478389739990234,-16.505615234375,14.21931266784668,-2.7544219493865967,10.670395851135254
audio_169.wav,test,45.06,16000,0.025219427421689034,0.023595068603754044,0.999786376953125,0.37828246983676367,0.6870120652945352,142.65235101161107,33.117914340035874,19.241626610517642,0.1317617769694819,0.09396763320402532,1661.8492603345958,831.1355468879318,1536.2637092801356,426.21468103399434,3058.7794978708303,1583.0916077918243,-356.5253601074219,129.0057373046875,96.10991668701172,50.8437385559082,-6.115921974182129,41.46961975097656,11.197142601013184,36.6414909362793,-6.722338676452637,22.967819213867188,3.204055070877075,15.95455551147461,-15.431532859802246,19.573938369750977,4.221895694732666,14.655618667602539,-12.36750602722168,16.140363693237305,-0.6361708045005798,12.516616821289062,-9.664514541625977,11.152932167053223,-9.562609672546387,11.397380828857422,-4.88422966003418,10.462484359741211
audio_7.wav,test,45.0,16000,0.06840924173593521,0.04728668928146362,0.869384765625,0.22103766879886283,0.8045486851457001,188.23090565017245,50.415401554627174,32.212232599171415,0.1149376582489339,0.10575850830102537,1484.9859811717859,989.6301586380465,1416.7467377291523,588.6091681802803,2768.1847459132905,1884.5770634749401,-268.1597900390625,64.23674774169922,107.67438507080078,50.63385009765625,-6.558984279632568,37.04189682006836,9.534248352050781,31.401023864746094,-16.40920639038086,24.702381134033203,-19.825439453125,15.47508430480957,-25.179340362548828,15.3012056350708,-19.594863891601562,13.300409317016602,-23.852252960205078,12.593749046325684,-9.911700248718262,12.824853897094727,-13.488591194152832,10.681585311889648,-11.926865577697754,12.603672981262207,-6.719902038574219,9.502784729003906
audio_42.wav,test,54.6133125,16000,0.03402295336127281,0.0460042878985405,0.749755859375,0.5858230814294083,0.5506736965436438,196.56541960575208,189.29633633805076,48.78017536555902,0.0760989331612478,0.06149731422032214,1259.7689717447545,876.15485340272,1009.3868215720744,584.8522447038172,2138.8217633274753,1590.2517171931975,-427.37579345703125,100.7002182006836,64.0634765625,64.88780975341797,-2.6179232597351074,27.22017478942871,8.48880386352539,25.25872802734375,-3.0313289165496826,12.597771644592285,-12.202155113220215,17.081388473510742,-4.3428635597229,12.204143524169922,-15.12817096710205,16.98904800415039,-12.28996753692627,15.464991569519043,-7.754415512084961,11.123527526855469,-15.202296257019043,15.342208862304688,-5.99102258682251,8.911051750183105,-0.8447807431221008,7.2200093269348145
audio_88.wav,test,60.0746875,16000,0.03385036811232567,0.038084592670202255,0.857513427734375,0.45420660276890307,0.6166134185303515,97.153836598418,15.912502171152298,17.724331235540674,0.12531590080870608,0.11489286868764145,1672.4033043937593,968.2137360179834,1642.560701063416,439.4107566346442,3215.6632720979765,1723.9857455269137,-367.6714172363281,166.64773559570312,79.04509735107422,67.68769073486328,6.435826778411865,28.079538345336914,13.154090881347656,19.625892639160156,-8.956304550170898,20.397098541259766,-6.558359622955322,15.69379711151123,-6.662603378295898,14.397634506225586,-9.713568687438965,15.796367645263672,4.993653774261475,11.334230422973633,1.9306819438934326,10.768498420715332,6.125959396362305,11.28152847290039,1.2957193851470947,8.49023723602295,-4.27474308013916,10.811478614807129
audio_64.wav,test,60.0746875,16000,0.033987581729888916,0.04901398718357086,0.9510498046875,0.661874334398296,0.4222577209797657,128.565497341737,30.590356954061026,22.985613825985553,0.1506183855830671,0.06326038121122278,1611.2618561846439,510.0268879911351,1390.2018826246108,308.6955583778864,2924.8286075612355,916.9300020022882,-320.6634826660156,67.09949493408203,99.58226776123047,36.341796875,-35.042381286621094,20.240795135498047,20.576435089111328,24.23430633544922,6.647258281707764,12.446455955505371,-4.5623698234558105,16.43451690673828,-1.0346875190734863,14.701897621154785,-1.3512650728225708,9.881324768066406,-4.737387657165527,13.151877403259277,-8.951274871826172,12.17971420288086,-7.306235313415527,7.751423358917236,-0.26511746644973755,8.14938735961914,0.9198129177093506,7.261857032775879
audio_195.wav,test,45.0,16000,0.023856569081544876,0.01840856298804283,0.391937255859375,0.279317697228145,0.6695095948827292,147.682975305829,239.31219707208808,21.655259742441984,0.19984549906716417,0.12799089832038393,2522.2870515847762,1031.2889314852055,1869.4847109098744,301.7405447598243,4618.747778962331,1301.1238504649734,-325.0454406738281,113.21247100830078,41.89853286743164,48.44397735595703,8.149574279785156,28.726428985595703,32.48414611816406,29.966754913330078,-18.483055114746094,18.735689163208008,-0.78785240650177,15.960829734802246,-11.595067024230957,16.96309471130371,-1.8946298360824585,16.33620834350586,-8.005179405212402,11.665621757507324,-8.373411178588867,10.145384788513184,-7.451071262359619,10.547028541564941,3.048921585083008,11.345195770263672,-1.4370511770248413,9.35737419128418
audio_57.wav,test,60.0746875,16000,0.059670589864254,0.04652538523077965,0.7762451171875,0.29020234291799785,0.7050053248136315,117.21605517913326,24.62176406795238,19.199050721806785,0.10982636115548455,0.09858178206044366,1250.4736807528916,992.2238451509728,1239.8598130442426,516.7230264345204,2235.502362886049,1822.6711253566993,-342.4446105957031,110.30729675292969,110.13591766357422,66.8281021118164,15.13408374786377,35.09608840942383,27.9262638092041,31.647811889648438,1.0375094413757324,20.4564208984375,1.405152678489685,14.150558471679688,-12.07575798034668,15.777690887451172,-14.256250381469727,13.355314254760742,-6.589837074279785,15.106223106384277,-9.84992790222168,12.673192977905273,-3.3497891426086426,12.437807083129883,-7.33297872543335,10.577299118041992,-6.594509124755859,10.473587989807129
audio_13.wav,test,45.06,16000,0.005117359571158886,0.005276788957417011,0.216888427734375,0.4151880766501065,0.39318665720369056,88.57733767648801,20.931013649213234,13.353672734356167,0.20268800734119943,0.13639161443656925,2445.775851865188,1070.414750614798,1881.1867712392173,338.06116145726753,4534.299591909155,1531.9390486187278,-503.4171447753906,155.95977783203125,53.055179595947266,54.66074752807617,10.216508865356445,30.650672912597656,22.38306427001953,25.457691192626953,-11.922809600830078,18.59899139404297,0.725712239742279,14.947639465332031,-17.65086555480957,17.98611831665039,-2.963381290435791,11.113909721374512,-12.991402626037598,11.829071998596191,-8.234482765197754,11.590036392211914,-10.05013656616211,9.372645378112793,-10.671542167663574,11.015547752380371,-12.118038177490234,8.083860397338867
audio_125.wav,test,45.06,16000,0.016521530225872993,0.014783418737351894,0.59027099609375,0.3420865862313698,0.5812633073101491,117.89508087899223,17.543923901704513,10.899697194385794,0.13337251596877217,0.09028169107899692,1691.900202038005,825.7434886086627,1521.2430719567283,416.5121387429239,3243.5958569907734,1400.1237983582969,-404.8072509765625,132.8745574951172,93.9365463256836,49.28422546386719,-9.30437183380127,36.25302505493164,33.57846450805664,32.35111618041992,-12.661491394042969,22.50885772705078,-4.371100425720215,18.436172485351562,-16.105146408081055,16.470197677612305,-8.438096046447754,15.162660598754883,-2.9090816974639893,12.536652565002441,-4.107152938842773,13.420825958251953,-8.624619483947754,10.136618614196777,-7.0598039627075195,9.593948364257812,-2.3870930671691895,7.726389408111572
audio_209.wav,test,45.06,16000,0.01890483871102333,0.015053769573569298,0.390655517578125,0.28246983676366216,0.8211497515968772,143.47872767421205,25.595839818870292,28.716672584985957,0.0672566702892122,0.04664446464195435,1146.2394010130913,637.0920164700691,1362.031997858434,443.707629890829,2246.695351312988,1358.9460120675124,-428.7494812011719,76.65138244628906,110.97718048095703,37.32114791870117,-2.2269890308380127,28.21324920654297,32.5018424987793,25.68199348449707,17.371234893798828,18.65488624572754,4.894279956817627,14.759435653686523,-17.8571834564209,14.536054611206055,-15.131319999694824,14.402584075927734,-11.604511260986328,12.098653793334961,-19.706743240356445,13.59026050567627,-9.65793514251709,11.043767929077148,-18.366802215576172,9.965611457824707,-13.87691879272461,9.178038597106934
audio_211.wav,test,44.92,16000,0.06253878027200699,0.05102290213108063,0.586395263671875,0.3311965811965812,0.8347578347578347,141.01384901128017,29.146531680870975,37.37143516815544,0.0865749782986111,0.0855123618798876,1316.739297274274,795.2532275890752,1426.9415942719754,413.0570905475034,2728.437722578348,1360.1046774273505,-316.44049072265625,117.00113677978516,97.52906799316406,45.541831970214844,22.64828872680664,34.14435958862305,60.656829833984375,32.02931594848633,-9.913175582885742,23.690359115600586,-15.0143461227417,19.135845184326172,-14.725111961364746,17.236358642578125,2.2456400394439697,11.855628967285156,-9.442782402038574,14.597190856933594,0.49254339933395386,12.138092041015625,1.8965034484863281,10.359886169433594,-9.032598495483398,11.1497163772583,-4.7872700691223145,7.927525043487549
audio_63.wav,test,60.0746875,16000,0.04802124574780464,0.059933342039585114,0.97943115234375,0.5149094781682642,0.6198083067092651,229.74119028909763,34.39443346176087,20.027048497889922,0.11362887088990947,0.09425409897786234,1441.100373677439,734.200831117737,1327.12594936501,415.53277938741275,2756.2524960063897,1311.6026429012684,-348.5121765136719,143.60887145996094,75.80978393554688,55.180912017822266,-8.3608980178833,34.78126907348633,29.554759979248047,31.136796951293945,-13.549853324890137,22.493404388427734,-4.22723388671875,16.24776840209961,-4.0777692794799805,12.495945930480957,-7.836307048797607,13.17996597290039,-4.814453125,13.31586742401123,-5.79010009765625,9.479562759399414,-6.088918209075928,9.338107109069824,-4.740440368652344,9.476306915283203,-2.399393081665039,8.85735034942627
audio_86.wav,test,60.0746875,16000,0.03670446574687958,0.0377303846180439,0.924041748046875,0.3951011714589989,0.36741214057507987,141.01384901128017,398.29436751331923,26.331672276034737,0.22707184130391375,0.1762179857860113,2795.021110853952,1341.3641115085718,1645.3156753362373,458.6660485420878,4622.43327342918,1709.5085787517135,-366.8598937988281,159.0016632080078,17.480201721191406,81.2323226928711,3.655709743499756,46.30156707763672,22.95136070251465,36.23051071166992,-19.554176330566406,28.760433197021484,-3.828521490097046,18.95134735107422,-13.70344352722168,17.935029983520508,0.3760106563568115,13.692039489746094,-15.236639976501465,16.821571350097656,-3.9311113357543945,12.273843765258789,-12.123516082763672,13.042884826660156,-16.83546257019043,15.7865629196167,1.8563873767852783,9.404589653015137
audio_78.wav,test,60.0746875,16000,0.03729555010795593,0.039531681686639786,0.71685791015625,0.4371671991480298,0.6421725239616614,154.66751207845843,40.37418860489557,43.549055951514845,0.13416320345780086,0.10821869147859346,1759.190921469716,985.0508117878737,1566.3616994005877,523.2925189393363,3352.1074613951014,1576.417440703199,-330.6565856933594,106.42332458496094,99.56599426269531,52.147987365722656,-7.4915947914123535,46.825050354003906,19.757558822631836,33.80104064941406,-4.843428611755371,28.214717864990234,-4.020405292510986,19.089920043945312,-4.783501625061035,16.105955123901367,-2.044059991836548,14.890823364257812,3.5163915157318115,14.061067581176758,0.6410496830940247,11.602310180664062,-3.972032308578491,10.741068840026855,-12.872472763061523,12.576729774475098,-9.906103134155273,10.270991325378418
audio_38.wav,test,60.08,16000,0.02036607265472412,0.02502429112792015,0.660888671875,0.5505857294994675,0.4946751863684771,174.61411571650194,53.0933991344814,98.98187484564482,0.30159635208666136,0.16574839063050967,2769.825663432782,1292.5218665115217,1870.1019811582482,503.1569606924046,4864.3753328008515,2009.1100741959144,-435.3514709472656,151.201904296875,42.036258697509766,62.05400085449219,-4.054067134857178,31.464393615722656,17.582763671875,30.43816566467285,-9.953875541687012,22.978628158569336,-4.061429500579834,19.05959701538086,-2.5424578189849854,13.899298667907715,-5.0518903732299805,13.949499130249023,-0.48942193388938904,10.17481803894043,-1.7186203002929688,9.041281700134277,-4.276135444641113,8.908103942871094,-3.988600015640259,9.53090763092041,-6.188390254974365,7.914929389953613
audio_186.wav,test,45.06,16000,0.06580318510532379,0.08554675430059433,1.0,0.57416607523066,0.6543647977288858,115.86971395503193,14.792151514018828,16.356819049673845,0.1178351917361604,0.09679291659886646,1441.3647160942126,919.1017936529983,1543.074473716868,540.1808178985468,2799.0596167494678,1924.3108514304952,-301.53045654296875,110.0190200805664,98.80928039550781,57.310359954833984,15.314798355102539,26.05286407470703,8.771062850952148,21.310827255249023,0.34839940071105957,15.69892406463623,-7.03072452545166,13.870975494384766,-9.721152305603027,11.92458724975586,-9.24601936340332,9.554216384887695,-11.000101089477539,10.283804893493652,-7.861057281494141,9.608208656311035,-11.689404487609863,8.184592247009277,-8.249415397644043,6.999220371246338,-9.560638427734375,8.222166061401367
audio_154.wav,test,45.06,16000,0.01235408429056406,0.011594891548156738,0.253753662109375,0.36124911284599004,0.6763662171753017,199.42369775418427,38.40110980151176,49.92035791613725,0.12177782891234919,0.07245238710504458,1364.7421142303897,456.64055345253485,1043.0187027171146,294.4062811581635,2439.3962916962387,704.654262535033,-466.2841491699219,98.01907348632812,99.28241729736328,49.132137298583984,-45.99851989746094,40.042118072509766,25.34988021850586,32.5357780456543,-12.818535804748535,18.362186431884766,-33.086917877197266,22.647228240966797,0.6970475912094116,14.048504829406738,-20.807191848754883,16.173032760620117,-5.200501441955566,11.484842300415039,-0.5196676850318909,8.76624870300293,-16.029491424560547,9.39154052734375,2.8426856994628906,9.755495071411133,-5.830570697784424,7.341129779815674
audio_21.wav,test,45.06,16000,0.01446879655122757,0.0077804215252399445,0.226165771484375,0.0,0.5521646557842441,108.1102658399776,17.258316411221983,23.915243336752454,0.12089275416962385,0.09894376743930045,1927.9005754189989,896.8562879283598,2012.9283150233596,355.6546342168073,4228.9910841022,1481.4859883218944,-317.83453369140625,64.17546081542969,86.84501647949219,35.75751495361328,29.512563705444336,28.141870498657227,20.006622314453125,20.850191116333008,4.229284763336182,12.643301963806152,9.459089279174805,11.829845428466797,-0.014840423129498959,11.147725105285645,-1.0877697467803955,10.257661819458008,-3.7524936199188232,9.8175630569458,-2.4638962745666504,10.119482040405273,-0.16609157621860504,7.959567546844482,5.897676467895508,7.055368423461914,0.3837299048900604,7.324923992156982
audio_120.wav,test,49.2,16000,0.019555987790226936,0.020172061398625374,0.5079345703125,0.6736020806241872,0.6814044213263979,229.0776735576574,47.50124902776577,47.16500390979783,0.08457520166206112,0.05106461320345026,1486.8239521728187,515.0838230334904,1678.8381938958087,350.4065955338884,3148.854031209363,1146.6086077078587,-334.2474365234375,56.67599868774414,99.4839096069336,24.142366409301758,1.6207963228225708,27.49571418762207,25.87356185913086,20.323766708374023,-2.57969331741333,15.098393440246582,13.701251029968262,13.107247352600098,-1.6676247119903564,10.931970596313477,-0.15477706491947174,11.507760047912598,1.435699462890625,9.566158294677734,-2.439509391784668,8.021438598632812,-7.073609352111816,7.735471248626709,-2.5454797744750977,8.387954711914062,6.266780853271484,6.942641735076904
audio_183.wav,test,45.06,16000,0.00923298392444849,0.005612198729068041,0.09228515625,0.11923349893541518,0.8090844570617459,145.9866916572425,30.597492673223197,12.616249984878522,0.060217311147090134,0.027477397275134846,1047.075544602715,404.99785333047686,1325.9109296967326,439.142297767998,2100.220679559972,1211.609501471003,-425.82586669921875,47.17774963378906,144.58526611328125,26.754764556884766,-9.302961349487305,23.68886947631836,17.464981079101562,19.10858726501465,22.829910278320312,15.398294448852539,-1.7354031801223755,12.832341194152832,2.353097915649414,10.916703224182129,1.9249571561813354,10.021584510803223,1.4175560474395752,11.07164192199707,2.46260929107666,10.37135124206543,2.4837543964385986,7.9880452156066895,0.6653519868850708,8.596983909606934,-1.088221788406372,6.730541706085205
audio_25.wav,test,46.006375,16000,0.015564990229904652,0.01546422578394413,0.91912841796875,0.413769123783032,0.8261474269819193,192.63059450929475,44.25294547408036,39.95767623183875,0.10397470445062587,0.05317032156832834,1349.5483146678032,472.3471461409751,1353.8155639546824,306.16307106645,2539.18202364395,1085.8275010840127,-366.4251708984375,66.16201782226562,107.13065338134766,26.896217346191406,-16.18279457092285,26.618669509887695,9.571259498596191,24.229007720947266,-8.507038116455078,23.036314010620117,4.4389472007751465,15.862605094909668,-25.779584884643555,12.941701889038086,-18.032459259033203,13.58363151550293,-5.073166370391846,12.214334487915039,-8.539030075073242,8.772810935974121,-3.462427854537964,11.025535583496094,-3.5227019786834717,9.528225898742676,-3.3660662174224854,8.93876838684082
audio_122.wav,test,45.06,16000,0.01023634523153305,0.0072920843958854675,0.321014404296875,0.2512420156139106,0.7125621007806955,195.99771799087463,19.21245279614674,21.5834594910539,0.1081825402546132,0.0790381809965988,1559.6807449838593,761.3385396930407,1567.7519223225058,326.73259448726617,3119.3998403122782,1360.566686638372,-439.218994140625,69.07422637939453,88.89480590820312,36.49937438964844,-2.6159908771514893,27.615264892578125,36.227073669433594,26.300405502319336,-9.0538330078125,16.030521392822266,9.96130657196045,15.858190536499023,-5.846463680267334,11.385168075561523,3.1267340183258057,12.23704719543457,-6.99498987197876,11.290671348571777,-1.2255109548568726,8.998798370361328,-6.967191219329834,7.982243061065674,-1.0368220806121826,11.412096977233887,-1.3277705907821655,7.510315418243408
audio_36.wav,test,60.08,16000,0.03724836930632591,0.028601862490177155,0.676300048828125,0.2571884984025559,0.661874334398296,172.60850153728515,181.8743117096821,22.076480604295142,0.22965494791666666,0.17059204152134,2254.7210206423515,1285.899677171922,1625.4711260185638,459.9417003477807,3950.3045127795526,1881.0940216985125,-332.35736083984375,136.72372436523438,65.84249877929688,63.294456481933594,-8.885451316833496,37.42325210571289,30.310958862304688,37.34275817871094,-24.654186248779297,27.096405029296875,-13.200291633605957,20.274858474731445,-7.31834077835083,14.035845756530762,-9.279272079467773,14.975456237792969,-0.06122209504246712,12.615975379943848,-3.6272661685943604,9.590991973876953,-5.558823108673096,9.59032154083252,-4.568968296051025,9.893465042114258,-7.33725643157959,8.488297462463379
audio_76.wav,test,60.0746875,16000,0.052025701850652695,0.0399470217525959,0.858428955078125,0.2476038338658147,0.6203407880724174,159.19961611844158,32.138610427258016,24.07000745878426,0.15528305752462726,0.11812753012793516,1855.6434894272172,1097.6422752968208,1454.3283220855492,512.8152688888447,3285.49321086262,1668.392437663568,-279.1496887207031,98.65756225585938,101.20211029052734,59.855735778808594,-21.205080032348633,53.25764465332031,28.627729415893555,39.09928512573242,-7.274814128875732,29.587533950805664,-7.422933578491211,22.171533584594727,-12.477088928222656,18.569921493530273,-8.3878755569458,18.314016342163086,-2.2723429203033447,16.025957107543945,-4.917080402374268,11.923552513122559,-7.026628017425537,11.822417259216309,-15.1808443069458,12.158927917480469,-3.672886848449707,10.009733200073242
audio_163.wav,test,41.94,16000,0.07092425972223282,0.039605770260095596,0.901123046875,0.09610983981693363,0.7742181540808543,269.2917795270241,54.776947525108945,40.71526866611521,0.1406268622473303,0.06643764743560786,2132.550754822255,583.2266202978768,1910.152058865769,354.2297341020797,4328.089244851259,1126.0885977504113,-170.87661743164062,55.010520935058594,60.7438850402832,23.245532989501953,-2.6110332012176514,28.671422958374023,26.799264907836914,21.107765197753906,-1.1410013437271118,15.637838363647461,10.519627571105957,13.189359664916992,0.011218923144042492,9.55981159210205,7.416424751281738,8.61793041229248,-4.817960739135742,11.42219066619873,7.287159442901611,7.217604160308838,-0.36671310663223267,6.8058671951293945,-6.416341781616211,8.531723976135254,7.494497299194336,9.684961318969727
audio_83.wav,test,60.0746875,16000,0.02983340434730053,0.0376642644405365,0.685791015625,0.5404685835995741,0.46059637912673057,98.56656061031477,64.17204203172432,13.914208823172928,0.17856325712193824,0.12068374891922146,1906.2957032196368,1250.9583503779036,1463.8275693585063,676.0645088360633,3393.790768104366,2216.081657485532,-458.6346740722656,136.64903259277344,82.5786361694336,91.70454406738281,10.618586540222168,30.149412155151367,13.419243812561035,35.28974533081055,-3.7042789459228516,20.73691749572754,-0.7254925966262817,18.20071792602539,-7.375064849853516,18.995834350585938,-10.361014366149902,15.994597434997559,-7.982933521270752,14.427152633666992,-11.454148292541504,14.113334655761719,-9.497066497802734,11.467086791992188,-4.059586524963379,8.635536193847656,-5.245594501495361,9.07347297668457
audio_103.wav,test,60.52,16000,0.07422676682472229,0.061154987663030624,0.88720703125,0.2769556025369979,0.726215644820296,155.56349186104043,31.9403646131528,37.398012772982696,0.08330666540036998,0.06131994461793521,1371.0217820958196,613.4551725532754,1498.4175208808042,343.3240951972817,2839.112876585624,1172.5920336701809,-208.82691955566406,79.71257781982422,109.47295379638672,32.60386657714844,4.689826965332031,29.317630767822266,36.55723571777344,21.1585750579834,-7.375997066497803,13.40960693359375,-0.019038064405322075,13.17346477508545,-11.176968574523926,13.210541725158691,-3.8962628841400146,11.311319351196289,-13.707582473754883,10.549765586853027,-1.5326423645019531,9.809979438781738,-15.9495210647583,8.325631141662598,0.03479023277759552,8.851725578308105,-11.838831901550293,8.551252365112305
audio_93.wav,test,45.06,16000,0.025076746940612793,0.019935378804802895,0.386962890625,0.30021291696238467,0.8679914833215047,143.47872767421205,15.471938522531088,21.63792783925689,0.14046870841465578,0.10018610405888607,1721.1153630354866,896.9211043936939,1574.7396323361072,402.3088065934921,3257.524174946771,1584.5150267980785,-386.9546813964844,101.43692016601562,80.0274658203125,50.438053131103516,3.5150647163391113,28.41193199157715,46.944175720214844,30.113208770751953,-4.5595316886901855,19.139284133911133,-3.856281042098999,18.30976104736328,-13.982263565063477,18.565767288208008,-5.8909149169921875,13.19859790802002,-10.788594245910645,13.558555603027344,-14.402775764465332,13.637100219726562,-8.753615379333496,10.800688743591309,-8.213898658752441,8.345488548278809,-7.364198684692383,9.528792381286621
audio_26.wav,test,44.32,16000,0.028458770364522934,0.02217838540673256,0.441192626953125,0.25901875901875904,0.6601731601731602,153.77669275969214,22.347415166044144,21.335050782222908,0.1579234025523088,0.1147343168440644,2012.1764037840762,1010.7388937526439,1666.0039824241971,411.4872407280664,3715.6779852092354,1574.2012410372818,-310.5796813964844,105.95777130126953,74.03125762939453,45.32643508911133,-7.536158084869385,36.660057067871094,24.907642364501953,23.452672958374023,-12.397666931152344,17.29796028137207,-7.273548603057861,19.40028953552246,-16.707475662231445,13.22927188873291,-5.638186454772949,10.296293258666992,-16.39674949645996,11.14465045928955,-5.183778285980225,10.896566390991211,-8.676090240478516,9.04120922088623,-2.6223790645599365,8.052576065063477,-8.910536766052246,9.2528715133667
audio_72.wav,test,60.0746875,16000,0.03866342455148697,0.04385758191347122,0.994110107421875,0.4520766773162939,0.46325878594249204,169.64319079487348,79.72645113242922,23.014834964759388,0.10384296583799255,0.08813980234498967,1617.0308156908293,1077.0124710074945,1291.1643188389978,624.5787347780886,2913.080737486688,1975.6518426426644,-371.7219543457031,127.8077163696289,93.16548156738281,76.0809097290039,-0.46741294860839844,37.417850494384766,0.8689443469047546,34.91464614868164,-25.75388526916504,30.192312240600586,-10.41616153717041,23.30579948425293,-12.719130516052246,19.06831932067871,-19.379776000976562,18.297056198120117,-8.054617881774902,14.371100425720215,-10.265804290771484,12.392058372497559,-12.206493377685547,13.437179565429688,-5.056602478027344,10.58720874786377,-3.6814568042755127,10.06643295288086
audio_210.wav,test,45.72,16000,0.04843795299530029,0.034656912088394165,0.59912109375,0.2596221133659902,0.8978306508047585,120.65074776640884,18.590205833980423,15.253886445717114,0.05504764586249125,0.01901426929383086,837.8468320147889,249.04327008791245,968.7013344340019,320.3030676023562,1534.1913051084675,597.868614847257,-318.8293762207031,67.22779846191406,167.32601928710938,34.81352996826172,-12.226334571838379,21.61241912841797,3.8405394554138184,19.997594833374023,6.498010635375977,16.253128051757812,-13.323831558227539,15.585759162902832,-10.091474533081055,14.58755111694336,-11.255867958068848,11.164719581604004,-8.568479537963867,9.659286499023438,-0.15695124864578247,9.905245780944824,-8.951723098754883,8.414998054504395,-0.1759396642446518,7.00174617767334,2.7419986724853516,6.236368179321289
audio_104.wav,test,41.72,16000,0.08482236415147781,0.0900578498840332,0.921539306640625,0.4616564417177914,0.691717791411043,152.01041679645533,44.30568161570805,81.52959625252275,0.14278332294861965,0.09991387217844547,1940.4732380195749,739.4655390019691,1663.040552984055,258.9070431010997,3805.190759202454,1078.170119355258,-247.2224884033203,118.14604187011719,70.5675048828125,38.54684066772461,-7.524940013885498,30.222991943359375,24.789688110351562,27.59193992614746,-21.09634780883789,25.503965377807617,-0.6656128168106079,19.988384246826172,-9.426020622253418,16.63833999633789,-7.969047546386719,15.978765487670898,-3.4114906787872314,13.730379104614258,0.16638688743114471,15.066279411315918,-5.302672386169434,13.073637962341309,-3.6625144481658936,11.570645332336426,-9.401519775390625,13.946338653564453
audio_81.wav,test,60.0106875,16000,0.06634439527988434,0.08289254456758499,0.9937744140625,0.4573560767590618,0.5815565031982942,188.23090565017245,201.12310760859387,25.097855495084815,0.21174852578624734,0.18099186587823193,2304.533789137254,1446.380788793126,1508.5899937373479,484.38820108697814,3822.5321495202556,1886.9062749501813,-300.5069580078125,132.17422485351562,49.518436431884766,66.40460205078125,-12.111736297607422,37.42000961303711,12.131052017211914,29.65203285217285,-22.485469818115234,26.99633026123047,-13.434929847717285,21.721643447875977,-8.396783828735352,16.41346549987793,-26.55537223815918,23.212915420532227,-4.962787628173828,16.117225646972656,-9.54990005493164,12.308865547180176,-9.164693832397461,11.633829116821289,-3.032776355743408,10.08752727508545,-8.61002254486084,9.582247734069824
audio_166.wav,test,45.06,16000,0.010046117939054966,0.007171669043600559,0.150848388671875,0.24911284599006386,0.6430092264017033,219.99999999999997,31.925458179446576,28.46475860602041,0.19033196194109298,0.14285004886939376,2267.530731961959,1123.185364676352,1613.267983922501,384.100977373185,3812.283756210078,1596.0750708927517,-455.58636474609375,131.7837371826172,45.158599853515625,64.91091918945312,-9.871262550354004,40.80856704711914,24.082317352294922,33.416358947753906,-21.97908592224121,24.62488555908203,-9.013391494750977,18.403343200683594,-9.764276504516602,21.92425537109375,-1.1902265548706055,16.20969009399414,-9.785283088684082,12.706514358520508,-7.801525592803955,11.791881561279297,-7.8068528175354,9.987592697143555,-7.255503177642822,11.598100662231445,-0.601664662361145,9.323976516723633
audio_202.wav,test,45.0,16000,0.06591754406690598,0.03943494334816933,0.960784912109375,0.05685856432125089,0.7306325515280739,201.15991849391767,59.81036483206662,47.365649997226114,0.09897672630152807,0.06389909013205919,1541.324457886313,682.232626433452,1593.2240052621728,352.06661651518937,3000.710732054016,1255.2284991456306,-188.9142303466797,62.596649169921875,106.95381164550781,32.08888244628906,-17.30303382873535,26.153017044067383,27.430219650268555,22.428335189819336,6.675503730773926,12.622546195983887,4.487750053405762,12.664226531982422,1.488740086555481,11.874920845031738,-5.106734752655029,11.806901931762695,2.5738685131073,11.015555381774902,-3.6590659618377686,12.002211570739746,6.9723801612854,11.264761924743652,-1.553635597229004,9.757038116455078,-0.07672107964754105,7.3698272705078125
audio_185.wav,test,45.06,16000,0.013030769303441048,0.005263842176645994,0.2081298828125,0.0,0.49041873669268987,211.28204791122093,71.81562434053487,148.69675414796197,0.11235458991305891,0.08959020688591217,1960.9160875260966,889.3150240934107,2059.435900576873,340.9701641425213,4365.535175656494,1436.2508870714014,-328.3617858886719,49.0923957824707,81.2149429321289,33.155296325683594,31.554094314575195,25.20318603515625,17.988279342651367,18.72212791442871,5.457758903503418,14.291081428527832,12.298280715942383,12.30049991607666,-1.4458115100860596,9.715142250061035,8.203836441040039,9.131990432739258,5.920759201049805,10.625929832458496,9.06727409362793,7.082019329071045,-2.365035057067871,6.904434680938721,5.433202743530273,7.287197589874268,0.6815431714057922,6.982367038726807
audio_9.wav,test,60.0,16000,0.04351171478629112,0.038255587220191956,0.5968017578125,0.4269722814498934,0.9168443496801706,133.09934981412218,20.3829815440912,37.9393855171235,0.08592578749666845,0.06340563311572053,1593.4825675065506,571.9543316657565,1811.0060815104423,273.87769361792607,3364.838752665245,1217.7606819630905,-271.09808349609375,78.43612670898438,95.00910186767578,27.10574722290039,4.383307933807373,16.50621795654297,12.855673789978027,18.890466690063477,5.119999408721924,10.344531059265137,-7.085960865020752,16.81973648071289,-19.18555450439453,20.74933433532715,-4.7072319984436035,10.424723625183105,-9.024726867675781,11.087197303771973,-3.974810838699341,10.828474044799805,-5.600454330444336,10.578591346740723,-3.9237172603607178,6.474562644958496,-11.234397888183594,7.082830429077148
audio_207.wav,test,45.28,16000,0.02371307462453842,0.019163155928254128,0.22918701171875,0.3114406779661017,0.8396892655367232,136.9994584594705,19.89891173173315,14.999621796922384,0.08581232620497882,0.06215588339687748,1300.9574670295308,587.7723261960157,1402.5581164860203,450.57836997092915,2627.8524452683614,1304.0623462047265,-383.80242919921875,88.28621673583984,121.2291030883789,35.43834686279297,-11.716837882995605,34.96829605102539,29.8348445892334,28.449819564819336,-6.114132404327393,21.56997299194336,-13.869935035705566,17.526451110839844,-6.032371997833252,13.267882347106934,-33.644744873046875,22.659147262573242,-4.370100498199463,12.823559761047363,-2.525829553604126,10.600804328918457,-10.074091911315918,9.753960609436035,-1.766713261604309,8.464449882507324,-4.780758380889893,7.850525379180908
audio_127.wav,test,45.0,16000,0.016844017431139946,0.008468328043818474,0.245513916015625,0.0007107320540156361,0.45557924662402277,117.21605517913326,36.13190233907848,72.38669692350439,0.08462014703269367,0.08166209172150464,1574.8000628134134,762.0155350817188,1566.3202102567336,242.13958921026986,3314.876510305615,961.821148080797,-349.0242614746094,61.47768783569336,96.9349136352539,42.12823486328125,1.8089288473129272,30.115419387817383,53.41725540161133,20.352998733520508,-17.924654006958008,18.478899002075195,29.835643768310547,15.349175453186035,0.14292819797992706,14.65610408782959,2.0094351768493652,13.952999114990234,8.27549934387207,11.205313682556152,1.337384819984436,9.672504425048828,8.623802185058594,9.8356351852417,-1.610413908958435,8.345490455627441,6.656096458435059,7.144249439239502
audio_12.wav,test,38.4853125,16000,0.04925255477428436,0.04968108981847763,0.991302490234375,0.3915211970074813,0.7082294264339152,201.74088950502764,41.53506099855532,35.00278864418277,0.1687939169004572,0.14507429666844335,2004.5794888665785,1264.859101467852,1603.996674744041,521.2092042467441,3601.5235349127183,1907.2953027938531,-340.2805480957031,102.1069564819336,71.38884735107422,66.28009033203125,9.392539024353027,40.90341567993164,-0.041295889765024185,37.20306396484375,-22.27503776550293,24.509191513061523,-16.018569946289062,26.112606048583984,-18.08387565612793,20.004711151123047,-11.882863998413086,20.139263153076172,-8.980780601501465,14.720704078674316,-11.556974411010742,11.931340217590332,-13.836441040039062,11.331145286560059,-7.5455145835876465,12.667326927185059,-6.854156970977783,12.339787483215332
audio_132.wav,test,45.06,16000,0.047070153057575226,0.05065350979566574,0.999908447265625,0.5159687721788503,0.6713981547196594,208.85526660911424,51.60585581970956,23.401366734262865,0.0640223701428318,0.01887781920861078,849.2831567791648,226.13677457591388,1005.2679612944733,283.77534147322024,1417.1841731724628,594.8740035005059,-305.67730712890625,50.7761344909668,155.7912139892578,23.600067138671875,-5.041415691375732,14.887928009033203,-7.045629978179932,16.82555389404297,3.4343221187591553,11.021340370178223,-9.214455604553223,17.06639862060547,-3.700942039489746,11.87340259552002,-2.9206409454345703,10.838597297668457,-1.8578712940216064,9.235424995422363,3.811758279800415,9.482789039611816,-2.410951852798462,7.1454291343688965,4.055001735687256,6.293146133422852,10.546859741210938,7.719579696655273
audio_109.wav,test,59.76,16000,0.005427589640021324,0.006648344453424215,0.19390869140625,0.591541755888651,0.6563169164882227,104.42763330455712,13.184913725290958,12.8592792425531,0.12253951209515525,0.0816993601505649,1650.2589115836713,801.5912536649881,1727.126384574499,442.9262812405295,3415.208444860814,1751.7399328394097,-510.7890930175781,91.65929412841797,97.62093353271484,37.63797378540039,15.021171569824219,20.810041427612305,9.129889488220215,25.921350479125977,-0.9160357713699341,16.7490177154541,-4.963063716888428,12.04906177520752,-8.456300735473633,13.103354454040527,-8.039484024047852,12.34653377532959,-7.8970255851745605,10.602378845214844,-1.4298295974731445,12.080381393432617,-5.974782466888428,9.551483154296875,0.42098888754844666,8.658698081970215,-3.3684370517730713,8.61856460571289
audio_32.wav,test,52.7,16000,0.048189446330070496,0.04610426351428032,0.676025390625,0.36065573770491804,0.6733454766241651,269.2917795270241,75.08164108530296,20.28462508426503,0.24207513898375835,0.18475760339645944,2565.75729650484,1373.8928312422554,1719.9228576595506,478.10811452669975,4323.93651335762,1838.9508323589946,-311.5497741699219,107.40122985839844,30.513429641723633,61.322654724121094,-7.109140872955322,43.304115295410156,8.120352745056152,35.94681167602539,-15.878792762756348,24.440690994262695,-16.910757064819336,23.346357345581055,-13.209962844848633,17.79987335205078,-14.384380340576172,18.724458694458008,-11.604060173034668,15.228808403015137,-11.291773796081543,14.293285369873047,-12.544464111328125,12.62764835357666,-8.170903205871582,12.457588195800781,-10.810954093933105,11.615099906921387
audio_178.wav,test,45.16,16000,0.039107028394937515,0.02852620743215084,0.43988037109375,0.2514164305949009,0.75,102.63362906904881,83.35788123361615,12.975980276244925,0.15901266211490794,0.13098385307694266,1761.0510587555339,1097.0453436978928,1406.2315712195807,542.8107580091478,3228.095122167139,1836.2735731916366,-330.387939453125,111.95567321777344,107.9145278930664,80.27391052246094,-11.750768661499023,48.72369384765625,33.93145751953125,30.881071090698242,0.7119589447975159,26.66994857788086,-10.454416275024414,23.70796775817871,-16.003305435180664,20.577146530151367,0.5839093923568726,13.163586616516113,-16.883222579956055,12.250109672546387,7.25661039352417,14.818314552307129,-4.009072780609131,10.941283226013184,2.738649845123291,10.80600357055664,-4.759023666381836,11.181203842163086
audio_61.wav,test,60.0746875,16000,0.04585213214159012,0.043190158903598785,0.62359619140625,0.38232161874334397,0.6986155484558041,239.91170118635668,146.21582831190113,45.66806230459167,0.14485261082268372,0.11899401617794292,1877.2338907033763,980.7032271520158,1740.897097292876,432.9809057044793,3611.783646166134,1729.5244891446875,-334.9725646972656,131.00672912597656,65.02205657958984,48.252098083496094,5.876346111297607,32.92429733276367,18.93039894104004,30.168943405151367,-5.369129180908203,21.342832565307617,-16.595067977905273,21.888490676879883,-21.698789596557617,20.115966796875,-13.17252254486084,15.985310554504395,-6.968345642089844,16.156173706054688,-10.68078899383545,12.311959266662598,-12.587053298950195,12.270295143127441,-3.4774765968322754,12.559653282165527,0.591907262802124,12.45770263671875
audio_34.wav,test,60.08,16000,0.030204135924577713,0.027481529861688614,0.518707275390625,0.3711395101171459,0.8498402555910544,137.79308824865404,48.15514494882351,88.92970866196553,0.09146563415202343,0.10442021526990015,1422.2365300708268,978.1586552691991,1492.9161935466432,520.1481223701363,2707.1934904153354,1762.228035009684,-381.89654541015625,111.87511444091797,101.32141876220703,62.47896194458008,18.424245834350586,32.913368225097656,21.89862632751465,31.24118423461914,3.4459633827209473,22.076553344726562,-7.520802974700928,19.13212013244629,-11.934439659118652,17.591777801513672,-6.046657562255859,12.990912437438965,-2.753631114959717,11.749090194702148,-6.872714042663574,10.282424926757812,-6.468442916870117,9.349032402038574,-4.3434576988220215,8.847789764404297,-5.78639030456543,8.600356101989746
audio_106.wav,test,37.92,16000,0.04497638717293739,0.0362577885389328,0.871307373046875,0.30016863406408095,0.6433389544688027,227.75828324510303,53.55526630612545,29.66528531168177,0.08591567967432547,0.07422391052200075,1413.4724875011955,688.2072923337959,1597.441416018597,399.48329550798564,2746.245257166948,1318.9275128598242,-272.43902587890625,80.6635971069336,107.05094146728516,29.619232177734375,-6.9147491455078125,16.275861740112305,18.54505729675293,18.730310440063477,6.092358589172363,11.096342086791992,-11.609819412231445,17.319196701049805,-3.8853871822357178,10.140746116638184,-6.327907085418701,11.146512985229492,-2.4283692836761475,7.699878215789795,-4.875992298126221,6.9604973793029785,-4.291043281555176,6.319996356964111,-8.959559440612793,7.797391891479492,-13.871192932128906,6.6563215255737305
audio_49.wav,test,60.0746875,16000,0.052080586552619934,0.04202431067824364,0.824432373046875,0.28594249201277955,0.617678381256656,190.41804342135148,25.48232993159275,20.037225437493305,0.1931292744109425,0.1791660276706509,2157.6223384343543,1442.4375958212756,1653.5541596590997,454.3396821879404,3765.770600372737,1978.4842170621596,-323.3240051269531,99.44110870361328,71.65084075927734,64.08685302734375,4.47947359085083,38.167720794677734,21.555015563964844,32.102176666259766,-4.9737067222595215,27.113061904907227,-17.79945182800293,21.710649490356445,-0.19999217987060547,17.41012954711914,11.15528678894043,18.03641128540039,-4.823525905609131,17.17897605895996,2.5134663581848145,14.225545883178711,-11.309785842895508,15.956954956054688,-8.594955444335938,13.791522979736328,-2.8182032108306885,12.278217315673828
audio_149.wav,test,42.12,16000,0.004475047346204519,0.003562576835975051,0.109344482421875,0.2976461655277145,0.6955201214882308,186.06888929891866,57.43190724791899,32.52932203890515,0.13163906783883828,0.1111822984172436,1780.9851037678718,887.4192961451712,1607.746572856785,358.1195517977976,3439.7185839028093,1319.3538075157114,-503.87860107421875,92.28775024414062,91.25487518310547,47.790958404541016,-7.777346611022949,28.923614501953125,29.146028518676758,27.01578140258789,-15.578472137451172,21.577835083007812,12.220624923706055,14.534392356872559,-8.449403762817383,14.460838317871094,-1.2253358364105225,11.740480422973633,-3.4922871589660645,11.138124465942383,-4.683686256408691,9.248884201049805,-0.3649206757545471,9.312323570251465,-0.32538294792175293,9.901268005371094,1.3560338020324707,7.982875347137451
audio_30.wav,test,60.0746875,16000,0.06269147992134094,0.05377769470214844,0.763397216796875,0.2992545260915868,0.7779552715654952,161.0494265540188,61.58277715058784,30.479774813444635,0.14704493643503727,0.13597214887622913,1947.2325616116234,1184.9339908558834,1685.4975477847267,490.48319136805117,3569.1476970181043,1900.4894697418508,-317.1039733886719,140.521484375,61.671382904052734,61.58299255371094,1.7766642570495605,37.34808349609375,15.06710433959961,31.89780044555664,-0.7052619457244873,19.48646354675293,-28.13272476196289,28.167678833007812,-20.215219497680664,20.53768539428711,-5.485562324523926,14.632391929626465,-9.437239646911621,15.273150444030762,-8.629846572875977,14.100914001464844,-8.528253555297852,11.851479530334473,-1.6354050636291504,12.32823657989502,-1.7979860305786133,10.100881576538086
audio_131.wav,test,45.0,16000,0.01388561725616455,0.01211763359606266,0.271636962890625,0.31272210376687987,0.7057569296375267,208.85526660911424,52.12994138440885,31.760565254228396,0.16276111074093816,0.1331274934807855,1963.1140664705408,1068.5105733480923,1615.97370765504,434.2916280031049,3500.30539267946,1704.4944227967121,-449.7303161621094,147.52792358398438,62.914390563964844,56.18919372558594,-14.660914421081543,38.53151321411133,12.973919868469238,30.443180084228516,-4.58349084854126,16.673397064208984,-10.992387771606445,22.56247329711914,-14.072158813476562,16.277170181274414,-2.9295105934143066,12.96186351776123,-9.528142929077148,13.866544723510742,-8.967565536499023,13.853657722473145,-6.4984211921691895,11.123019218444824,-7.009839057922363,10.167689323425293,-5.053749084472656,11.375603675842285
audio_162.wav,test,43.14,16000,0.043202269822359085,0.027761515229940414,0.38726806640625,0.17642698295033357,0.7887323943661971,133.09934981412218,11.694095466921219,6.151043178532149,0.07213640601834692,0.051145490795965934,1294.5654441733418,557.5704427247365,1537.2590280466945,371.3157713188951,2694.5248795404004,1225.7685230243346,-292.4969482421875,69.63633728027344,104.7621841430664,36.45036315917969,2.4044504165649414,25.536182403564453,38.561927795410156,20.469173431396484,11.822111129760742,16.37000274658203,12.375293731689453,14.923176765441895,-5.011728763580322,13.689059257507324,-16.06170082092285,15.889057159423828,-3.8958520889282227,13.027562141418457,2.0128016471862793,10.754310607910156,-7.557399272918701,10.80930233001709,11.885749816894531,8.705352783203125,6.496474742889404,8.291176795959473
audio_204.wav,test,45.0,16000,0.013073255307972431,0.012241583317518234,0.287078857421875,0.3425728500355366,0.6041222459132907,141.01384901128017,28.835336685839863,22.83164771967077,0.19142186667110875,0.11274442009608454,2085.2439195979127,949.3163539153348,1500.0376807745413,371.0590960952285,3576.536958066809,1361.429532583463,-432.4545593261719,147.6170654296875,61.485572814941406,65.67080688476562,-24.268373489379883,38.44376754760742,27.01776885986328,32.981689453125,-10.532401084899902,22.481725692749023,-6.936913967132568,21.501203536987305,-9.998879432678223,18.589147567749023,-4.931645393371582,15.513383865356445,-11.090388298034668,17.492897033691406,0.4855530261993408,13.157870292663574,-11.19633960723877,11.38278579711914,-2.1594018936157227,10.83815860748291,-5.98406982421875,11.620112419128418
audio_198.wav,test,45.2,16000,0.0579838827252388,0.04730549827218056,0.785430908203125,0.36659589525831565,0.7501769285208776,119.26495573315601,15.201297757000642,14.686355719185485,0.09779689435155697,0.11390894134974504,1464.1254794582424,1018.3025215672626,1625.2624870535549,442.93321335147,2839.5811217268224,1773.185274320444,-273.2827453613281,105.82958984375,97.8440933227539,52.672183990478516,15.21780014038086,31.741050720214844,26.785432815551758,24.65080451965332,29.152938842773438,15.688371658325195,10.574763298034668,16.84008026123047,-2.4245927333831787,16.33401107788086,-5.47128438949585,13.566164016723633,-13.005475044250488,16.122787475585938,2.644340753555298,11.545296669006348,-1.0124915838241577,9.277400016784668,-5.3574981689453125,9.986499786376953,-2.6951634883880615,9.39638614654541
audio_135.wav,test,43.62,16000,0.02641942910850048,0.01844894140958786,0.503021240234375,0.16862170087976538,0.5549853372434017,161.0494265540188,58.162654160059084,109.45614517206143,0.14087272039956011,0.11596382142368927,1974.7534883366923,943.6443726347974,1803.9306103303975,395.26665528245786,3945.4499633431087,1326.058942531935,-281.7898864746094,82.85015869140625,78.96285247802734,35.122955322265625,4.6630024909973145,35.9219970703125,41.200927734375,26.802995681762695,-5.658378601074219,26.97503662109375,12.09721851348877,14.588412284851074,-3.3644063472747803,16.550338745117188,7.795050621032715,11.794943809509277,3.5026297569274902,11.265496253967285,2.2704546451568604,8.261658668518066,-3.4805331230163574,8.980649948120117,4.585155963897705,8.927675247192383,5.088162899017334,7.801843643188477
audio_187.wav,test,45.06,16000,0.014368236064910889,0.014742467552423477,0.518524169921875,0.44925479063165363,0.7374024130589071,120.65074776640884,7.806227660826535,7.6451441491519745,0.15305763174237047,0.12754775318699832,1995.5529685735337,1056.8321675681595,1748.7315277591965,463.3507810899075,3840.4120830376155,1731.5334646539698,-380.7547912597656,87.70323944091797,86.02780151367188,50.200679779052734,-4.113959789276123,31.939355850219727,12.886737823486328,24.279129028320312,-4.145804405212402,20.645620346069336,-2.8847053050994873,14.195951461791992,-9.053973197937012,12.430182456970215,-6.46701717376709,11.781665802001953,-2.578988552093506,9.618531227111816,-8.891120910644531,10.505441665649414,-8.48319149017334,8.790042877197266,-2.3503851890563965,6.923654079437256,-6.67912483215332,7.747824668884277
audio_3.wav,test,45.0,16000,0.01094052568078041,0.009582395665347576,0.126708984375,0.30987917555081734,0.6908315565031983,189.3213161937526,51.13270758288657,33.8715518867283,0.1251908704246624,0.10083176309263972,1785.3585676588925,1128.0524228746608,1422.5028431759847,606.3721561195547,3246.4741027007817,1977.647058804073,-492.64453125,126.39925384521484,76.01956939697266,65.11473846435547,-13.345358848571777,42.44566345214844,26.74627113342285,33.521934509277344,-14.074828147888184,23.06065559387207,-13.300668716430664,18.294591903686523,-22.552522659301758,20.295272827148438,-17.699214935302734,16.28794288635254,-7.071316242218018,12.886157989501953,-16.05727195739746,12.68656063079834,-16.9693660736084,12.28514289855957,-5.522510528564453,8.721212387084961,-9.630020141601562,8.544235229492188
audio_98.wav,test,45.06,16000,0.0071701593697071075,0.005128385033458471,0.153472900390625,0.19020581973030518,0.7047551454932577,199.42369775418427,21.234104684156357,18.651453401926176,0.17198485461763663,0.12973858923379966,2141.2555888242337,1065.5093387383968,1670.3721845674386,426.21063600722823,3934.483676366217,1531.394466432804,-450.8665771484375,95.3629150390625,63.75543975830078,47.38441848754883,-15.137394905090332,39.08226776123047,29.443538665771484,30.945396423339844,-21.748306274414062,28.609708786010742,-2.290755271911621,15.60983657836914,-21.86978530883789,18.20539665222168,-5.168377876281738,15.24254322052002,-3.4654078483581543,12.570906639099121,-5.469428062438965,9.972071647644043,-3.4080424308776855,8.799478530883789,1.7332137823104858,12.22455883026123,1.6757071018218994,7.771305561065674
audio_159.wav,test,45.06,16000,0.01495064701884985,0.018051542341709137,0.528350830078125,0.5876508161816891,0.6444286728176012,140.20166900511882,19.68834833122891,24.60815561547213,0.2066413873979773,0.13937414636811474,2216.713744169428,1075.7771855679619,1694.4866922508463,415.8586156281312,3983.992414833215,1654.8629222260965,-407.1398010253906,129.10789489746094,53.622764587402344,57.653953552246094,-7.266912937164307,35.394996643066406,17.404251098632812,26.261398315429688,-7.322739124298096,20.339805603027344,-9.777213096618652,17.426471710205078,-10.338272094726562,15.775747299194336,-8.461438179016113,13.7033052444458,-11.487083435058594,12.801468849182129,2.8010549545288086,10.436660766601562,-5.805960178375244,10.279142379760742,-3.8420794010162354,9.657612800598145,-2.0769248008728027,7.842653274536133
audio_167.wav,test,45.06,16000,0.0233722273260355,0.024148937314748764,0.396575927734375,0.4137686302342087,0.687721788502484,205.2672581380976,47.49199502351351,28.47887607485268,0.18615887264904188,0.1285159030690927,2092.307910756443,1074.3520140436783,1578.1348483907313,428.70104754923807,3615.6959723207947,1676.9998861937859,-404.423828125,148.88446044921875,54.439544677734375,57.50748825073242,-23.69721794128418,40.3055305480957,0.5742242336273193,27.47885513305664,-9.660137176513672,21.024879455566406,-7.7208638191223145,17.56629753112793,-20.024288177490234,21.876781463623047,0.1358518898487091,13.333245277404785,-13.858295440673828,16.003511428833008,-2.8419089317321777,12.949824333190918,-4.359549522399902,11.065253257751465,-8.1936674118042,9.7376708984375,-2.9940598011016846,9.706087112426758
audio_205.wav,test,44.84,16000,0.04631512239575386,0.043524302542209625,0.519683837890625,0.38587731811697573,0.8345221112696148,151.1349012203898,37.26180458834401,59.348747322009004,0.07891628031383738,0.06485849027231247,1126.312505177682,681.9701517581578,1318.5407707408442,424.9266971167246,2117.3045203281026,1391.352769381447,-355.8248596191406,73.61351776123047,115.45423126220703,40.228755950927734,17.559242248535156,21.925949096679688,24.337841033935547,18.76093864440918,12.569003105163574,13.823038101196289,-7.079739093780518,18.61306381225586,-21.612194061279297,17.75147819519043,-10.675777435302734,12.317463874816895,-8.7236909866333,12.165616989135742,-8.360580444335938,10.082329750061035,-5.758061408996582,8.578672409057617,-13.402543067932129,8.599174499511719,-3.1724696159362793,6.968835830688477
audio_95.wav,test,45.06,16000,0.012238038703799248,0.011311033740639687,0.242706298828125,0.33995741660752304,0.631653655074521,202.90956258890662,38.306317373259056,30.501987589687985,0.16774696149751597,0.1412504751512994,2266.359553009842,1093.3942129170034,1899.843831887587,438.7479355671594,4306.068133427963,1622.9664437680199,-405.7647399902344,103.23088073730469,60.04896926879883,44.89713668823242,0.36458927392959595,38.882713317871094,25.42573356628418,24.660234451293945,1.9922840595245361,25.738704681396484,-1.0298327207565308,16.827402114868164,0.5396265983581543,15.952618598937988,-0.16922304034233093,14.275609970092773,-4.059423923492432,12.491143226623535,4.568446159362793,10.116948127746582,7.06854772567749,9.715583801269531,-3.833014726638794,10.530965805053711,3.721924304962158,9.036101341247559
audio_68.wav,test,60.0746875,16000,0.018631840124726295,0.026038097217679024,0.9425048828125,0.6842385516506923,0.18956336528221512,102.93090435143728,24.526522705860692,16.907948776136735,0.2593064638245474,0.10369999831349533,2691.940263893452,793.1183778817388,2067.4183175533813,283.128386830815,5216.29559371672,1001.7126632331065,-327.5081787109375,95.66376495361328,46.52348709106445,40.33466720581055,7.626566410064697,24.33733367919922,14.985443115234375,25.94066047668457,-2.976623296737671,20.275657653808594,-0.18513938784599304,17.175384521484375,-10.475229263305664,14.059648513793945,-1.8225826025009155,10.81340217590332,-9.97071361541748,11.316575050354004,4.940008163452148,16.596738815307617,-8.009143829345703,9.864689826965332,-3.408921003341675,8.543806076049805,-8.944978713989258,10.122008323669434
audio_31.wav,test,60.0746875,16000,0.053687989711761475,0.05204333737492561,0.911834716796875,0.42119275825346114,0.7289669861554846,162.92073075152206,197.65564470167504,28.104539931441934,0.1498539836261981,0.1420989111305504,1908.2543583768877,1165.5611479683675,1636.9546864451293,460.5400316353278,3440.033446485623,1808.0488773563723,-322.7115173339844,127.52200317382812,60.020172119140625,61.044342041015625,-1.8017245531082153,35.294471740722656,10.397605895996094,30.15300178527832,-1.2985730171203613,19.781267166137695,-24.934398651123047,27.421220779418945,-17.503835678100586,20.19120979309082,-3.094841480255127,13.379990577697754,-9.477686882019043,15.241209983825684,-6.239570617675781,13.06201171875,-1.1507940292358398,10.453572273254395,-3.740269660949707,11.081562042236328,-4.105632305145264,9.656394958496094
audio_157.wav,test,44.9266875,16000,0.05301310867071152,0.04579787328839302,0.815338134765625,0.3141025641025641,0.7086894586894587,174.61411571650194,58.049778020634804,102.1733603259614,0.13478162281873218,0.15329001648559976,1731.4413812713217,1351.457860314092,1556.9008116630769,507.37472315070187,3061.8044426638176,2007.5710905119333,-345.509765625,103.09069061279297,94.33863067626953,65.91681671142578,43.85631561279297,37.87948226928711,7.066245079040527,34.43010330200195,-13.741289138793945,21.462739944458008,-8.698982238769531,23.695459365844727,-24.623023986816406,19.778362274169922,-6.944706439971924,19.269636154174805,-18.83824920654297,15.451244354248047,-12.077704429626465,13.15750503540039,-10.177618980407715,11.482135772705078,-12.354959487915039,9.555558204650879,-6.525735855102539,10.557992935180664
audio_89.wav,test,60.0746875,16000,0.04282582178711891,0.041458748281002045,0.9501953125,0.3855165069222577,0.6022364217252396,100.87044475251382,14.084563058010712,17.70475072861734,0.1652046829239883,0.14903386519601936,1967.4754192125863,1236.5692082419462,1669.9931528113957,456.67693807286577,3599.1621738551653,1943.1659674967884,-318.82147216796875,148.84693908691406,73.82794952392578,70.46488189697266,15.343513488769531,34.82455062866211,18.57267951965332,25.80782699584961,-16.245210647583008,27.39373016357422,-5.771154403686523,17.999692916870117,-8.09264850616455,15.8906888961792,-9.887201309204102,15.390901565551758,3.586249351501465,13.371588706970215,1.6374462842941284,11.899079322814941,5.033354759216309,11.76613712310791,-0.13526001572608948,9.770196914672852,-6.036910533905029,11.296263694763184
audio_82.wav,test,60.0746875,16000,0.030606720596551895,0.042994048446416855,0.9129638671875,0.5867944621938233,0.402555910543131,102.04250286354403,29.0794085775687,13.27927943777415,0.20560254634251865,0.12836532152132815,2204.370035466989,1240.0684382636675,1590.2903090323607,616.3990428061516,3900.912706336528,2044.445226961429,-432.23504638671875,139.41400146484375,59.586307525634766,82.36668395996094,2.690714120864868,33.27593231201172,15.073395729064941,33.32992935180664,-2.607788562774658,20.264657974243164,-0.5698148608207703,17.80028533935547,-6.674637794494629,17.83883285522461,-6.334341049194336,14.522374153137207,-8.162399291992188,13.700531005859375,-8.754827499389648,14.00346851348877,-7.191912651062012,10.871101379394531,-4.799404621124268,8.708755493164062,-4.52280330657959,9.066492080688477
audio_53.wav,test,60.0746875,16000,0.05617986246943474,0.04313826933503151,0.93646240234375,0.26357827476038337,0.7715654952076677,254.17759331190004,45.172310471180786,48.66391010017378,0.15103516665002661,0.10254668436355488,1876.485411395734,871.6044227230958,1500.7349316674392,382.0080355262358,3460.0722177848775,1359.0946361318897,-302.0767517089844,111.2896499633789,71.00082397460938,49.091949462890625,-10.710387229919434,45.64887619018555,24.59648323059082,35.24135208129883,-31.63063621520996,30.246198654174805,7.381549835205078,21.385751724243164,-18.72503662109375,17.66066551208496,-5.346149444580078,18.33054542541504,-7.658660888671875,14.7363920211792,-6.466285705566406,11.510824203491211,-9.45749282836914,11.233234405517578,-6.212977886199951,11.189070701599121,-4.98400354385376,9.46535587310791
audio_37.wav,test,60.08,16000,0.04032324254512787,0.02757037989795208,0.646728515625,0.2066027689030884,0.6991480298189563,169.64319079487348,30.40864512743681,19.95160639989126,0.2168452351238019,0.1715974111088355,2135.28677350276,1352.6777181255536,1601.7689796087636,460.28411837970305,3740.872936634718,1943.7356749015592,-312.1349792480469,113.56721496582031,70.18024444580078,65.30839538574219,-3.7719430923461914,37.88747024536133,31.31158447265625,34.89657211303711,-20.82924461364746,26.095840454101562,-16.53624153137207,19.413015365600586,-9.01909065246582,14.966897964477539,-9.46876049041748,15.503052711486816,-0.6362587809562683,12.895271301269531,-3.9465744495391846,10.199445724487305,-6.08735990524292,9.553177833557129,-4.781596660614014,10.498309135437012,-7.534058094024658,9.38058853149414
audio_113.wav,test,45.06,16000,0.10369660705327988,0.05854647606611252,0.830230712890625,0.11142654364797729,0.7381121362668559,239.91170118635668,41.94773082128984,33.478283143103425,0.2271679133028744,0.15464021414279824,2588.3948135415962,1131.4823184637569,1799.7309532324289,334.6667100831959,4607.855748757985,1461.1123068690656,-182.89834594726562,85.83552551269531,27.48138427734375,53.23775100708008,-17.764062881469727,35.85860061645508,2.614462375640869,36.04729080200195,-34.36500930786133,24.80702018737793,-10.049457550048828,22.76868438720703,-32.874202728271484,15.92569637298584,-8.980627059936523,14.59473705291748,-19.338993072509766,12.885375022888184,-5.649750709533691,12.244945526123047,-12.791467666625977,10.795913696289062,-3.195528984069824,11.181629180908203,-11.898872375488281,10.743807792663574
audio_85.wav,test,60.0746875,16000,0.03945872560143471,0.037248022854328156,0.8985595703125,0.36421725239616615,0.4355697550585729,137.79308824865404,32.20136188465592,23.042149771331523,0.18450089232228434,0.1473090796310461,2384.989045598178,1284.4825836004359,1615.5582863272439,455.7664853849332,4137.825312832801,1789.523419070185,-348.3880310058594,145.99191284179688,40.15465545654297,71.88589477539062,5.470213413238525,41.50144577026367,29.659719467163086,36.97983169555664,-19.74420928955078,27.630970001220703,-11.409890174865723,19.338539123535156,-15.932673454284668,19.885700225830078,1.0389058589935303,14.650924682617188,-17.617473602294922,16.809507369995117,-5.5904221534729,13.056295394897461,-12.935178756713867,12.842421531677246,-19.822711944580078,15.804513931274414,1.3250436782836914,10.41592788696289
audio_173.wav,test,45.06,16000,0.03649025037884712,0.03978922218084335,0.7830810546875,0.44925479063165363,0.7494677075940384,119.95585059317834,21.20347757823838,11.983223818081896,0.08193560370830376,0.08098900106597995,1269.6021108279926,833.780088060527,1317.2237680729756,425.4824912172563,2277.551676721079,1547.2158677811146,-375.8041076660156,128.1549072265625,84.99352264404297,59.73021697998047,11.460729598999023,40.65481948852539,35.34669876098633,42.848716735839844,1.3513916730880737,34.63648223876953,4.097601413726807,22.089048385620117,-12.572264671325684,27.45018768310547,-1.6613489389419556,18.702625274658203,-5.656166076660156,20.944229125976562,-1.4993292093276978,15.414701461791992,1.2755801677703857,13.759589195251465,-3.3696138858795166,12.235550880432129,-0.9480261206626892,11.551902770996094
audio_41.wav,test,60.0746875,16000,0.04152186959981918,0.03652465343475342,0.620147705078125,0.33280085197018106,0.6927582534611288,195.99771799087463,131.94118482475812,32.96515784491942,0.13402826311235358,0.11571828953200616,1609.1405291125695,1145.6120552869054,1432.2229785949248,571.8354717339173,2896.1910942492013,1873.2424100497954,-347.0889587402344,88.6783447265625,105.54068756103516,57.57120895385742,13.372157096862793,46.962989807128906,5.331010818481445,35.0586051940918,-16.669937133789062,28.29935073852539,-7.1108245849609375,24.35962677001953,-1.1442670822143555,17.213274002075195,-7.370057582855225,16.05327606201172,-12.009556770324707,17.089025497436523,-6.6225409507751465,13.663823127746582,-12.001898765563965,14.254616737365723,-1.8708901405334473,14.138731002807617,10.558463096618652,12.336444854736328
audio_51.wav,test,60.0746875,16000,0.06940896809101105,0.05377812683582306,0.943817138671875,0.27103301384451545,0.7705005324813632,244.1052838549259,48.809778934907314,43.895240744939,0.14073654028554314,0.10256168192119845,1821.2433768817145,852.2675864578579,1486.7417571239691,340.6218671268312,3370.490548455804,1286.7837284402067,-293.63665771484375,115.67459869384766,75.64537048339844,50.50890350341797,-7.0103068351745605,43.3156623840332,28.379911422729492,36.82311248779297,-33.782718658447266,32.01707458496094,13.614496231079102,20.787744522094727,-19.54415512084961,19.066455841064453,-3.705284595489502,17.88391876220703,-7.419000148773193,13.429944038391113,-5.26384162902832,11.368512153625488,-9.112950325012207,11.662023544311523,-8.529358863830566,10.003628730773926,-3.480179786682129,9.203314781188965
audio_143.wav,test,45.06,16000,0.012373668141663074,0.01150192879140377,0.23797607421875,0.3420865862313698,0.7629524485450674,122.05264192746294,27.908467958203687,20.29243495790294,0.14749039378548617,0.11696017000598292,1915.913567181383,1069.6464945196203,1751.450484046151,495.15234567983043,3702.0548704755147,1925.5031880479876,-420.39599609375,88.87987518310547,85.06510925292969,54.01200485229492,15.729368209838867,31.95133399963379,23.719642639160156,22.89454460144043,-2.1750707626342773,18.603124618530273,0.8347062468528748,15.124531745910645,-11.097009658813477,15.387548446655273,-3.498114824295044,12.866561889648438,-0.6956303119659424,11.402860641479492,-0.216165691614151,9.810200691223145,1.6949739456176758,8.144413948059082,1.8183354139328003,7.320120334625244,-6.830489635467529,10.001437187194824
audio_92.wav,test,45.06,16000,0.026282543316483498,0.02720985934138298,0.829925537109375,0.48970901348474094,0.5713271823988645,110.63722351746388,29.49712081438489,55.943279112862456,0.0678201517033357,0.04839455398611476,1125.6097150346147,646.2576601480424,1209.0872870659168,473.07821000589547,2035.369721433641,1413.4132856603514,-371.32373046875,90.70053100585938,116.16487884521484,55.808746337890625,3.1445505619049072,30.075960159301758,-2.227088212966919,28.682830810546875,-9.09445858001709,21.300691604614258,24.396379470825195,13.67164421081543,22.47383689880371,11.687740325927734,-8.814421653747559,17.267499923706055,-4.6017608642578125,11.94997787475586,-2.6470839977264404,12.060032844543457,0.9627766013145447,11.530492782592773,23.990755081176758,9.318499565124512,2.8836071491241455,9.447955131530762
audio_74.wav,test,60.0746875,16000,0.07587849348783493,0.059420205652713776,0.847015380859375,0.2747603833865815,0.7651757188498403,192.63059450929475,51.80241869173072,26.88047958109871,0.1610709323415868,0.15283537460523652,1725.5892099433106,1375.9531837889651,1475.4382789104357,617.7221153180329,3026.062466719915,2140.0992329634296,-297.57916259765625,85.71552276611328,99.59123992919922,56.2450065612793,4.433071613311768,43.26729965209961,11.834660530090332,31.22564697265625,9.440164566040039,23.010358810424805,-9.912138938903809,20.560426712036133,-9.741539001464844,14.664223670959473,-0.8900768160820007,14.622589111328125,-6.2484211921691895,17.394729614257812,-10.119328498840332,12.71666431427002,-5.071088790893555,13.541448593139648,-13.687832832336426,12.076743125915527,-5.377315044403076,10.362967491149902
audio_0.wav,test,45.12,16000,0.0158846378326416,0.008720493875443935,0.197265625,0.05598866052445074,0.7221828490432317,103.22817963382575,16.7505834076599,12.070662907149114,0.09058188175496103,0.10129852466437435,1408.5836284096538,940.7738440355862,1620.0777044970823,446.2931447432256,2810.102542523033,1757.8075183422795,-360.30450439453125,65.53128814697266,116.7557373046875,46.680450439453125,29.45102882385254,31.513378143310547,22.40913200378418,26.777406692504883,-6.354616165161133,19.814680099487305,14.121750831604004,12.419938087463379,10.854582786560059,14.176185607910156,0.6363813281059265,12.8601713180542,2.2909228801727295,10.296928405761719,0.9895220994949341,10.072993278503418,-3.289059638977051,8.755136489868164,-1.7546755075454712,8.798415184020996,-1.001509189605713,7.982057571411133
audio_147.wav,test,45.06,16000,0.0271153524518013,0.02036372758448124,0.56121826171875,0.2526614620298084,0.8126330731014905,143.47872767421205,12.342593647518445,14.13544276091929,0.11040042527945351,0.07256931723996342,1132.9587796899486,480.0542550112449,858.141562929108,221.73727787364962,1975.6088094393187,777.4905944889941,-385.6053161621094,87.8869400024414,144.09654235839844,51.43397903442383,-50.579872131347656,43.8602409362793,25.95115089416504,32.54527282714844,-7.638817310333252,22.706905364990234,-30.449628829956055,16.897714614868164,-3.9390382766723633,16.163864135742188,-25.582611083984375,15.049307823181152,-3.137669086456299,12.086918830871582,-4.047408580780029,9.49841594696045,-17.688501358032227,9.205095291137695,2.341949939727783,11.463079452514648,-8.800262451171875,10.163166046142578
audio_130.wav,test,45.06,16000,0.03947246074676514,0.03312303125858307,0.5260009765625,0.3647977288857346,0.6444286728176012,245.51937137864914,93.9635455137745,198.10314796772158,0.09413916951295245,0.07181510828653358,1684.3943880471936,708.5833805613712,1787.9436947765391,394.924315497971,3434.9937899219303,1325.4546727790103,-293.7096252441406,113.55074310302734,81.35955047607422,32.481483459472656,-3.3489699363708496,35.10981369018555,24.951189041137695,25.52956199645996,8.215066909790039,18.417943954467773,6.605945110321045,17.458614349365234,6.891075611114502,12.554271697998047,2.948005199432373,15.099995613098145,0.7291359305381775,10.586870193481445,3.655888795852661,9.1513671875,3.5630829334259033,8.363693237304688,0.5936256051063538,11.728911399841309,6.018488883972168,8.032159805297852
audio_192.wav,test,45.06,16000,0.07123886048793793,0.05124517157673836,1.0,0.1937544357700497,0.8594748048261178,221.27444703492776,23.18903760068342,20.695083304473258,0.10632367536816892,0.06494332727869906,1355.7142238791641,597.6802657046616,1392.7102354286556,428.41716601225545,2543.33747338538,1361.56917612913,-232.12220764160156,52.11205291748047,125.76073455810547,29.799983978271484,-1.5263971090316772,29.780799865722656,-1.972301721572876,23.825117111206055,-21.21532440185547,17.695863723754883,16.594970703125,13.417494773864746,7.1871795654296875,11.151840209960938,-8.1759672164917,10.725868225097656,-23.3912296295166,10.796939849853516,12.26286506652832,8.268706321716309,14.152554512023926,9.554411888122559,-16.09398651123047,10.214632987976074,11.73220157623291,9.026527404785156
audio_43.wav,test,60.544,16000,0.046196479350328445,0.036315418779850006,0.945953369140625,0.27892234548335976,0.4844162704701532,163.86452094349724,49.14384483105293,87.23209417861237,0.2152884393159007,0.15655391290748624,2297.1493680887766,1205.5508837551754,1578.6287319739672,394.3941098222954,3912.8945456946644,1647.5870472440797,-271.1088562011719,105.3909683227539,45.934844970703125,64.94662475585938,-23.932626724243164,42.759212493896484,12.134855270385742,32.36236572265625,-14.100363731384277,24.863616943359375,-13.000511169433594,20.623676300048828,-29.49768829345703,18.080461502075195,-14.14268684387207,17.41309928894043,-1.123470664024353,16.806676864624023,-20.189815521240234,13.62955093383789,-32.034027099609375,15.5016450881958,2.7977654933929443,13.488348960876465,0.07159091532230377,11.692471504211426
audio_65.wav,test,60.0746875,16000,0.03811584413051605,0.04820520803332329,0.94305419921875,0.5692225772097976,0.466986155484558,133.09934981412218,56.627135689844884,30.13401308784934,0.1541112345247604,0.0843819879982311,1609.4330628182076,667.3274333996546,1380.6017125400679,368.14203346448204,2923.5764443556977,1158.3876176655679,-318.0810852050781,63.992088317871094,103.49899291992188,40.499942779541016,-33.22860336303711,20.689178466796875,23.732498168945312,23.709062576293945,3.5049095153808594,16.506210327148438,-4.642063140869141,16.494531631469727,-2.604116439819336,15.889517784118652,-2.6248581409454346,11.52617359161377,-6.17518949508667,13.332657814025879,-9.617671966552734,12.093995094299316,-10.013823509216309,8.907927513122559,-1.6383640766143799,8.578513145446777,2.6391794681549072,7.393970489501953
audio_14.wav,test,45.06,16000,0.0067465235479176044,0.013376342132687569,0.95843505859375,0.9517388218594748,0.47693399574166073,126.35681904967383,21.52702812594359,23.252693793639665,0.06942742525727466,0.06802047645567684,1499.7189792442502,759.1686644298295,1671.4619628277596,468.3590722955645,3136.87677430802,1484.1247908811156,-449.82275390625,72.3309326171875,57.547218322753906,46.281246185302734,15.052383422851562,27.25410270690918,21.54990005493164,28.25235939025879,3.078829526901245,15.703959465026855,0.35107749700546265,16.13472557067871,2.3505918979644775,13.675421714782715,3.7435543537139893,9.89484977722168,1.6442914009094238,9.111852645874023,2.4904141426086426,8.582775115966797,1.842573642730713,7.1850385665893555,-0.3420657813549042,7.497498989105225,4.139944553375244,6.4219651222229
audio_117.wav,test,45.06,16000,0.061084993183612823,0.05180758237838745,0.999267578125,0.25479063165365506,0.6430092264017033,208.85526660911424,56.356571255022935,24.421834508406704,0.1101134864043648,0.07948905350129612,1369.5815240180027,643.6421656869095,1304.5033565118042,428.69938975604373,2648.659288502484,1361.4777333609281,-267.205322265625,122.6854248046875,115.92830657958984,53.711883544921875,-14.19646167755127,35.82773971557617,18.39601707458496,23.358484268188477,-17.11772918701172,20.14945411682129,7.326717376708984,14.803079605102539,-10.678889274597168,12.66854190826416,6.358630657196045,10.253832817077637,-5.797173023223877,10.951366424560547,-2.049077033996582,11.163167953491211,-4.472999572753906,8.323328018188477,-1.6253010034561157,10.287541389465332,-0.7065485715866089,8.208800315856934
audio_212.wav,test,45.06,16000,0.04372602701187134,0.038207560777664185,0.764739990234375,0.29737402413058905,0.7061745919091554,123.47082531403103,22.758096119722566,13.596727471166048,0.12206892632185948,0.08827849583713103,1782.3341420613788,706.0695575227251,1563.606898150118,345.77744846653064,3428.5563786373314,1263.542692905525,-315.7507629394531,134.669189453125,70.5785903930664,47.325828552246094,-16.74900245666504,32.61235046386719,31.641860961914062,37.036903381347656,-24.381364822387695,28.612092971801758,-1.743481159210205,14.639554023742676,-20.837657928466797,18.926034927368164,-3.389163017272949,12.123239517211914,-21.484798431396484,16.128589630126953,-7.456226348876953,17.024877548217773,-9.1898775100708,10.516085624694824,-8.153017044067383,12.446110725402832,-5.998483657836914,11.653218269348145
audio_79.wav,test,60.0106875,16000,0.05927201732993126,0.07252361625432968,0.985504150390625,0.5165245202558635,0.5804904051172708,184.9972113558172,363.54102775210254,26.97053506830656,0.1920142590618337,0.17773764675072923,2247.910615673372,1469.1742670994918,1519.2476413125735,582.69660914069,3833.3430503731342,2054.9307977507506,-306.91571044921875,123.30252075195312,41.71482849121094,65.95805358886719,-2.711134433746338,38.65849685668945,17.50244903564453,31.790361404418945,-19.078798294067383,25.007034301757812,-12.904046058654785,20.704214096069336,-9.177504539489746,15.215521812438965,-23.22780418395996,21.614103317260742,-7.438750267028809,14.263529777526855,-10.671706199645996,11.975133895874023,-9.389242172241211,11.136414527893066,-5.101426124572754,9.118143081665039,-7.12869119644165,9.332345008850098
audio_171.wav,test,45.06,16000,0.03383449837565422,0.021608224138617516,0.4854736328125,0.1660752306600426,0.6011355571327183,200.5789474828077,77.9745867276434,36.91382324593383,0.10526013018985096,0.07330884711259662,1692.5186495782439,751.830220706987,1662.5593755247753,362.6675049956812,3344.2712029808376,1337.3571766572538,-286.4286193847656,78.07483673095703,88.90538024902344,35.467220306396484,-1.9211376905441284,32.97828674316406,42.432167053222656,25.581693649291992,-4.604069232940674,19.883638381958008,-0.5706301331520081,15.775871276855469,-1.2986501455307007,14.261800765991211,-4.874687194824219,13.412384986877441,5.566083908081055,12.043966293334961,-7.632350444793701,12.588655471801758,17.412303924560547,12.517346382141113,11.257580757141113,11.221159934997559,3.0262844562530518,10.191815376281738
audio_60.wav,test,60.0746875,16000,0.06908201426267624,0.05879741162061691,0.915130615234375,0.3450479233226837,0.7092651757188498,243.40231236547504,249.7898208632476,44.924252593316595,0.15854710588059107,0.1302979979692593,1967.6520421278353,1031.7588031251282,1698.2181772219355,408.97651401584255,3671.5005990415334,1681.484376359749,-261.94879150390625,115.58329010009766,59.02454376220703,48.39756774902344,-0.23600049316883087,34.8613395690918,19.224294662475586,27.8690128326416,-10.543427467346191,22.207292556762695,-17.882963180541992,20.693073272705078,-22.90235710144043,17.931800842285156,-9.645492553710938,15.137935638427734,-7.514665126800537,17.4803524017334,-15.79273796081543,13.645645141601562,-12.713350296020508,10.93830394744873,-3.403087854385376,12.158196449279785,-1.813564419746399,12.45973014831543
audio_153.wav,test,45.06,16000,0.03128247708082199,0.02042914181947708,0.915374755859375,0.12916962384669978,0.7650816181689141,127.08879665595002,16.19526809035403,14.775137701531946,0.09715930513662172,0.06556211266679778,1117.8585848974012,427.25513675629605,897.5624217694692,229.72958791663103,2096.7829577714692,749.7935651719508,-347.5741271972656,83.07177734375,153.64608764648438,44.2802848815918,-56.94620895385742,43.49565505981445,35.78623962402344,35.45158767700195,-9.995882034301758,18.616661071777344,-30.955039978027344,17.486122131347656,11.352566719055176,14.453676223754883,-25.029096603393555,12.683589935302734,-8.781877517700195,12.888782501220703,0.6163744926452637,8.051105499267578,-18.69772720336914,9.934369087219238,-1.8050564527511597,10.300384521484375,-7.191579341888428,8.84107494354248
audio_176.wav,test,44.92,16000,0.057746920734643936,0.0624341256916523,0.968536376953125,0.443019943019943,0.5698005698005698,229.0776735576574,159.6658415776901,35.75669008115187,0.11683241797987892,0.08565297535251135,1354.5139280460469,742.7702947298626,1126.7164930125602,430.38908993841653,2400.2793358262106,1275.3400959038008,-338.2663269042969,131.3105010986328,91.29576110839844,65.7258529663086,-26.465152740478516,44.82174301147461,7.353347301483154,32.433509826660156,-14.930060386657715,31.30802345275879,-10.753206253051758,20.981128692626953,-14.749192237854004,20.899572372436523,-5.953646659851074,17.599523544311523,-7.091543674468994,17.861003875732422,-5.770115852355957,13.2555513381958,-8.008021354675293,12.148477554321289,-7.360830783843994,12.257108688354492,-2.778304100036621,10.473921775817871
audio_2.wav,test,45.06,16000,0.03413494676351547,0.02434898540377617,0.577880859375,0.24414478353442157,0.7984386089425124,235.7901617579845,46.14621830282172,34.57471781705112,0.11675639859829666,0.09038505449578067,1728.5945619314405,867.311893590899,1699.2316898311744,470.7386196505332,3373.8744233498937,1750.0716559353923,-314.0770568847656,65.53610229492188,87.05433654785156,37.75217056274414,6.34635066986084,33.39669418334961,12.548521995544434,25.052906036376953,-18.162973403930664,22.61142921447754,-8.464386940002441,16.237197875976562,-13.935323715209961,13.960525512695312,-0.48852548003196716,11.76638126373291,-1.1005240678787231,10.369050025939941,-2.2246084213256836,8.606590270996094,-5.3812785148620605,8.137574195861816,-4.2505292892456055,7.9316630363464355,-1.4541844129562378,7.360840797424316
audio_50.wav,test,32.96,16000,0.05236774682998657,0.052231770008802414,0.99298095703125,0.3414161008729389,0.7565470417070805,222.55627686642293,121.72246408229539,36.034237394720094,0.16354011957444228,0.11515286994836861,1873.3308933908834,1002.9295137622858,1443.3641802988952,533.5166854013538,3325.2682468477205,1643.1721822088377,-329.73919677734375,118.31683349609375,64.1299819946289,60.226844787597656,-20.23553466796875,52.768409729003906,23.932077407836914,37.39297866821289,9.48635482788086,22.755889892578125,-15.211548805236816,25.53373908996582,-7.5623250007629395,18.657915115356445,3.5214219093322754,15.494817733764648,-17.93461036682129,17.417631149291992,-14.296875953674316,12.931585311889648,-7.430637836456299,11.513113021850586,-15.114073753356934,13.365235328674316,-10.695615768432617,11.3545560836792
audio_29.wav,test,30.016,16000,0.04538331925868988,0.05689112842082977,0.749237060546875,0.5303514376996805,0.7476038338658147,159.19961611844158,127.7061698362633,69.73069985652099,0.1454318923056443,0.13263212947781608,1897.6343064201792,1068.4031084143412,1697.7288686189454,399.68394815460675,3483.717718317359,1653.2657288524658,-365.9326477050781,140.17515563964844,44.39263916015625,51.31659698486328,1.856354832649231,30.71806526184082,13.403938293457031,23.287677764892578,1.8416858911514282,16.201427459716797,-14.852615356445312,26.563207626342773,-12.424302101135254,19.922866821289062,-6.008242607116699,14.648844718933105,-7.420141696929932,14.893272399902344,-0.9265177249908447,11.788365364074707,-0.859624445438385,9.481827735900879,-3.858757734298706,11.00590991973877,-2.1088802814483643,10.37477970123291
audio_142.wav,test,45.06,16000,0.006110683549195528,0.004138653166592121,0.087005615234375,0.18949609652235627,0.7239176721078779,157.8268731845343,27.301605747822286,29.468245531483603,0.07650213194198013,0.08763590415937425,1523.208935259037,935.448192429481,1631.1761282775378,458.9365794001401,3166.030872959546,1567.1322497678345,-508.6070861816406,91.69664764404297,87.0309066772461,46.55558395385742,8.15755558013916,34.75263214111328,45.736915588378906,31.45918846130371,-3.6925904750823975,21.953369140625,0.08647195994853973,16.832210540771484,1.0276143550872803,14.138514518737793,-3.0729434490203857,16.754716873168945,2.2752416133880615,10.740883827209473,-0.426047146320343,12.845772743225098,-5.807613849639893,10.455412864685059,5.47393798828125,9.482501983642578,-3.5417308807373047,11.306868553161621
audio_47.wav,test,57.2586875,16000,0.030995618551969528,0.05344633758068085,0.9483642578125,0.6837988826815642,0.4206703910614525,186.06888929891866,288.54719243216823,45.124480825359285,0.08143085501047485,0.06979322205390003,1441.407592062763,910.1781999993118,1082.3217252086793,580.6720291508367,2367.2093226256984,1609.8400194347962,-443.01531982421875,97.13992309570312,50.91944885253906,62.58541488647461,-2.0726540088653564,23.569555282592773,6.959954738616943,23.34825897216797,-5.758951187133789,14.95295524597168,-14.259359359741211,19.57490348815918,-2.732560157775879,10.84445571899414,-6.934864044189453,11.927410125732422,-5.968219757080078,12.632118225097656,-4.472762584686279,9.6412992477417,-11.03398609161377,13.808034896850586,-6.085352420806885,9.457276344299316,-3.753225326538086,7.284115791320801
audio_84.wav,test,60.0746875,16000,0.02920016646385193,0.0358528234064579,0.781829833984375,0.5239616613418531,0.4882854100106496,103.22817963382575,30.14435011795313,13.27927943777415,0.19165715064230565,0.1328250105759061,2158.187565292176,1346.9181692607742,1533.506477781679,631.0328908771482,3784.328407880724,2174.625497564829,-456.58544921875,146.89599609375,69.53683471679688,87.90526580810547,5.458230495452881,33.912235260009766,19.751779556274414,38.467628479003906,-2.5336883068084717,20.78266716003418,-1.7518538236618042,20.55937957763672,-9.052541732788086,18.84903335571289,-5.886442184448242,15.026765823364258,-5.507174015045166,13.4908447265625,-11.120861053466797,14.230154991149902,-9.767023086547852,12.486961364746094,-2.891591787338257,8.612800598144531,-5.463048934936523,9.79786205291748
audio_164.wav,test,44.22,16000,0.009186562150716782,0.010198412463068962,0.228057861328125,0.5021707670043415,0.46960926193921854,194.86885420251932,71.50183884433076,42.51478623809618,0.19478782731096236,0.11468852605178921,2168.9961687682057,940.9867459428692,1715.1017680864604,410.82361526960705,4014.3813314037625,1509.012063124912,-462.5872802734375,114.35261535644531,70.04981231689453,48.257347106933594,-8.903209686279297,35.36287307739258,14.936602592468262,30.053359985351562,-20.098745346069336,23.55323028564453,-0.44812312722206116,17.345996856689453,-14.271032333374023,17.75153350830078,-3.979987859725952,15.511153221130371,-8.564140319824219,13.353890419006348,-2.5218756198883057,12.65039348602295,-6.796848773956299,11.769180297851562,0.8880571722984314,10.08305835723877,-3.9425241947174072,7.943832874298096
audio_48.wav,test,28.2666875,16000,0.050310634076595306,0.04635810852050781,0.769561767578125,0.33144796380090497,0.7092760180995475,219.99999999999997,213.8858854570614,44.03208803915544,0.15996292597567874,0.10798931811442207,1912.7779868737366,972.5988911865583,1545.5645460310614,536.9128709068581,3406.2765130090497,1704.4660341429376,-335.20489501953125,135.96826171875,75.27546691894531,61.04091262817383,-16.08708381652832,51.98528289794922,18.784313201904297,36.93061828613281,4.8045477867126465,28.098312377929688,-8.811657905578613,28.659177780151367,-5.319869518280029,16.546552658081055,2.6555063724517822,17.32918357849121,-16.87928009033203,17.147451400756836,-14.646221160888672,12.106962203979492,-8.412212371826172,12.810450553894043,-16.3392391204834,13.255398750305176,-12.074463844299316,10.58454418182373
audio_189.wav,test,45.06,16000,0.039594996720552444,0.04218076914548874,0.866943359375,0.44286728176011353,0.6330731014904187,136.9994584594705,22.14113083333433,18.266886616966787,0.11745052730216465,0.1274352327892823,1450.3318268820622,969.8287793498631,1360.3399275928853,405.5833810211729,2714.6136444286726,1440.161665172542,-367.57525634765625,141.86111450195312,88.13216400146484,59.850711822509766,4.3810577392578125,29.799762725830078,24.815677642822266,32.7807731628418,-6.049834728240967,20.642444610595703,6.009970188140869,18.611412048339844,-9.957311630249023,18.593420028686523,1.459104299545288,14.250019073486328,-10.01633071899414,14.334837913513184,1.7745308876037598,11.13275146484375,-7.786482810974121,10.731402397155762,-0.3793759047985077,7.885601997375488,-3.784271240234375,8.788582801818848
audio_151.wav,test,43.14,16000,0.05214354768395424,0.05524848401546478,1.0,0.3988139362490734,0.41363973313565605,118.57804013471404,17.55440492827098,15.62905732418487,0.20302871919014084,0.1313478490357144,2361.5762802262943,1084.8003929996257,1703.7206204271386,389.8420574785293,4201.190696812454,1516.7393506884412,-260.6180114746094,128.10128784179688,59.1422119140625,60.34209060668945,-26.426368713378906,38.676273345947266,20.341747283935547,27.262744903564453,-11.663595199584961,25.651790618896484,-13.474237442016602,16.4206485748291,-4.812751770019531,13.849325180053711,-13.03245735168457,14.673672676086426,-4.08588981628418,10.248350143432617,-8.9913330078125,12.289152145385742,-7.158755302429199,9.298672676086426,-6.231611251831055,8.145072937011719,-7.595776081085205,9.297513961791992
audio_66.wav,test,60.0746875,16000,0.03137190639972687,0.05213826149702072,0.938751220703125,0.6916932907348243,0.48136315228966986,122.40616380839376,53.965043848638544,57.6289590815376,0.15085862619808307,0.07000788199764091,1652.8347824662617,567.129001724448,1421.5703961215333,322.0773723424116,3048.963325346113,1002.018846756558,-340.82147216796875,80.3393783569336,87.85408020019531,38.2753791809082,-27.584362030029297,18.94900894165039,20.22564697265625,28.317981719970703,9.789280891418457,11.131377220153809,-6.006240367889404,17.781370162963867,-1.8129128217697144,15.291213035583496,-4.8544230461120605,12.740467071533203,-6.230353832244873,12.43972396850586,-9.591330528259277,12.367947578430176,-7.490045070648193,8.677011489868164,-0.0942804366350174,9.221122741699219,1.480481505393982,8.272652626037598
audio_44.wav,test,57.0666875,16000,0.036877669394016266,0.05785400792956352,0.946380615234375,0.6429372197309418,0.5100896860986547,207.65234878997256,40.642034339707536,42.418111716311245,0.05290242695487668,0.051875368402956874,1050.872299971106,936.5498588858957,861.8480473879689,641.3520703062416,1791.9133618273543,1700.7484014622557,-431.3310241699219,98.06436157226562,54.032623291015625,60.53305435180664,-1.259704351425171,26.505170822143555,9.3164644241333,21.911855697631836,-4.6818037033081055,11.923013687133789,-15.443492889404297,19.90462303161621,-6.07392692565918,11.310598373413086,-13.49960708618164,16.071332931518555,-10.161377906799316,13.826313018798828,-2.6852874755859375,9.380316734313965,-8.33407211303711,10.648882865905762,-5.240457534790039,7.9098639488220215,-4.155501365661621,7.153022289276123
audio_150.wav,test,45.0,16000,0.005880263634026051,0.0038853175938129425,0.09423828125,0.208955223880597,0.814498933901919,137.39627335406226,20.924278511494563,31.196686764427398,0.1748150986140725,0.10758674677855166,2170.3471656037127,741.2315931785205,1635.9693180535594,266.56935544652885,3958.982986851457,772.1199344403416,-433.0699157714844,69.39828491210938,63.788856506347656,41.53323745727539,-13.087000846862793,26.69418716430664,42.50225067138672,28.692190170288086,-28.6250057220459,19.042247772216797,13.750408172607422,14.2338285446167,-8.701144218444824,15.056719779968262,-5.91434383392334,14.067829132080078,-0.8221989274024963,11.615102767944336,-2.6703569889068604,9.456717491149902,-5.320284843444824,9.072998046875,-1.4607927799224854,9.41403579711914,-5.368896961212158,8.763343811035156
audio_87.wav,test,60.0746875,16000,0.03237438201904297,0.039270054548978806,0.83795166015625,0.5063897763578274,0.5942492012779552,98.56656061031477,16.06660024352168,17.300373663111912,0.1413114017571885,0.1281777014909649,1864.0846525363086,1034.7178761347534,1708.4068453955772,478.7016770420536,3595.5388045793397,1777.3114391705255,-346.7264099121094,146.38267517089844,63.25123596191406,65.65034484863281,6.215587139129639,28.096364974975586,15.568658828735352,25.92911720275879,-10.717544555664062,22.166149139404297,-7.679901599884033,15.006509780883789,-7.1638383865356445,13.403372764587402,-8.729466438293457,13.125044822692871,2.1330904960632324,10.661163330078125,-0.4566488564014435,10.81261157989502,3.6842546463012695,9.962242126464844,1.259160041809082,8.764083862304688,-4.976445198059082,9.63494873046875
audio_99.wav,test,45.06,16000,0.014671331271529198,0.012748311273753643,0.26483154296875,0.3371185237757275,0.6884315117104329,184.9972113558172,211.88319360796834,19.35468398093181,0.1686164417361604,0.10758386310742812,2173.7793197596875,773.9789432250227,1804.1322764257282,296.0771173326449,4263.928317955997,995.5380211789636,-393.9737548828125,85.62252807617188,61.468685150146484,35.25236892700195,0.7129707932472229,29.71999740600586,44.83839416503906,25.06779670715332,-25.65418243408203,26.567262649536133,21.025697708129883,15.570947647094727,-16.11554718017578,17.25937271118164,4.913545608520508,11.931321144104004,0.3441707193851471,10.930261611938477,-5.423760414123535,12.202001571655273,5.0542216300964355,9.422521591186523,-1.321007490158081,9.324214935302734,1.4870755672454834,7.94198751449585
audio_62.wav,test,61.0346875,16000,0.051232095807790756,0.0534670390188694,0.91961669921875,0.3805031446540881,0.6939203354297694,225.1422562392905,32.25358669939328,21.12451020288563,0.10414056358097484,0.06574179867892531,1439.8955452766488,575.1015620283877,1338.7239039394974,385.4763774724442,2795.1061320754716,1081.1692840551982,-319.57769775390625,134.99740600585938,81.18797302246094,53.1162223815918,-15.609567642211914,31.091461181640625,32.64115905761719,30.283157348632812,-18.821758270263672,22.54884910583496,-5.1744794845581055,15.310193061828613,-5.176466941833496,12.74907398223877,-10.026464462280273,14.164833068847656,-4.2325239181518555,13.278070449829102,-6.7554779052734375,9.020845413208008,-6.06315803527832,8.498307228088379,-5.289130210876465,9.448122024536133,-1.5576269626617432,7.992008686065674
audio_20.wav,test,45.06,16000,0.11814865469932556,0.10363874584436417,1.0,0.3271823988644429,0.7175301632363378,229.0776735576574,22.348759095741038,14.599803403005183,0.12346827315471966,0.09546807060042467,1438.368748988078,851.0177432837801,1497.4077815514079,497.31630786515376,2784.0888928317954,1783.16996436899,-253.89939880371094,115.46826934814453,89.83903503417969,44.1065673828125,6.266724109649658,30.102083206176758,11.227985382080078,27.440086364746094,-17.655683517456055,19.94793701171875,-11.310464859008789,15.501511573791504,-22.323503494262695,14.579024314880371,-8.521368980407715,10.923206329345703,-19.652767181396484,13.176630973815918,-11.855611801147461,9.826131820678711,-11.5687255859375,9.029725074768066,-9.286932945251465,9.718955993652344,-6.29083251953125,8.183650016784668
audio_124.wav,test,45.06,16000,0.005734918173402548,0.0046371230855584145,0.15777587890625,0.25479063165365506,0.6323633782824698,102.04250286354403,9.476085817874992,8.25413718629568,0.16372981724627395,0.1051096961963648,1853.9225499611837,813.4750148569525,1471.017089914562,344.7791489990566,3291.28038502484,1247.7085996384792,-448.67041015625,84.73580169677734,89.33175659179688,54.70732116699219,-28.054656982421875,28.564809799194336,27.61688232421875,29.474010467529297,-10.999815940856934,15.912630081176758,2.9724361896514893,16.292104721069336,-9.446532249450684,14.377547264099121,-1.20236074924469,10.774775505065918,3.029866933822632,9.612285614013672,-4.392446994781494,8.597248077392578,-9.324728965759277,7.871673583984375,-3.1535372734069824,8.77736759185791,-12.700211524963379,9.62411117553711
audio_54.wav,test,60.0746875,16000,0.058869414031505585,0.04368089511990547,1.0,0.2380191693290735,0.7396166134185304,120.65074776640884,10.801351882151032,11.817982270845135,0.1352068461295261,0.10513736745049142,1595.2323885262838,850.5086347364148,1320.3477932614605,394.6932212102181,2891.249001597444,1384.1636555516504,-287.85052490234375,118.03240203857422,95.29918670654297,63.7491455078125,-20.817270278930664,41.600067138671875,38.00868606567383,36.5260124206543,-16.267507553100586,26.994897842407227,-12.149886131286621,19.571931838989258,-7.013176918029785,18.214170455932617,-17.343299865722656,17.842723846435547,-10.399070739746094,13.65555191040039,-11.892648696899414,15.15589427947998,-8.975112915039062,11.95726203918457,-14.200368881225586,12.127339363098145,-5.376541614532471,12.404304504394531
audio_45.wav,test,60.5013125,16000,0.043383024632930756,0.03595810756087303,0.927398681640625,0.25013220518244317,0.4383923849814913,163.86452094349724,458.0012281668036,36.01187418879843,0.2086515381246695,0.1450772279785778,2297.2642733512357,1158.7659552259142,1598.3650127338472,408.35934264194964,3952.1789066631413,1603.7602763080133,-279.4384460449219,116.52119445800781,48.560791015625,62.1207389831543,-23.294532775878906,45.39081573486328,13.372857093811035,32.21666717529297,-13.079167366027832,21.773273468017578,-9.726375579833984,18.77877426147461,-30.150829315185547,18.807544708251953,-13.028894424438477,15.8483247756958,-4.6434526443481445,16.361068725585938,-20.996509552001953,13.995030403137207,-31.242273330688477,15.7327241897583,3.194892644882202,13.140048027038574,0.09968943893909454,10.915313720703125
audio_71.wav,test,49.92,16000,0.0452929325401783,0.03716772049665451,0.7440185546875,0.26905829596412556,0.4368994234465087,151.1349012203898,90.02411354804342,21.82838274432919,0.11958136060618194,0.09339487513982359,1422.0599067456913,992.7806703508471,1189.5201480691355,583.0990193849361,2548.97701793722,1818.957390412415,-367.640625,118.87188720703125,118.60708618164062,75.73478698730469,14.205975532531738,42.16410446166992,9.9314603805542,44.0521125793457,-41.755210876464844,33.471858978271484,-19.571746826171875,26.805419921875,-0.08440149575471878,20.2867488861084,-24.798572540283203,19.412137985229492,-15.20495891571045,16.85045051574707,-7.528922080993652,13.218316078186035,-11.107890129089355,13.95956802368164,-3.1204519271850586,12.667086601257324,-8.367233276367188,12.8648681640625
audio_184.wav,test,45.06,16000,0.011180151253938675,0.006772714201360941,0.14947509765625,0.149041873669269,0.8268275372604684,129.31026969119696,14.737068326159891,12.813373930796061,0.09220475791784954,0.07519676819782642,1346.6754476244148,664.9380116775665,1413.743796172029,346.1209431618973,2648.2378903477643,1228.0833173074504,-413.1589660644531,67.29934692382812,114.84940338134766,42.165740966796875,-11.845868110656738,25.02437400817871,33.21482849121094,24.513912200927734,1.516553521156311,16.58746337890625,5.024306774139404,18.37522315979004,-16.29298210144043,14.667262077331543,4.072303771972656,11.680060386657715,-9.071189880371094,10.666550636291504,2.8262767791748047,10.583601951599121,-4.8083648681640625,9.285706520080566,2.2249033451080322,8.762311935424805,-10.868061065673828,9.269886016845703
audio_24.wav,test,45.06,16000,0.0016527959378436208,0.001184870838187635,0.042327880859375,0.29879347054648686,0.5791341376863024,144.30989148811935,25.262013438691717,18.911066982333153,0.12862450929293825,0.07363989487585132,2102.2672737372914,764.294717089416,2167.5523411733247,314.1860789373278,4633.910353087296,1482.3060833429422,-547.798583984375,41.025428771972656,64.60049438476562,30.916385650634766,23.491369247436523,15.974900245666504,23.596403121948242,15.740256309509277,12.845513343811035,12.657974243164062,5.589151382446289,12.760379791259766,-0.16858546435832977,11.213650703430176,5.6630940437316895,7.377114295959473,1.9518965482711792,7.786746025085449,2.446695566177368,7.688488006591797,0.5588210821151733,5.670551776885986,3.656935930252075,5.5227580070495605,0.16497460007667542,5.707439422607422
audio_140.wav,test,45.06,16000,0.013608288019895554,0.010405524633824825,0.2886962890625,0.2618878637331441,0.5855216465578424,91.43616857570666,10.078760574681924,9.621604602028171,0.09338543514904188,0.05274980126976719,1078.6474059100335,419.72735056345186,958.4239786410287,285.00641371566184,2045.4943665720368,781.9692893001497,-428.56134033203125,102.8967056274414,152.98873901367188,51.765708923339844,-35.85556411743164,46.15229797363281,40.38721466064453,34.617916107177734,-5.089512348175049,19.752328872680664,-24.541702270507812,20.653112411499023,9.16816520690918,14.005332946777344,-23.434473037719727,14.587711334228516,-3.7650678157806396,10.752488136291504,2.5101356506347656,9.825417518615723,-16.54469108581543,9.657334327697754,3.35727596282959,9.59463119506836,-2.0998785495758057,7.866545677185059
audio_165.wav,test,41.22,16000,0.007660302799195051,0.006082398351281881,0.134429931640625,0.2629945694336695,0.612878200155159,115.20235351026894,14.874618965620527,12.192686880819565,0.20996396794996122,0.1400481734912504,2340.3100236594123,1044.443024525234,1670.06669986717,342.78121563319854,4133.0367532971295,1356.5804201577089,-435.68511962890625,116.84774017333984,59.88766860961914,51.57492446899414,-15.58425235748291,42.58987045288086,28.298824310302734,35.437522888183594,-17.549510955810547,24.181148529052734,-5.987542152404785,16.60452651977539,-13.449570655822754,18.078983306884766,-2.9468235969543457,15.130742073059082,-13.891961097717285,15.08938980102539,-4.617834568023682,13.095613479614258,0.13685274124145508,13.79700756072998,-2.4904937744140625,13.140159606933594,-8.251192092895508,11.03101634979248
audio_170.wav,test,45.06,16000,0.01395444106310606,0.009303314611315727,0.17218017578125,0.0099361249112846,0.6657203690560681,148.11073469216495,59.00662638794189,115.3654778837242,0.10127590766944641,0.09563314126403931,1741.6531655982317,853.0194116549025,1725.8063874952793,355.26177698313217,3419.3133427963094,1354.6162302437779,-359.5029602050781,71.91143798828125,84.32164001464844,37.49288558959961,0.2377740889787674,28.365068435668945,34.41366958618164,21.196819305419922,4.803632736206055,15.646334648132324,2.0106050968170166,20.03203582763672,-4.0147833824157715,14.46611499786377,1.7851152420043945,12.240629196166992,3.2690367698669434,11.177939414978027,-0.3698909282684326,9.071792602539062,7.425535678863525,8.181607246398926,12.564657211303711,8.00146484375,1.766892671585083,7.157395839691162
